54844

1 0.843575
2 0.750159
3 0.882796
4 0.719759
5 0.655107
6 0.896517
7 0.834813
8 0.821684
9 0.825398
10 0.75623
11 0.882448
12 0.870896
13 0.809116
14 0.926898
15 0.851912
16 0.840861
17 0.923579
18 0.925628
19 0.740654
20 0.923212
21 0.896579
22 0.796172
23 0.719353
24 0.857427
25 0.912205
26 0.886367
27 0.682572
28 0.809388
29 0.724533
30 0.765064
31 0.704463
32 0.708967
33 0.881586
34 0.681424
35 0.839474
36 0.761906
37 0.823038
38 0.823155
39 0.697434
40 0.832076
41 0.759635
42 0.972357
43 0.876236
44 0.710835
45 0.874422
46 0.775479
47 0.786766
48 0.799976
49 0.736913
50 0.872589
51 0.774262
52 0.823233
53 0.797208
54 0.701704
55 0.812225
56 0.90497
57 0.73211
58 0.957953
59 0.630736
60 0.844859
61 0.811021
62 0.858422
63 0.803402
64 0.970154
65 0.736566
66 0.844972
67 0.921713
68 0.787384
69 0.884685
70 0.852883
71 0.746947
72 0.763896
73 0.807844
74 0.906716
75 0.734971
76 0.826357
77 0.937913
78 0.887901
79 0.662325
80 0.945744
81 0.916254
82 0.799447
83 0.906613
84 0.656196
85 0.837176
86 0.853813
87 0.735503
88 0.844157
89 0.822825
90 0.800103
91 0.777822
92 0.726529
93 0.850274
94 0.728694
95 0.890054
96 0.693754
97 0.844526
98 0.637972
99 0.70839
100 0.791507
101 0.906459
102 0.892053
103 0.820343
104 0.809952
105 0.720401
106 0.766789
107 0.765044
108 0.77482
109 0.842141
110 0.728586
111 0.914766
112 0.787967
113 0.729217
114 0.899234
115 0.677988
116 0.710157
117 0.764054
118 0.798589
119 0.855059
120 0.535169
121 0.790163
122 0.791179
123 0.541962
124 0.768574
125 0.940996
126 0.804952
127 0.572222
128 0.61376
129 0.812468
130 0.90376
131 0.827313
132 0.696224
133 0.76101
134 0.930304
135 0.795475
136 0.804434
137 0.862812
138 0.82835
139 0.901012
140 0.73659
141 0.685053
142 0.957654
143 0.832246
144 0.817585
145 0.816695
146 0.784825
147 0.944276
148 0.865549
149 0.844954
150 0.819479
151 0.868607
152 0.859423
153 0.778843
154 0.762662
155 0.829713
156 0.59112
157 0.824867
158 0.687923
159 0.763015
160 0.915856
161 0.854617
162 0.853004
163 0.895872
164 0.935514
165 0.798439
166 0.761044
167 0.754462
168 0.728694
169 0.858996
170 0.674916
171 0.743973
172 0.880108
173 0.831333
174 0.971598
175 0.918882
176 0.945027
177 0.883886
178 0.754253
179 0.853681
180 0.784711
181 0.697746
182 0.780372
183 0.930871
184 0.71144
185 0.814861
186 0.962435
187 0.759853
188 0.803258
189 0.811051
190 0.801076
191 0.653868
192 0.843557
193 0.779959
194 0.785421
195 0.739179
196 0.793895
197 0.737581
198 0.830729
199 0.907407
200 0.909246
201 0.862335
202 0.769351
203 0.6915
204 0.661086
205 0.769677
206 0.916641
207 0.721532
208 0.778937
209 0.766075
210 0.966145
211 0.682965
212 0.569137
213 0.902155
214 0.86028
215 0.615302
216 0.630718
217 0.849895
218 0.834419
219 0.773449
220 0.864004
221 0.902595
222 0.876252
223 0.949775
224 0.825714
225 0.580272
226 0.798482
227 0.908442
228 0.798294
229 0.905333
230 0.763852
231 0.824072
232 0.808421
233 0.832578
234 0.895363
235 0.790851
236 0.831893
237 0.85078
238 0.674071
239 0.827419
240 0.831346
241 0.665302
242 0.862527
243 0.849885
244 0.748635
245 0.868925
246 0.727221
247 0.881986
248 0.753417
249 0.747888
250 0.91292
251 0.922154
252 0.925181
253 0.908673
254 0.738663
255 0.724157
256 0.781292
257 0.957068
258 0.718134
259 0.619584
260 0.828497
261 0.845107
262 0.871204
263 0.604166
264 0.708597
265 0.817169
266 0.785588
267 0.918765
268 0.807972
269 0.758595
270 0.877047
271 0.679236
272 0.884547
273 0.877439
274 0.718177
275 0.963674
276 0.691672
277 0.793612
278 0.789876
279 0.856515
280 0.781748
281 0.70577
282 0.883096
283 0.59465
284 0.960434
285 0.720765
286 0.662506
287 0.908558
288 0.728599
289 0.742842
290 0.777464
291 0.780306
292 0.642061
293 0.764854
294 0.76026
295 0.678957
296 0.746751
297 0.685903
298 0.830711
299 0.625592
300 0.898546
301 0.637925
302 0.892207
303 0.64098
304 0.663246
305 0.610165
306 0.586279
307 0.707876
308 0.779278
309 0.920147
310 0.922577
311 0.865391
312 0.696987
313 0.918864
314 0.697295
315 0.795894
316 0.797048
317 0.763358
318 0.840337
319 0.742935
320 0.840974
321 0.842262
322 0.752937
323 0.672779
324 0.691815
325 0.738068
326 0.762695
327 0.809218
328 0.683992
329 0.902596
330 0.873826
331 0.826195
332 0.917548
333 0.738641
334 0.712604
335 0.905012
336 0.816788
337 0.777772
338 0.602949
339 0.918431
340 0.945
341 0.76657
342 0.947816
343 0.812505
344 0.795376
345 0.734514
346 0.886685
347 0.776614
348 0.86706
349 0.736767
350 0.817714
351 0.722463
352 0.894464
353 0.761708
354 0.68899
355 0.827557
356 0.918404
357 0.83059
358 0.927836
359 0.753407
360 0.639614
361 0.798505
362 0.835587
363 0.814931
364 0.839303
365 0.879296
366 0.855094
367 0.862667
368 0.976211
369 0.934938
370 0.793897
371 0.793181
372 0.691228
373 0.801773
374 0.939964
375 0.7615
376 0.685527
377 0.886253
378 0.719996
379 0.878875
380 0.89013
381 0.763192
382 0.686918
383 0.801763
384 0.774211
385 0.711616
386 0.627004
387 0.766059
388 0.818723
389 0.756033
390 0.766376
391 0.97354
392 0.682055
393 0.933331
394 0.827455
395 0.783655
396 0.914053
397 0.757519
398 0.692368
399 0.800586
400 0.688261
401 0.643409
402 0.64312
403 0.795234
404 0.84405
405 0.948463
406 0.890119
407 0.78014
408 0.813639
409 0.791096
410 0.754834
411 0.610029
412 0.946909
413 0.811357
414 0.871229
415 0.961224
416 0.956773
417 0.873838
418 0.785891
419 0.801918
420 0.763404
421 0.686983
422 0.734013
423 0.837242
424 0.6618
425 0.692485
426 0.980072
427 0.667986
428 0.749989
429 0.715519
430 0.87058
431 0.802075
432 0.804086
433 0.764285
434 0.807333
435 0.892868
436 0.81705
437 0.743592
438 0.92478
439 0.798685
440 0.666557
441 0.88749
442 0.745835
443 0.879689
444 0.897434
445 0.870193
446 0.879106
447 0.804951
448 0.805621
449 0.740599
450 0.720494
451 0.8695
452 0.581783
453 0.908985
454 0.70823
455 0.652002
456 0.882106
457 0.762492
458 0.817288
459 0.863632
460 0.923595
461 0.755505
462 0.622738
463 0.90593
464 0.761864
465 0.877216
466 0.826048
467 0.76228
468 0.831428
469 0.794472
470 0.887705
471 0.656571
472 0.813249
473 0.631029
474 0.900987
475 0.607865
476 0.818658
477 0.712647
478 0.675771
479 0.670534
480 0.788225
481 0.646452
482 0.863367
483 0.773894
484 0.842377
485 0.622781
486 0.848394
487 0.834316
488 0.828508
489 0.791341
490 0.816801
491 0.881404
492 0.849687
493 0.62401
494 0.785529
495 0.871665
496 0.777591
497 0.886716
498 0.68953
499 0.66348
500 0.907031
501 0.85698
502 0.81471
503 0.775605
504 0.729962
505 0.71738
506 0.794518
507 0.844459
508 0.853987
509 0.900876
510 0.736954
511 0.741527
512 0.758164
513 0.723377
514 0.839989
515 0.862375
516 0.788132
517 0.671864
518 0.791172
519 0.928458
520 0.659881
521 0.740209
522 0.78422
523 0.946549
524 0.678882
525 0.743701
526 0.942957
527 0.909814
528 0.947408
529 0.762617
530 0.79221
531 0.762345
532 0.748135
533 0.835881
534 0.800962
535 0.835381
536 0.823453
537 0.827289
538 0.664994
539 0.762229
540 0.773951
541 0.886761
542 0.824429
543 0.919985
544 0.676173
545 0.851441
546 0.906105
547 0.874362
548 0.945163
549 0.868318
550 0.981567
551 0.850474
552 0.792863
553 0.674359
554 0.754827
555 0.573906
556 0.927999
557 0.78664
558 0.796371
559 0.968988
560 0.880997
561 0.831805
562 0.79132
563 0.826908
564 0.846702
565 0.718934
566 0.87153
567 0.758389
568 0.931362
569 0.785536
570 0.931247
571 0.816039
572 0.84768
573 0.878529
574 0.756133
575 0.95234
576 0.829132
577 0.785633
578 0.864122
579 0.713062
580 0.786187
581 0.87574
582 0.629084
583 0.755229
584 0.753688
585 0.611736
586 0.840933
587 0.69131
588 0.882576
589 0.748477
590 0.730992
591 0.92529
592 0.799504
593 0.810064
594 0.758442
595 0.778147
596 0.796641
597 0.763081
598 0.749108
599 0.755565
600 0.671737
601 0.821357
602 0.60634
603 0.706285
604 0.86146
605 0.863982
606 0.782139
607 0.94399
608 0.849759
609 0.924333
610 0.795232
611 0.886692
612 0.696621
613 0.656629
614 0.748731
615 0.739419
616 0.776158
617 0.836091
618 0.739663
619 0.894318
620 0.653599
621 0.716438
622 0.832271
623 0.798626
624 0.853751
625 0.766699
626 0.866238
627 0.663951
628 0.936536
629 0.753955
630 0.851159
631 0.853839
632 0.753195
633 0.791622
634 0.633194
635 0.807848
636 0.808909
637 0.583634
638 0.864948
639 0.829356
640 0.825859
641 0.76792
642 0.639383
643 0.681472
644 0.841239
645 0.837667
646 0.768928
647 0.921535
648 0.68994
649 0.800537
650 0.754768
651 0.854258
652 0.826927
653 0.919422
654 0.821725
655 0.808956
656 0.950802
657 0.915581
658 0.700278
659 0.83969
660 0.810116
661 0.885691
662 0.791898
663 0.831114
664 0.841166
665 0.825246
666 0.784356
667 0.633971
668 0.730998
669 0.738959
670 0.711389
671 0.787936
672 0.919528
673 0.748842
674 0.773875
675 0.758944
676 0.802735
677 0.854704
678 0.718821
679 0.936265
680 0.813107
681 0.833235
682 0.862048
683 0.627014
684 0.812624
685 0.83668
686 0.9064
687 0.832362
688 0.688046
689 0.60873
690 0.878468
691 0.698816
692 0.751974
693 0.991787
694 0.809327
695 0.694839
696 0.781575
697 0.408278
698 0.833438
699 0.776271
700 0.758902
701 0.803196
702 0.782587
703 0.824161
704 0.919609
705 0.927413
706 0.90421
707 0.795489
708 0.95625
709 0.844643
710 0.653158
711 0.607203
712 0.905209
713 0.967211
714 0.765722
715 0.891525
716 0.753748
717 0.861222
718 0.692146
719 0.76071
720 0.655651
721 0.745257
722 0.851194
723 0.913208
724 0.799023
725 0.747142
726 0.759629
727 0.861395
728 0.776383
729 0.748931
730 0.925844
731 0.680407
732 0.766425
733 0.882024
734 0.851795
735 0.812765
736 0.773319
737 0.590803
738 0.77866
739 0.700444
740 0.613956
741 0.750434
742 0.686326
743 0.881634
744 0.789417
745 0.796183
746 0.758286
747 0.680293
748 0.872085
749 0.713901
750 0.801695
751 0.735687
752 0.853016
753 0.88703
754 0.907193
755 0.911637
756 0.748466
757 0.698765
758 0.609533
759 0.879222
760 0.886833
761 0.770356
762 0.799369
763 0.794462
764 0.689447
765 0.885021
766 0.970175
767 0.888294
768 0.690026
769 0.769499
770 0.950204
771 0.965432
772 0.913063
773 0.710565
774 0.862318
775 0.702459
776 0.746179
777 0.885604
778 0.787273
779 0.737923
780 0.72743
781 0.774585
782 0.836019
783 0.945966
784 0.795819
785 0.657235
786 0.817063
787 0.795588
788 0.656095
789 0.874828
790 0.918376
791 0.863928
792 0.785909
793 0.888082
794 0.740902
795 0.895445
796 0.806548
797 0.682795
798 0.813181
799 0.648208
800 0.60952
801 0.707277
802 0.887965
803 0.792739
804 0.828505
805 0.779917
806 0.716512
807 0.693201
808 0.730419
809 0.738519
810 0.74022
811 0.83606
812 0.733444
813 0.560474
814 0.786172
815 0.592899
816 0.762639
817 0.730673
818 0.922344
819 0.912103
820 0.753468
821 0.692939
822 0.687769
823 0.783359
824 0.851694
825 0.683786
826 0.689246
827 0.804406
828 0.74971
829 0.850216
830 0.830753
831 0.912176
832 0.727732
833 0.751334
834 0.896085
835 0.65963
836 0.686529
837 0.814867
838 0.817261
839 0.767502
840 0.765715
841 0.833828
842 0.774614
843 0.814409
844 0.757098
845 0.766935
846 0.893022
847 0.831176
848 0.867045
849 0.738935
850 0.82406
851 0.723749
852 0.702937
853 0.72645
854 0.730086
855 0.927145
856 0.730089
857 0.860439
858 0.838768
859 0.708977
860 0.9439
861 0.819772
862 0.927537
863 0.916844
864 0.673893
865 0.831854
866 0.859665
867 0.898293
868 0.815578
869 0.649851
870 0.819771
871 0.738522
872 0.833722
873 0.852974
874 0.86097
875 0.841651
876 0.65908
877 0.852083
878 0.646007
879 0.755972
880 0.774609
881 0.839603
882 0.873132
883 0.739618
884 0.659618
885 0.870495
886 0.796144
887 0.679008
888 0.764857
889 0.712493
890 0.745712
891 0.848187
892 0.754243
893 0.784903
894 0.655037
895 0.735322
896 0.87484
897 0.86523
898 0.78427
899 0.917469
900 0.570363
901 0.760948
902 0.7749
903 0.812553
904 0.759032
905 0.79786
906 0.610885
907 0.669788
908 0.890562
909 0.869271
910 0.706231
911 0.730794
912 0.890943
913 0.876909
914 0.846739
915 0.799426
916 0.852151
917 0.905674
918 0.838547
919 0.582239
920 0.945961
921 0.816064
922 0.718444
923 0.723721
924 0.690726
925 0.710234
926 0.92501
927 0.738223
928 0.847471
929 0.773349
930 0.826901
931 0.889666
932 0.780695
933 0.734071
934 0.818179
935 0.706567
936 0.833814
937 0.831482
938 0.746488
939 0.872868
940 0.943139
941 0.879373
942 0.771318
943 0.875779
944 0.842548
945 0.887825
946 0.67087
947 0.718378
948 0.699252
949 0.7045
950 0.807856
951 0.638351
952 0.770651
953 0.666945
954 0.692077
955 0.943238
956 0.853542
957 0.803367
958 0.973291
959 0.569884
960 0.439738
961 0.904983
962 0.769389
963 0.871767
964 0.926196
965 0.789844
966 0.764843
967 0.880657
968 0.808693
969 0.760202
970 0.927687
971 0.793314
972 0.753095
973 0.807291
974 0.735786
975 0.8046
976 0.662798
977 0.829091
978 0.823403
979 0.802891
980 0.843507
981 0.736819
982 0.763879
983 0.757459
984 0.959566
985 0.82531
986 0.774035
987 0.749771
988 0.872502
989 0.746344
990 0.681555
991 0.782649
992 0.771424
993 0.84073
994 0.861338
995 0.776711
996 0.730199
997 0.725565
998 0.77844
999 0.732633
1000 0.77984
1001 0.780333
1002 0.775794
1003 0.852295
1004 0.781589
1005 0.77657
1006 0.717034
1007 0.739373
1008 0.824254
1009 0.901592
1010 0.77829
1011 0.933827
1012 0.68085
1013 0.810768
1014 0.928134
1015 0.789176
1016 0.872117
1017 0.760636
1018 0.672873
1019 0.772125
1020 0.797417
1021 0.706697
1022 0.755803
1023 0.720029
1024 0.737159
1025 0.703293
1026 0.95727
1027 0.736097
1028 0.892529
1029 0.776511
1030 0.688068
1031 0.697344
1032 0.935454
1033 0.913973
1034 0.933484
1035 0.965898
1036 0.663103
1037 0.852531
1038 0.797715
1039 0.781728
1040 0.918047
1041 0.882172
1042 0.872071
1043 0.721114
1044 0.555079
1045 0.651515
1046 0.796762
1047 0.894665
1048 0.427516
1049 0.658259
1050 0.789313
1051 0.949288
1052 0.842735
1053 0.84335
1054 0.8325
1055 0.771659
1056 0.777483
1057 0.868627
1058 0.75676
1059 0.707453
1060 0.710232
1061 0.782637
1062 0.801333
1063 0.711214
1064 0.801346
1065 0.731423
1066 0.727755
1067 0.726198
1068 0.780886
1069 0.791298
1070 0.711987
1071 0.702099
1072 0.876479
1073 0.891151
1074 0.951277
1075 0.639846
1076 0.71804
1077 0.74143
1078 0.669659
1079 0.818611
1080 0.730825
1081 0.818118
1082 0.690637
1083 0.903999
1084 0.866541
1085 0.722761
1086 0.674639
1087 0.72792
1088 0.671998
1089 0.639076
1090 0.821123
1091 0.752973
1092 0.811153
1093 0.887637
1094 0.695148
1095 0.90435
1096 0.658262
1097 0.70946
1098 0.900105
1099 0.802728
1100 0.863843
1101 0.544213
1102 0.654962
1103 0.934523
1104 0.741705
1105 0.742168
1106 0.728409
1107 0.951487
1108 0.606984
1109 0.7126
1110 0.646723
1111 0.832551
1112 0.849067
1113 0.880211
1114 0.913658
1115 0.640678
1116 0.713128
1117 0.759245
1118 0.691512
1119 0.853542
1120 0.737858
1121 0.696138
1122 0.608947
1123 0.7937
1124 0.773751
1125 0.802044
1126 0.715565
1127 0.933085
1128 0.708155
1129 0.802112
1130 0.901258
1131 0.860149
1132 0.668565
1133 0.768727
1134 0.75399
1135 0.879662
1136 0.654614
1137 0.776168
1138 0.720107
1139 0.683438
1140 0.605961
1141 0.735285
1142 0.745856
1143 0.897162
1144 0.8577
1145 0.723472
1146 0.764184
1147 0.688846
1148 0.847726
1149 0.815472
1150 0.728477
1151 0.593139
1152 0.924444
1153 0.676007
1154 0.947965
1155 0.874873
1156 0.782374
1157 0.748457
1158 0.902414
1159 0.688611
1160 0.817466
1161 0.865329
1162 0.789847
1163 0.552069
1164 0.818841
1165 0.927653
1166 0.746741
1167 0.749049
1168 0.985135
1169 0.850896
1170 0.77889
1171 0.885955
1172 0.739794
1173 0.85672
1174 0.636204
1175 0.79389
1176 0.908532
1177 0.827055
1178 0.752468
1179 0.82902
1180 0.797305
1181 0.813018
1182 0.732795
1183 0.709496
1184 0.809804
1185 0.708281
1186 0.742587
1187 0.975315
1188 0.856809
1189 0.833671
1190 0.924209
1191 0.894103
1192 0.871646
1193 0.795948
1194 0.762337
1195 0.619594
1196 0.868059
1197 0.974847
1198 0.669104
1199 0.797207
1200 0.668205
1201 0.71514
1202 0.585593
1203 0.876683
1204 0.773142
1205 0.804104
1206 0.951088
1207 0.850736
1208 0.776254
1209 0.691988
1210 0.841428
1211 0.800012
1212 0.800406
1213 0.778607
1214 0.642012
1215 0.719265
1216 0.68363
1217 0.760219
1218 0.873253
1219 0.928298
1220 0.827249
1221 0.700345
1222 0.812861
1223 0.675814
1224 0.947721
1225 0.918992
1226 0.905785
1227 0.769812
1228 0.83992
1229 0.742626
1230 0.790259
1231 0.970382
1232 0.895564
1233 0.883741
1234 0.722362
1235 0.695578
1236 0.826252
1237 0.900782
1238 0.658572
1239 0.933679
1240 0.921508
1241 0.900344
1242 0.627573
1243 0.699308
1244 0.609821
1245 0.815982
1246 0.763417
1247 0.834658
1248 0.885702
1249 0.722535
1250 0.927251
1251 0.549798
1252 0.78309
1253 0.85165
1254 0.697583
1255 0.623072
1256 0.789342
1257 0.742857
1258 0.760603
1259 0.685941
1260 0.805101
1261 0.711649
1262 0.799425
1263 0.712381
1264 0.492411
1265 0.658751
1266 0.483297
1267 0.860409
1268 0.730622
1269 0.700898
1270 0.757937
1271 0.728086
1272 0.800996
1273 0.905813
1274 0.908295
1275 0.912182
1276 0.796033
1277 0.752657
1278 0.719268
1279 0.760854
1280 0.816981
1281 0.803184
1282 0.834387
1283 0.711971
1284 0.682287
1285 0.79248
1286 0.839604
1287 0.607484
1288 0.751801
1289 0.785057
1290 0.825093
1291 0.836074
1292 0.957569
1293 0.68865
1294 0.785293
1295 0.844311
1296 0.814945
1297 0.794477
1298 0.83255
1299 0.60483
1300 0.792855
1301 0.841452
1302 0.823245
1303 0.929268
1304 0.851164
1305 0.768729
1306 0.852091
1307 0.740588
1308 0.724248
1309 0.557175
1310 0.902549
1311 0.800657
1312 0.969029
1313 0.833786
1314 0.526239
1315 0.825838
1316 0.858044
1317 0.760913
1318 0.965375
1319 0.690738
1320 0.743944
1321 0.658732
1322 0.916296
1323 0.8888
1324 0.843263
1325 0.566753
1326 0.858944
1327 0.766618
1328 0.920168
1329 0.838789
1330 0.781793
1331 0.915078
1332 0.878191
1333 0.806048
1334 0.755248
1335 0.865693
1336 0.552794
1337 0.785499
1338 0.733965
1339 0.944755
1340 0.839325
1341 0.762962
1342 0.778439
1343 0.938852
1344 0.819103
1345 0.850201
1346 0.738583
1347 0.867316
1348 0.771623
1349 0.770844
1350 0.822164
1351 0.756528
1352 0.766964
1353 0.743154
1354 0.882513
1355 0.93672
1356 0.874082
1357 0.602568
1358 0.766423
1359 0.694092
1360 0.731424
1361 0.8626
1362 0.714821
1363 0.69669
1364 0.780144
1365 0.788436
1366 0.7937
1367 0.667478
1368 0.684728
1369 0.872768
1370 0.816578
1371 0.78273
1372 0.59153
1373 0.928917
1374 0.926794
1375 0.886922
1376 0.667116
1377 0.840766
1378 0.909054
1379 0.807416
1380 0.793283
1381 0.569358
1382 0.829038
1383 0.872653
1384 0.795815
1385 0.900873
1386 0.842355
1387 0.835616
1388 0.771881
1389 0.909432
1390 0.777077
1391 0.897412
1392 0.728385
1393 0.702466
1394 0.658009
1395 0.988936
1396 0.723801
1397 0.716255
1398 0.684995
1399 0.687142
1400 0.87122
1401 0.878828
1402 0.84683
1403 0.897863
1404 0.641274
1405 0.748656
1406 0.846667
1407 0.8454
1408 0.760731
1409 0.699751
1410 0.802748
1411 0.726743
1412 0.747573
1413 0.730646
1414 0.868588
1415 0.755083
1416 0.857244
1417 0.698066
1418 0.870634
1419 0.800207
1420 0.721091
1421 0.816972
1422 0.82447
1423 0.898323
1424 0.721901
1425 0.736305
1426 0.74007
1427 0.747773
1428 0.559616
1429 0.680935
1430 0.784031
1431 0.966794
1432 0.683008
1433 0.862602
1434 0.659681
1435 0.86467
1436 0.799848
1437 0.756685
1438 0.800483
1439 0.756759
1440 0.855741
1441 0.639384
1442 0.768352
1443 0.833644
1444 0.667235
1445 0.828112
1446 0.94665
1447 0.849949
1448 0.789383
1449 0.743627
1450 0.756061
1451 0.716157
1452 0.630605
1453 0.633061
1454 0.911542
1455 0.898378
1456 0.694949
1457 0.833091
1458 0.805028
1459 0.775149
1460 0.646783
1461 0.67793
1462 0.859208
1463 0.861915
1464 0.693079
1465 0.878472
1466 0.777378
1467 0.721291
1468 0.908422
1469 0.639365
1470 0.738503
1471 0.870765
1472 0.757613
1473 0.780525
1474 0.683662
1475 0.712145
1476 0.733663
1477 0.709605
1478 0.729211
1479 0.78323
1480 0.843618
1481 0.942159
1482 0.803927
1483 0.915711
1484 0.923789
1485 0.841715
1486 0.814579
1487 0.682049
1488 0.73384
1489 0.856246
1490 0.750797
1491 0.709524
1492 0.68249
1493 0.70339
1494 0.812694
1495 0.83693
1496 0.958428
1497 0.712289
1498 0.734221
1499 0.623117
1500 0.821387
1501 0.946942
1502 0.72586
1503 0.757396
1504 0.811156
1505 0.821757
1506 0.723596
1507 0.991808
1508 0.822456
1509 0.837917
1510 0.772796
1511 0.720263
1512 0.849229
1513 0.81343
1514 0.84252
1515 0.591453
1516 0.753843
1517 0.917053
1518 0.854967
1519 0.814778
1520 0.865333
1521 0.801385
1522 0.890127
1523 0.883681
1524 0.808229
1525 0.901994
1526 0.647798
1527 0.868195
1528 0.832379
1529 0.689711
1530 0.683391
1531 0.757772
1532 0.93198
1533 0.790088
1534 0.713508
1535 0.750362
1536 0.792411
1537 0.799688
1538 0.795146
1539 0.754608
1540 0.769081
1541 0.800908
1542 0.88225
1543 0.778522
1544 0.7565
1545 0.810436
1546 0.716862
1547 0.795577
1548 0.709239
1549 0.812918
1550 0.691424
1551 0.95513
1552 0.936068
1553 0.953074
1554 0.921496
1555 0.886809
1556 0.784329
1557 0.925177
1558 0.936137
1559 0.839541
1560 0.82103
1561 0.896256
1562 0.892499
1563 0.773051
1564 0.846022
1565 0.878872
1566 0.750938
1567 0.754125
1568 0.758934
1569 0.679794
1570 0.855826
1571 0.728037
1572 0.74302
1573 0.815005
1574 0.835721
1575 0.904947
1576 0.894949
1577 0.727767
1578 0.909072
1579 0.821686
1580 0.927305
1581 0.899747
1582 0.835008
1583 0.758489
1584 0.832383
1585 0.966837
1586 0.712493
1587 0.933304
1588 0.643329
1589 0.796786
1590 0.866834
1591 0.820016
1592 0.723285
1593 0.776168
1594 0.811228
1595 0.900165
1596 0.871888
1597 0.801265
1598 0.830948
1599 0.811743
1600 0.847846
1601 0.839279
1602 0.738751
1603 0.694712
1604 0.900742
1605 0.790483
1606 0.844019
1607 0.889544
1608 0.661535
1609 0.758797
1610 0.910353
1611 0.908371
1612 0.688092
1613 0.78394
1614 0.85793
1615 0.671462
1616 0.903418
1617 0.692947
1618 0.949741
1619 0.590941
1620 0.876063
1621 0.725428
1622 0.835785
1623 0.766399
1624 0.624807
1625 0.865671
1626 0.715125
1627 0.842108
1628 0.885893
1629 0.735329
1630 0.826587
1631 0.529909
1632 0.781816
1633 0.891097
1634 0.863657
1635 0.652265
1636 0.759491
1637 0.816607
1638 0.759447
1639 0.914273
1640 0.746863
1641 0.730356
1642 0.780996
1643 0.722545
1644 0.704619
1645 0.841731
1646 0.830351
1647 0.9021
1648 0.721378
1649 0.78666
1650 0.753137
1651 0.953838
1652 0.796075
1653 0.884353
1654 0.780599
1655 0.874212
1656 0.745619
1657 0.808327
1658 0.689993
1659 0.706607
1660 0.808372
1661 0.739359
1662 0.722724
1663 0.868076
1664 0.729218
1665 0.771145
1666 0.860643
1667 0.836663
1668 0.923053
1669 0.620965
1670 0.81765
1671 0.833735
1672 0.836171
1673 0.840908
1674 0.913279
1675 0.810824
1676 0.796838
1677 0.854361
1678 0.736014
1679 0.832528
1680 0.97412
1681 0.930672
1682 0.869113
1683 0.957745
1684 0.567289
1685 0.806979
1686 0.613292
1687 0.902101
1688 0.879063
1689 0.637723
1690 0.760445
1691 0.831331
1692 0.940365
1693 0.821109
1694 0.758413
1695 0.765993
1696 0.617661
1697 0.914401
1698 0.850984
1699 0.832372
1700 0.878611
1701 0.631793
1702 0.786833
1703 0.614639
1704 0.800406
1705 0.794287
1706 0.864297
1707 0.718873
1708 0.747172
1709 0.787196
1710 0.5557
1711 0.743366
1712 0.86115
1713 0.757491
1714 0.884996
1715 0.837394
1716 0.743659
1717 0.774959
1718 0.7108
1719 0.916853
1720 0.744859
1721 0.690537
1722 0.916385
1723 0.75299
1724 0.727003
1725 0.80061
1726 0.916253
1727 0.676867
1728 0.685708
1729 0.663543
1730 0.810322
1731 0.712943
1732 0.891442
1733 0.770716
1734 0.724351
1735 0.856426
1736 0.712468
1737 0.624337
1738 0.73832
1739 0.850365
1740 0.925669
1741 0.855254
1742 0.95733
1743 0.845361
1744 0.868052
1745 0.805556
1746 0.935335
1747 0.761869
1748 0.831493
1749 0.7557
1750 0.882527
1751 0.811851
1752 0.772062
1753 0.805771
1754 0.820266
1755 0.807473
1756 0.666066
1757 0.792673
1758 0.954362
1759 0.838998
1760 0.754914
1761 0.896438
1762 0.847213
1763 0.722119
1764 0.840174
1765 0.843433
1766 0.798233
1767 0.915245
1768 0.78215
1769 0.842032
1770 0.795354
1771 0.847539
1772 0.905198
1773 0.860355
1774 0.867239
1775 0.689218
1776 0.910937
1777 0.906269
1778 0.946737
1779 0.805677
1780 0.759401
1781 0.676129
1782 0.817546
1783 0.831919
1784 0.866142
1785 0.76845
1786 0.759276
1787 0.782027
1788 0.800411
1789 0.734128
1790 0.887155
1791 0.639718
1792 0.908893
1793 0.817657
1794 0.751374
1795 0.740046
1796 0.832892
1797 0.903826
1798 0.845085
1799 0.804869
1800 0.683663
1801 0.850337
1802 0.780517
1803 0.974223
1804 0.851137
1805 0.882186
1806 0.911137
1807 0.787358
1808 0.748393
1809 0.809217
1810 0.810845
1811 0.822709
1812 0.881873
1813 0.904105
1814 0.707922
1815 0.865039
1816 0.896182
1817 0.812433
1818 0.827039
1819 0.793262
1820 0.85181
1821 0.701006
1822 0.870241
1823 0.760852
1824 0.946385
1825 0.898505
1826 0.782447
1827 0.793261
1828 0.780631
1829 0.840154
1830 0.609434
1831 0.85925
1832 0.700672
1833 0.627177
1834 0.885419
1835 0.898783
1836 0.916396
1837 0.885866
1838 0.717523
1839 0.633982
1840 0.696642
1841 0.698796
1842 0.876184
1843 0.932719
1844 0.573072
1845 0.904334
1846 0.71325
1847 0.686408
1848 0.861327
1849 0.628782
1850 0.857052
1851 0.982281
1852 0.77974
1853 0.661888
1854 0.759283
1855 0.852046
1856 0.602498
1857 0.720114
1858 0.887042
1859 0.784312
1860 0.761248
1861 0.858701
1862 0.837592
1863 0.789417
1864 0.678363
1865 0.722222
1866 0.860568
1867 0.572502
1868 0.959074
1869 0.783658
1870 0.762238
1871 0.801266
1872 0.750852
1873 0.678665
1874 0.664191
1875 0.782037
1876 0.7064
1877 0.617865
1878 0.768099
1879 0.754726
1880 0.603456
1881 0.678412
1882 0.677365
1883 0.892853
1884 0.741965
1885 0.725377
1886 0.808055
1887 0.668213
1888 0.767771
1889 0.940602
1890 0.957466
1891 0.711595
1892 0.832154
1893 0.739538
1894 0.931538
1895 0.793299
1896 0.940846
1897 0.911702
1898 0.789088
1899 0.741029
1900 0.947229
1901 0.647355
1902 0.785314
1903 0.669572
1904 0.850406
1905 0.758951
1906 0.860592
1907 0.874414
1908 0.741854
1909 0.734752
1910 0.79141
1911 0.776074
1912 0.602564
1913 0.826862
1914 0.753665
1915 0.882159
1916 0.827767
1917 0.704586
1918 0.687487
1919 0.78701
1920 0.947918
1921 0.864727
1922 0.968457
1923 0.868141
1924 0.834551
1925 0.829434
1926 0.871067
1927 0.857154
1928 0.783052
1929 0.659018
1930 0.758172
1931 0.900071
1932 0.854238
1933 0.692722
1934 0.687089
1935 0.502072
1936 0.77217
1937 0.817858
1938 0.822101
1939 0.977452
1940 0.891654
1941 0.854191
1942 0.78537
1943 0.74438
1944 0.86299
1945 0.69105
1946 0.825771
1947 0.969299
1948 0.822968
1949 0.944677
1950 0.799951
1951 0.663861
1952 0.84211
1953 0.93335
1954 0.864774
1955 0.954
1956 0.850236
1957 0.682481
1958 0.95877
1959 0.841844
1960 0.765441
1961 0.845183
1962 0.782905
1963 0.717706
1964 0.837211
1965 0.776687
1966 0.727655
1967 0.738993
1968 0.720173
1969 0.769813
1970 0.786852
1971 0.466996
1972 0.902209
1973 0.780295
1974 0.698974
1975 0.713791
1976 0.918597
1977 0.700253
1978 0.901065
1979 0.817963
1980 0.772683
1981 0.951838
1982 0.714753
1983 0.824842
1984 0.887818
1985 0.9217
1986 0.841771
1987 0.67179
1988 0.830852
1989 0.897669
1990 0.830201
1991 0.768712
1992 0.715622
1993 0.877698
1994 0.739011
1995 0.867755
1996 0.894324
1997 0.723196
1998 0.708371
1999 0.859404
2000 0.654274
2001 0.739875
2002 0.746029
2003 0.846741
2004 0.742586
2005 0.81769
2006 0.955884
2007 0.72867
2008 0.73959
2009 0.728023
2010 0.684349
2011 0.700764
2012 0.658451
2013 0.778815
2014 0.765159
2015 0.800805
2016 0.843319
2017 0.822569
2018 0.8985
2019 0.710767
2020 0.82107
2021 0.701363
2022 0.776946
2023 0.702403
2024 0.690911
2025 0.784519
2026 0.82532
2027 0.681231
2028 0.878137
2029 0.925799
2030 0.613221
2031 0.692722
2032 0.541157
2033 0.801128
2034 0.696298
2035 0.828269
2036 0.727163
2037 0.606049
2038 0.778751
2039 0.784512
2040 0.911525
2041 0.831405
2042 0.669618
2043 0.733752
2044 0.6389
2045 0.483608
2046 0.820666
2047 0.771188
2048 0.719688
2049 0.837386
2050 0.705351
2051 0.698527
2052 0.727801
2053 0.885633
2054 0.609022
2055 0.80428
2056 0.796714
2057 0.800731
2058 0.887702
2059 0.815414
2060 0.710318
2061 0.942072
2062 0.876812
2063 0.958829
2064 0.927312
2065 0.826818
2066 0.648589
2067 0.886856
2068 0.702501
2069 0.904787
2070 0.879844
2071 0.81987
2072 0.740019
2073 0.84801
2074 0.919499
2075 0.792846
2076 0.805401
2077 0.934161
2078 0.908498
2079 0.691226
2080 0.824704
2081 0.656087
2082 0.84933
2083 0.795752
2084 0.832962
2085 0.872324
2086 0.704222
2087 0.669798
2088 0.664683
2089 0.624788
2090 0.881435
2091 0.676383
2092 0.705849
2093 0.67684
2094 0.883933
2095 0.731532
2096 0.789865
2097 0.931472
2098 0.885876
2099 0.816048
2100 0.7836
2101 0.66777
2102 0.731403
2103 0.83485
2104 0.95514
2105 0.559191
2106 0.95411
2107 0.732268
2108 0.921599
2109 0.69243
2110 0.803849
2111 0.740847
2112 0.754617
2113 0.824474
2114 0.86376
2115 0.949789
2116 0.74806
2117 0.983
2118 0.810666
2119 0.782039
2120 0.826583
2121 0.814099
2122 0.873365
2123 0.637581
2124 0.8623
2125 0.925185
2126 0.785048
2127 0.907481
2128 0.726557
2129 0.75825
2130 0.781183
2131 0.91621
2132 0.975375
2133 0.560352
2134 0.709301
2135 0.696869
2136 0.831824
2137 0.675
2138 0.805435
2139 0.814547
2140 0.843006
2141 0.810162
2142 0.736167
2143 0.780444
2144 0.87069
2145 0.718827
2146 0.947208
2147 0.804349
2148 0.753655
2149 0.753211
2150 0.803173
2151 0.691657
2152 0.760137
2153 0.750568
2154 0.882639
2155 0.938519
2156 0.899662
2157 0.774904
2158 0.664
2159 0.571334
2160 0.779415
2161 0.691276
2162 0.681221
2163 0.819086
2164 0.597099
2165 0.691555
2166 0.841514
2167 0.796213
2168 0.585482
2169 0.774347
2170 0.923748
2171 0.727895
2172 0.735226
2173 0.583376
2174 0.818203
2175 0.971951
2176 0.918401
2177 0.880104
2178 0.75973
2179 0.854675
2180 0.947659
2181 0.572652
2182 0.768146
2183 0.880733
2184 0.736816
2185 0.663812
2186 0.759827
2187 0.774589
2188 0.811981
2189 0.767999
2190 0.813159
2191 0.865706
2192 0.802504
2193 0.822351
2194 0.818335
2195 0.855672
2196 0.731283
2197 0.809817
2198 0.763258
2199 0.719313
2200 0.710497
2201 0.68157
2202 0.688702
2203 0.921365
2204 0.838015
2205 0.836917
2206 0.821215
2207 0.705472
2208 0.847192
2209 0.845285
2210 0.86881
2211 0.80092
2212 0.514762
2213 0.771449
2214 0.882855
2215 0.700708
2216 0.840423
2217 0.875816
2218 0.817748
2219 0.913911
2220 0.850357
2221 0.624299
2222 0.880615
2223 0.870272
2224 0.719706
2225 0.530775
2226 0.831363
2227 0.703107
2228 0.86552
2229 0.836137
2230 0.675557
2231 0.756959
2232 0.730826
2233 0.829327
2234 0.567066
2235 0.925001
2236 0.892589
2237 0.898622
2238 0.898074
2239 0.905882
2240 0.782464
2241 0.876869
2242 0.760184
2243 0.910762
2244 0.906487
2245 0.782182
2246 0.696294
2247 0.739699
2248 0.787205
2249 0.789414
2250 0.760304
2251 0.900241
2252 0.731847
2253 0.864164
2254 0.963018
2255 0.770948
2256 0.850248
2257 0.709269
2258 0.742221
2259 0.565021
2260 0.8169
2261 0.94848
2262 0.870768
2263 0.890053
2264 0.808326
2265 0.729379
2266 0.856127
2267 0.803205
2268 0.698763
2269 0.847228
2270 0.861283
2271 0.817017
2272 0.909565
2273 0.755491
2274 0.779731
2275 0.838193
2276 0.87212
2277 0.74563
2278 0.924402
2279 0.76548
2280 0.905198
2281 0.621859
2282 0.847931
2283 0.823729
2284 0.831733
2285 0.573644
2286 0.786726
2287 0.857616
2288 0.774158
2289 0.61516
2290 0.767662
2291 0.827045
2292 0.711031
2293 0.863052
2294 0.725569
2295 0.781303
2296 0.658134
2297 0.633524
2298 0.896329
2299 0.753822
2300 0.962015
2301 0.661263
2302 0.549266
2303 0.695028
2304 0.823885
2305 0.779377
2306 0.618309
2307 0.722553
2308 0.597862
2309 0.916332
2310 0.739411
2311 0.623477
2312 0.696157
2313 0.791483
2314 0.692234
2315 0.884017
2316 0.831045
2317 0.668443
2318 0.811696
2319 0.870572
2320 0.731023
2321 0.916492
2322 0.623247
2323 0.795479
2324 0.783811
2325 0.950313
2326 0.931737
2327 0.908831
2328 0.806352
2329 0.826945
2330 0.930734
2331 0.719955
2332 0.902905
2333 0.800197
2334 0.719147
2335 0.685859
2336 0.821463
2337 0.846644
2338 0.789428
2339 0.84175
2340 0.804444
2341 0.789323
2342 0.687862
2343 0.695158
2344 0.823949
2345 0.716956
2346 0.988802
2347 0.84673
2348 0.782518
2349 0.76696
2350 0.748047
2351 0.582256
2352 0.52493
2353 0.787742
2354 0.75184
2355 0.882665
2356 0.643633
2357 0.684774
2358 0.897121
2359 0.744351
2360 0.632279
2361 0.868192
2362 0.757392
2363 0.804568
2364 0.918394
2365 0.818376
2366 0.919091
2367 0.711135
2368 0.686348
2369 0.841855
2370 0.941318
2371 0.869971
2372 0.694028
2373 0.81279
2374 0.80412
2375 0.855698
2376 0.816707
2377 0.849614
2378 0.84495
2379 0.853551
2380 0.812011
2381 0.682262
2382 0.70202
2383 0.776803
2384 0.723247
2385 0.920455
2386 0.696798
2387 0.697408
2388 0.880686
2389 0.779252
2390 0.909608
2391 0.746688
2392 0.753352
2393 0.900579
2394 0.854533
2395 0.907538
2396 0.889469
2397 0.897547
2398 0.718508
2399 0.702125
2400 0.846099
2401 0.828771
2402 0.869501
2403 0.770797
2404 0.7765
2405 0.917952
2406 0.707139
2407 0.897264
2408 0.748382
2409 0.886218
2410 0.752674
2411 0.806159
2412 0.862991
2413 0.892335
2414 0.84578
2415 0.820259
2416 0.877812
2417 0.840053
2418 0.824821
2419 0.805072
2420 0.751444
2421 0.854973
2422 0.769894
2423 0.749882
2424 0.776253
2425 0.900514
2426 0.815443
2427 0.840887
2428 0.929531
2429 0.915079
2430 0.867799
2431 0.939228
2432 0.821946
2433 0.824685
2434 0.764396
2435 0.946658
2436 0.921014
2437 0.794389
2438 0.688521
2439 0.877048
2440 0.804241
2441 0.899186
2442 0.792441
2443 0.658838
2444 0.818953
2445 0.731619
2446 0.760544
2447 0.802178
2448 0.821252
2449 0.748008
2450 0.891405
2451 0.775095
2452 0.847333
2453 0.672739
2454 0.894019
2455 0.6845
2456 0.915786
2457 0.825383
2458 0.853802
2459 0.856142
2460 0.935002
2461 0.858657
2462 0.892256
2463 0.742633
2464 0.782317
2465 0.8417
2466 0.63551
2467 0.924861
2468 0.835031
2469 0.801714
2470 0.89208
2471 0.922283
2472 0.83951
2473 0.776367
2474 0.770482
2475 0.725686
2476 0.924146
2477 0.763402
2478 0.760223
2479 0.733221
2480 0.836588
2481 0.758032
2482 0.746482
2483 0.839708
2484 0.966677
2485 0.849495
2486 0.683964
2487 0.802222
2488 0.674141
2489 0.795347
2490 0.763478
2491 0.855931
2492 0.672691
2493 0.874235
2494 0.837993
2495 0.825689
2496 0.895835
2497 0.80508
2498 0.681041
2499 0.704412
2500 0.782145
2501 0.793959
2502 0.961172
2503 0.614984
2504 0.91962
2505 0.834935
2506 0.947419
2507 0.821514
2508 0.804187
2509 0.788264
2510 0.888149
2511 0.730008
2512 0.656168
2513 0.667131
2514 0.735076
2515 0.743163
2516 0.893526
2517 0.773818
2518 0.790225
2519 0.753629
2520 0.769089
2521 0.821491
2522 0.857731
2523 0.825646
2524 0.680888
2525 0.828423
2526 0.913868
2527 0.820726
2528 0.873268
2529 0.735301
2530 0.663506
2531 0.734302
2532 0.891213
2533 0.688822
2534 0.687758
2535 0.895057
2536 0.957147
2537 0.754168
2538 0.734409
2539 0.815128
2540 0.807163
2541 0.652815
2542 0.928289
2543 0.867353
2544 0.770487
2545 0.65359
2546 0.744472
2547 0.671611
2548 0.542105
2549 0.820875
2550 0.826335
2551 0.781821
2552 0.620923
2553 0.733089
2554 0.80449
2555 0.773177
2556 0.805681
2557 0.883691
2558 0.634966
2559 0.635948
2560 0.797577
2561 0.822426
2562 0.85079
2563 0.845524
2564 0.916952
2565 0.949109
2566 0.729936
2567 0.900702
2568 0.642351
2569 0.817672
2570 0.844386
2571 0.833454
2572 0.690516
2573 0.854542
2574 0.858681
2575 0.928181
2576 0.589646
2577 0.750539
2578 0.911653
2579 0.782755
2580 0.799658
2581 0.947158
2582 0.847178
2583 0.937419
2584 0.806747
2585 0.959732
2586 0.832578
2587 0.666023
2588 0.686634
2589 0.656956
2590 0.437376
2591 0.82188
2592 0.911897
2593 0.822312
2594 0.625789
2595 0.819591
2596 0.839179
2597 0.795014
2598 0.544953
2599 0.72013
2600 0.867897
2601 0.806308
2602 0.679602
2603 0.828075
2604 0.879901
2605 0.773992
2606 0.695423
2607 0.679619
2608 0.620574
2609 0.872835
2610 0.630983
2611 0.651568
2612 0.752763
2613 0.733231
2614 0.813063
2615 0.824212
2616 0.774003
2617 0.84216
2618 0.83549
2619 0.8125
2620 0.861454
2621 0.855846
2622 0.813239
2623 0.718231
2624 0.720187
2625 0.62578
2626 0.661105
2627 0.816885
2628 0.674998
2629 0.584684
2630 0.80707
2631 0.719295
2632 0.79545
2633 0.870751
2634 0.598018
2635 0.912843
2636 0.679357
2637 0.633589
2638 0.789007
2639 0.693749
2640 0.888395
2641 0.936671
2642 0.967807
2643 0.779829
2644 0.941274
2645 0.879158
2646 0.777168
2647 0.78172
2648 0.88047
2649 0.687149
2650 0.928197
2651 0.820001
2652 0.763642
2653 0.479507
2654 0.825673
2655 0.734774
2656 0.703317
2657 0.912269
2658 0.747832
2659 0.801186
2660 0.89509
2661 0.805609
2662 0.926739
2663 0.68488
2664 0.75753
2665 0.852905
2666 0.87664
2667 0.921853
2668 0.707028
2669 0.728212
2670 0.82768
2671 0.765257
2672 0.910946
2673 0.51048
2674 0.951399
2675 0.950858
2676 0.906908
2677 0.84081
2678 0.732649
2679 0.772076
2680 0.666867
2681 0.797966
2682 0.783572
2683 0.892428
2684 0.608328
2685 0.919097
2686 0.671073
2687 0.861045
2688 0.717311
2689 0.51722
2690 0.882149
2691 0.672343
2692 0.905957
2693 0.752039
2694 0.812982
2695 0.858655
2696 0.751764
2697 0.883812
2698 0.821376
2699 0.853836
2700 0.843531
2701 0.90985
2702 0.662453
2703 0.885197
2704 0.81684
2705 0.74179
2706 0.691958
2707 0.792016
2708 0.914727
2709 0.692768
2710 0.78002
2711 0.685215
2712 0.86886
2713 0.859616
2714 0.903832
2715 0.659267
2716 0.710267
2717 0.451555
2718 0.840945
2719 0.708732
2720 0.807445
2721 0.784477
2722 0.696813
2723 0.849176
2724 0.82906
2725 0.832639
2726 0.843788
2727 0.90934
2728 0.84323
2729 0.788515
2730 0.754042
2731 0.672498
2732 0.836011
2733 0.745326
2734 0.861319
2735 0.763922
2736 0.927151
2737 0.773337
2738 0.822444
2739 0.910406
2740 0.872654
2741 0.835803
2742 0.649422
2743 0.653765
2744 0.736759
2745 0.787795
2746 0.710163
2747 0.747441
2748 0.605712
2749 0.722297
2750 0.651661
2751 0.973842
2752 0.969581
2753 0.912438
2754 0.805952
2755 0.787892
2756 0.919622
2757 0.789633
2758 0.643176
2759 0.84759
2760 0.70549
2761 0.893724
2762 0.94298
2763 0.78315
2764 0.762321
2765 0.95495
2766 0.632099
2767 0.740891
2768 0.555978
2769 0.810017
2770 0.792093
2771 0.691578
2772 0.771736
2773 0.707175
2774 0.605278
2775 0.771493
2776 0.693558
2777 0.829931
2778 0.692797
2779 0.758741
2780 0.855395
2781 0.975313
2782 0.893327
2783 0.63302
2784 0.80415
2785 0.708149
2786 0.620021
2787 0.844597
2788 0.805693
2789 0.884992
2790 0.73914
2791 0.633344
2792 0.923322
2793 0.804973
2794 0.846217
2795 0.708555
2796 0.903107
2797 0.884142
2798 0.694409
2799 0.793985
2800 0.844338
2801 0.886235
2802 0.672515
2803 0.900743
2804 0.869172
2805 0.898496
2806 0.803409
2807 0.764337
2808 0.777217
2809 0.651818
2810 0.569701
2811 0.64076
2812 0.786791
2813 0.894939
2814 0.651885
2815 0.805366
2816 0.711599
2817 0.820187
2818 0.7126
2819 0.926589
2820 0.686416
2821 0.679521
2822 0.788207
2823 0.909214
2824 0.941593
2825 0.7709
2826 0.673385
2827 0.890534
2828 0.905943
2829 0.653308
2830 0.790207
2831 0.965997
2832 0.808049
2833 0.809332
2834 0.963843
2835 0.825399
2836 0.960424
2837 0.901663
2838 0.936932
2839 0.716266
2840 0.699115
2841 0.864367
2842 0.864203
2843 0.748743
2844 0.736074
2845 0.782013
2846 0.85864
2847 0.774072
2848 0.789563
2849 0.690176
2850 0.804416
2851 0.832829
2852 0.663539
2853 0.826382
2854 0.696097
2855 0.80114
2856 0.661152
2857 0.776605
2858 0.886525
2859 0.856622
2860 0.711846
2861 0.743889
2862 0.744337
2863 0.9514
2864 0.908306
2865 0.813828
2866 0.764322
2867 0.679475
2868 0.851314
2869 0.865052
2870 0.889397
2871 0.836187
2872 0.755909
2873 0.881171
2874 0.683778
2875 0.747433
2876 0.838433
2877 0.587494
2878 0.739329
2879 0.594896
2880 0.62717
2881 0.894313
2882 0.886378
2883 0.751739
2884 0.860896
2885 0.870844
2886 0.842067
2887 0.957487
2888 0.714003
2889 0.847465
2890 0.620092
2891 0.870587
2892 0.534745
2893 0.574474
2894 0.759136
2895 0.6573
2896 0.655936
2897 0.841347
2898 0.847863
2899 0.873775
2900 0.807877
2901 0.636453
2902 0.904711
2903 0.700926
2904 0.805723
2905 0.983857
2906 0.749189
2907 0.595201
2908 0.804012
2909 0.843802
2910 0.767524
2911 0.722864
2912 0.728204
2913 0.710704
2914 0.753626
2915 0.878476
2916 0.942466
2917 0.87978
2918 0.93747
2919 0.842819
2920 0.753277
2921 0.864295
2922 0.786527
2923 0.862734
2924 0.858278
2925 0.846638
2926 0.76672
2927 0.598631
2928 0.849934
2929 0.744016
2930 0.875604
2931 0.558964
2932 0.780573
2933 0.778479
2934 0.950159
2935 0.925563
2936 0.723876
2937 0.943169
2938 0.704044
2939 0.740793
2940 0.811689
2941 0.817876
2942 0.904007
2943 0.855564
2944 0.777978
2945 0.769156
2946 0.967693
2947 0.727402
2948 0.807993
2949 0.805833
2950 0.666972
2951 0.752421
2952 0.953885
2953 0.840559
2954 0.85665
2955 0.874431
2956 0.784862
2957 0.656121
2958 0.749944
2959 0.841007
2960 0.74799
2961 0.735842
2962 0.765909
2963 0.743235
2964 0.660098
2965 0.791135
2966 0.769548
2967 0.756856
2968 0.857614
2969 0.819677
2970 0.789091
2971 0.69543
2972 0.938288
2973 0.830921
2974 0.741127
2975 0.772515
2976 0.865879
2977 0.798058
2978 0.683618
2979 0.592513
2980 0.848199
2981 0.756344
2982 0.796228
2983 0.753981
2984 0.525192
2985 0.772472
2986 0.865247
2987 0.79284
2988 0.69047
2989 0.957732
2990 0.739087
2991 0.86908
2992 0.905724
2993 0.832076
2994 0.879891
2995 0.804002
2996 0.973109
2997 0.760758
2998 0.954331
2999 0.86344
3000 0.908488
3001 0.805424
3002 0.755781
3003 0.910225
3004 0.787306
3005 0.96187
3006 0.865705
3007 0.784233
3008 0.860191
3009 0.838016
3010 0.862947
3011 0.791312
3012 0.744251
3013 0.757348
3014 0.890925
3015 0.916912
3016 0.800665
3017 0.702345
3018 0.795436
3019 0.927505
3020 0.806814
3021 0.959006
3022 0.744214
3023 0.893776
3024 0.804319
3025 0.707553
3026 0.868506
3027 0.897681
3028 0.83337
3029 0.901998
3030 0.830815
3031 0.734011
3032 0.773907
3033 0.907508
3034 0.694459
3035 0.555354
3036 0.608979
3037 0.937778
3038 0.89184
3039 0.73085
3040 0.892606
3041 0.779045
3042 0.679909
3043 0.942211
3044 0.896356
3045 0.690281
3046 0.729964
3047 0.718593
3048 0.70726
3049 0.778662
3050 0.916971
3051 0.81378
3052 0.872735
3053 0.847152
3054 0.859558
3055 0.733606
3056 0.895821
3057 0.726657
3058 0.914901
3059 0.560715
3060 0.851491
3061 0.882625
3062 0.93527
3063 0.860681
3064 0.82353
3065 0.808421
3066 0.717469
3067 0.851215
3068 0.542612
3069 0.798393
3070 0.785448
3071 0.801724
3072 0.560546
3073 0.948969
3074 0.818323
3075 0.894551
3076 0.816607
3077 0.63942
3078 0.871135
3079 0.973296
3080 0.821411
3081 0.809336
3082 0.516713
3083 0.932441
3084 0.736116
3085 0.847688
3086 0.719003
3087 0.629968
3088 0.898212
3089 0.883723
3090 0.744565
3091 0.723185
3092 0.704637
3093 0.792419
3094 0.678107
3095 0.960041
3096 0.723994
3097 0.804172
3098 0.672583
3099 0.683218
3100 0.71503
3101 0.881111
3102 0.778888
3103 0.806494
3104 0.858038
3105 0.627756
3106 0.922686
3107 0.865062
3108 0.932547
3109 0.792946
3110 0.854814
3111 0.820235
3112 0.812465
3113 0.855474
3114 0.761015
3115 0.917696
3116 0.809819
3117 0.786165
3118 0.659279
3119 0.824247
3120 0.789519
3121 0.709769
3122 0.748724
3123 0.745949
3124 0.618935
3125 0.664746
3126 0.614842
3127 0.89933
3128 0.847752
3129 0.673795
3130 0.751731
3131 0.783906
3132 0.757845
3133 0.793723
3134 0.680321
3135 0.638488
3136 0.630195
3137 0.894757
3138 0.822378
3139 0.837697
3140 0.682877
3141 0.665732
3142 0.617129
3143 0.58959
3144 0.852403
3145 0.666101
3146 0.904415
3147 0.901303
3148 0.875268
3149 0.836526
3150 0.657872
3151 0.694683
3152 0.89821
3153 0.666684
3154 0.832712
3155 0.77201
3156 0.885612
3157 0.916635
3158 0.864093
3159 0.807183
3160 0.868973
3161 0.833123
3162 0.762902
3163 0.860557
3164 0.811464
3165 0.771345
3166 0.730846
3167 0.67875
3168 0.872692
3169 0.746249
3170 0.719089
3171 0.748854
3172 0.91027
3173 0.873505
3174 0.874022
3175 0.756844
3176 0.783916
3177 0.760971
3178 0.680527
3179 0.80214
3180 0.648428
3181 0.763118
3182 0.621057
3183 0.890454
3184 0.628962
3185 0.782369
3186 0.892072
3187 0.56092
3188 0.648439
3189 0.69582
3190 0.89077
3191 0.790004
3192 0.77753
3193 0.789008
3194 0.832869
3195 0.946618
3196 0.661832
3197 0.665504
3198 0.779008
3199 0.705197
3200 0.755753
3201 0.819602
3202 0.756937
3203 0.649732
3204 0.796329
3205 0.826628
3206 0.789209
3207 0.623352
3208 0.985902
3209 0.734114
3210 0.758235
3211 0.919629
3212 0.783574
3213 0.842629
3214 0.605668
3215 0.902893
3216 0.744878
3217 0.941756
3218 0.839145
3219 0.816593
3220 0.64994
3221 0.795773
3222 0.529465
3223 0.794134
3224 0.870737
3225 0.822898
3226 0.750352
3227 0.71084
3228 0.930882
3229 0.797343
3230 0.711035
3231 0.541672
3232 0.812791
3233 0.900402
3234 0.976048
3235 0.749549
3236 0.735857
3237 0.730609
3238 0.787756
3239 0.889861
3240 0.815597
3241 0.860482
3242 0.867496
3243 0.881247
3244 0.870499
3245 0.802721
3246 0.734795
3247 0.80767
3248 0.755407
3249 0.818252
3250 0.907633
3251 0.577579
3252 0.74518
3253 0.874959
3254 0.718571
3255 0.841721
3256 0.737128
3257 0.704267
3258 0.689829
3259 0.940764
3260 0.740368
3261 0.870144
3262 0.740895
3263 0.982705
3264 0.591493
3265 0.798477
3266 0.875808
3267 0.803986
3268 0.550647
3269 0.898508
3270 0.771644
3271 0.850056
3272 0.850785
3273 0.624935
3274 0.842207
3275 0.811797
3276 0.761716
3277 0.948339
3278 0.770297
3279 0.778298
3280 0.95227
3281 0.74909
3282 0.631228
3283 0.660133
3284 0.880452
3285 0.713753
3286 0.774585
3287 0.803202
3288 0.884636
3289 0.627316
3290 0.772202
3291 0.619745
3292 0.839729
3293 0.814042
3294 0.839251
3295 0.827864
3296 0.736832
3297 0.767012
3298 0.617211
3299 0.866018
3300 0.650869
3301 0.768671
3302 0.856353
3303 0.759142
3304 0.701275
3305 0.83502
3306 0.96834
3307 0.777925
3308 0.965503
3309 0.836486
3310 0.761192
3311 0.872186
3312 0.787765
3313 0.834309
3314 0.936207
3315 0.736189
3316 0.955592
3317 0.77882
3318 0.83467
3319 0.877629
3320 0.683281
3321 0.816679
3322 0.728729
3323 0.963512
3324 0.678177
3325 0.681057
3326 0.901019
3327 0.852911
3328 0.805347
3329 0.810897
3330 0.936543
3331 0.947376
3332 0.771468
3333 0.922892
3334 0.731428
3335 0.731517
3336 0.874806
3337 0.906392
3338 0.745375
3339 0.941302
3340 0.734845
3341 0.793848
3342 0.896496
3343 0.866272
3344 0.75576
3345 0.801213
3346 0.757763
3347 0.846624
3348 0.805821
3349 0.836501
3350 0.770415
3351 0.770532
3352 0.672026
3353 0.71107
3354 0.80354
3355 0.741962
3356 0.828188
3357 0.894432
3358 0.903909
3359 0.851888
3360 0.851262
3361 0.641298
3362 0.821645
3363 0.814096
3364 0.712189
3365 0.809769
3366 0.717302
3367 0.968982
3368 0.958179
3369 0.88407
3370 0.788855
3371 0.796023
3372 0.696199
3373 0.875395
3374 0.707938
3375 0.875125
3376 0.702343
3377 0.963226
3378 0.791578
3379 0.860331
3380 0.792068
3381 0.930983
3382 0.912553
3383 0.689878
3384 0.887393
3385 0.772798
3386 0.805573
3387 0.574849
3388 0.73256
3389 0.702149
3390 0.706435
3391 0.816564
3392 0.897976
3393 0.730602
3394 0.775724
3395 0.747974
3396 0.614832
3397 0.791277
3398 0.715469
3399 0.701751
3400 0.695791
3401 0.733769
3402 0.650407
3403 0.785321
3404 0.703403
3405 0.761808
3406 0.898133
3407 0.760367
3408 0.670734
3409 0.773362
3410 0.88563
3411 0.822368
3412 0.882169
3413 0.934334
3414 0.874359
3415 0.780542
3416 0.963915
3417 0.820718
3418 0.628923
3419 0.916684
3420 0.712582
3421 0.878421
3422 0.817074
3423 0.77221
3424 0.841541
3425 0.875939
3426 0.898891
3427 0.846844
3428 0.873657
3429 0.838487
3430 0.817786
3431 0.703045
3432 0.811759
3433 0.913864
3434 0.969097
3435 0.847091
3436 0.9208
3437 0.724734
3438 0.856766
3439 0.757676
3440 0.858665
3441 0.906698
3442 0.819099
3443 0.868923
3444 0.886607
3445 0.869277
3446 0.735319
3447 0.680978
3448 0.77438
3449 0.842205
3450 0.81185
3451 0.834097
3452 0.715025
3453 0.589126
3454 0.87863
3455 0.707482
3456 0.948401
3457 0.88328
3458 0.887066
3459 0.859318
3460 0.8714
3461 0.839572
3462 0.882506
3463 0.705871
3464 0.798968
3465 0.959696
3466 0.895849
3467 0.824837
3468 0.721561
3469 0.854506
3470 0.785392
3471 0.81983
3472 0.800174
3473 0.732656
3474 0.725766
3475 0.966595
3476 0.765536
3477 0.972884
3478 0.638493
3479 0.875617
3480 0.877977
3481 0.719223
3482 0.972993
3483 0.932718
3484 0.838703
3485 0.721274
3486 0.817017
3487 0.875365
3488 0.756028
3489 0.857559
3490 0.612804
3491 0.948461
3492 0.899046
3493 0.823831
3494 0.721234
3495 0.744524
3496 0.888892
3497 0.802749
3498 0.691978
3499 0.838263
3500 0.641543
3501 0.586238
3502 0.839857
3503 0.724987
3504 0.90922
3505 0.809359
3506 0.767764
3507 0.68931
3508 0.740571
3509 0.783106
3510 0.755322
3511 0.835102
3512 0.607938
3513 0.808832
3514 0.866018
3515 0.698243
3516 0.9403
3517 0.558448
3518 0.715246
3519 0.822908
3520 0.595895
3521 0.911462
3522 0.713192
3523 0.813175
3524 0.739868
3525 0.854297
3526 0.770285
3527 0.798131
3528 0.817744
3529 0.865274
3530 0.745852
3531 0.965919
3532 0.761368
3533 0.87216
3534 0.510291
3535 0.65392
3536 0.782309
3537 0.833462
3538 0.883808
3539 0.6701
3540 0.693152
3541 0.85176
3542 0.693623
3543 0.820612
3544 0.571072
3545 0.700349
3546 0.969515
3547 0.724159
3548 0.749501
3549 0.786807
3550 0.887519
3551 0.628061
3552 0.846417
3553 0.777204
3554 0.65098
3555 0.784589
3556 0.69924
3557 0.728079
3558 0.703736
3559 0.575903
3560 0.878768
3561 0.776035
3562 0.739986
3563 0.719795
3564 0.720573
3565 0.651341
3566 0.872369
3567 0.844385
3568 0.804244
3569 0.896335
3570 0.867752
3571 0.684412
3572 0.701099
3573 0.816652
3574 0.650313
3575 0.785064
3576 0.878918
3577 0.875857
3578 0.917201
3579 0.848473
3580 0.540828
3581 0.676374
3582 0.77099
3583 0.6976
3584 0.670291
3585 0.801311
3586 0.764286
3587 0.738625
3588 0.711996
3589 0.982482
3590 0.826871
3591 0.964455
3592 0.783081
3593 0.78887
3594 0.937618
3595 0.742773
3596 0.693663
3597 0.752764
3598 0.763032
3599 0.660115
3600 0.762977
3601 0.731681
3602 0.757285
3603 0.761396
3604 0.774152
3605 0.692707
3606 0.764461
3607 0.651239
3608 0.934634
3609 0.596612
3610 0.845476
3611 0.867865
3612 0.797388
3613 0.881943
3614 0.849468
3615 0.822138
3616 0.663966
3617 0.918972
3618 0.96429
3619 0.74883
3620 0.760286
3621 0.882632
3622 0.938376
3623 0.852191
3624 0.769024
3625 0.762263
3626 0.827429
3627 0.78933
3628 0.597004
3629 0.669811
3630 0.789622
3631 0.792378
3632 0.699208
3633 0.698423
3634 0.932766
3635 0.818593
3636 0.653668
3637 0.54297
3638 0.918035
3639 0.604754
3640 0.702057
3641 0.803518
3642 0.933412
3643 0.826777
3644 0.775607
3645 0.765801
3646 0.885477
3647 0.42286
3648 0.773564
3649 0.888245
3650 0.817792
3651 0.787589
3652 0.748372
3653 0.745113
3654 0.871881
3655 0.878086
3656 0.649071
3657 0.720943
3658 0.767511
3659 0.774642
3660 0.839241
3661 0.759427
3662 0.827099
3663 0.605943
3664 0.843276
3665 0.723991
3666 0.748905
3667 0.638772
3668 0.838756
3669 0.738073
3670 0.826894
3671 0.986126
3672 0.695803
3673 0.823665
3674 0.603292
3675 0.767646
3676 0.707491
3677 0.758494
3678 0.795847
3679 0.756854
3680 0.785775
3681 0.794001
3682 0.90558
3683 0.771836
3684 0.622045
3685 0.757344
3686 0.749446
3687 0.925848
3688 0.740875
3689 0.901987
3690 0.73374
3691 0.79486
3692 0.971271
3693 0.713212
3694 0.747525
3695 0.923514
3696 0.792127
3697 0.653678
3698 0.788229
3699 0.708536
3700 0.525551
3701 0.748424
3702 0.807582
3703 0.768559
3704 0.864906
3705 0.681119
3706 0.869347
3707 0.897208
3708 0.881537
3709 0.947224
3710 0.819888
3711 0.719901
3712 0.778464
3713 0.723163
3714 0.811453
3715 0.805972
3716 0.796851
3717 0.830426
3718 0.799698
3719 0.996307
3720 0.931317
3721 0.858746
3722 0.725494
3723 0.898718
3724 0.770244
3725 0.871513
3726 0.81457
3727 0.704724
3728 0.810492
3729 0.838738
3730 0.741971
3731 0.840228
3732 0.832126
3733 0.911767
3734 0.942824
3735 0.646195
3736 0.87789
3737 0.756711
3738 0.843179
3739 0.72889
3740 0.742195
3741 0.793127
3742 0.872269
3743 0.907887
3744 0.629145
3745 0.812749
3746 0.807652
3747 0.665043
3748 0.850869
3749 0.855952
3750 0.669644
3751 0.806267
3752 0.964702
3753 0.768567
3754 0.981891
3755 0.895429
3756 0.871474
3757 0.906803
3758 0.53574
3759 0.903262
3760 0.87166
3761 0.742497
3762 0.762737
3763 0.865105
3764 0.70646
3765 0.675375
3766 0.930442
3767 0.818126
3768 0.955278
3769 0.931708
3770 0.851226
3771 0.902552
3772 0.858941
3773 0.99121
3774 0.867922
3775 0.757329
3776 0.897509
3777 0.906152
3778 0.82478
3779 0.806175
3780 0.758673
3781 0.787724
3782 0.916611
3783 0.774231
3784 0.901963
3785 0.786146
3786 0.876653
3787 0.808425
3788 0.835542
3789 0.884626
3790 0.784266
3791 0.929223
3792 0.761144
3793 0.829756
3794 0.655076
3795 0.816783
3796 0.732681
3797 0.871137
3798 0.854494
3799 0.79096
3800 0.879173
3801 0.908622
3802 0.919105
3803 0.783856
3804 0.867259
3805 0.913816
3806 0.749588
3807 0.61529
3808 0.869479
3809 0.681621
3810 0.928034
3811 0.858572
3812 0.66648
3813 0.966917
3814 0.941895
3815 0.967251
3816 0.658484
3817 0.7123
3818 0.706016
3819 0.749331
3820 0.923734
3821 0.680422
3822 0.803144
3823 0.77954
3824 0.842067
3825 0.558031
3826 0.778375
3827 0.846094
3828 0.820006
3829 0.827232
3830 0.668117
3831 0.742963
3832 0.750279
3833 0.778439
3834 0.695479
3835 0.711531
3836 0.698032
3837 0.665179
3838 0.821303
3839 0.939182
3840 0.845911
3841 0.731194
3842 0.766889
3843 0.831458
3844 0.870758
3845 0.809571
3846 0.868693
3847 0.795077
3848 0.910979
3849 0.795716
3850 0.8069
3851 0.8745
3852 0.876758
3853 0.909453
3854 0.822386
3855 0.592841
3856 0.726932
3857 0.815959
3858 0.959265
3859 0.637742
3860 0.402054
3861 0.716455
3862 0.826864
3863 0.850106
3864 0.707081
3865 0.84176
3866 0.775619
3867 0.787227
3868 0.891191
3869 0.645294
3870 0.708468
3871 0.633731
3872 0.734956
3873 0.93451
3874 0.83037
3875 0.831918
3876 0.892221
3877 0.933045
3878 0.850637
3879 0.787936
3880 0.813654
3881 0.67319
3882 0.952075
3883 0.915505
3884 0.964729
3885 0.98546
3886 0.864771
3887 0.877929
3888 0.779
3889 0.75937
3890 0.776182
3891 0.886586
3892 0.723237
3893 0.657393
3894 0.636503
3895 0.914119
3896 0.909411
3897 0.845603
3898 0.865031
3899 0.657472
3900 0.818222
3901 0.988324
3902 0.57339
3903 0.628991
3904 0.502364
3905 0.911788
3906 0.810247
3907 0.804063
3908 0.871992
3909 0.744611
3910 0.681825
3911 0.749339
3912 0.719036
3913 0.659107
3914 0.792224
3915 0.922704
3916 0.622216
3917 0.786981
3918 0.880017
3919 0.853241
3920 0.989971
3921 0.719318
3922 0.81298
3923 0.813879
3924 0.729683
3925 0.576884
3926 0.935551
3927 0.768989
3928 0.787596
3929 0.51284
3930 0.840794
3931 0.766705
3932 0.756147
3933 0.725513
3934 0.881955
3935 0.859447
3936 0.960619
3937 0.851025
3938 0.919253
3939 0.907023
3940 0.86408
3941 0.991636
3942 0.735506
3943 0.84886
3944 0.844106
3945 0.796766
3946 0.900624
3947 0.665767
3948 0.881688
3949 0.897656
3950 0.806543
3951 0.939352
3952 0.617757
3953 0.7458
3954 0.803674
3955 0.811811
3956 0.945101
3957 0.818595
3958 0.774936
3959 0.809257
3960 0.615271
3961 0.685663
3962 0.761873
3963 0.705603
3964 0.656379
3965 0.672737
3966 0.89234
3967 0.621697
3968 0.792707
3969 0.806993
3970 0.780771
3971 0.764741
3972 0.907653
3973 0.900231
3974 0.850871
3975 0.877416
3976 0.733421
3977 0.804157
3978 0.934046
3979 0.785024
3980 0.792444
3981 0.905023
3982 0.830216
3983 0.855132
3984 0.767097
3985 0.861785
3986 0.939765
3987 0.743831
3988 0.817065
3989 0.620912
3990 0.907307
3991 0.713454
3992 0.576408
3993 0.751867
3994 0.744423
3995 0.874387
3996 0.879121
3997 0.79045
3998 0.808006
3999 0.841194
4000 0.805656
4001 0.799998
4002 0.89327
4003 0.866525
4004 0.835923
4005 0.827459
4006 0.726134
4007 0.823595
4008 0.850343
4009 0.826565
4010 0.762008
4011 0.609337
4012 0.727923
4013 0.722924
4014 0.729172
4015 0.925862
4016 0.83588
4017 0.943241
4018 0.8308
4019 0.905518
4020 0.758732
4021 0.724822
4022 0.564958
4023 0.918626
4024 0.819296
4025 0.809819
4026 0.905485
4027 0.701425
4028 0.919233
4029 0.853788
4030 0.849998
4031 0.559697
4032 0.702796
4033 0.595444
4034 0.799099
4035 0.766872
4036 0.755561
4037 0.900219
4038 0.746037
4039 0.862991
4040 0.85864
4041 0.901028
4042 0.797623
4043 0.88621
4044 0.863871
4045 0.950152
4046 0.809761
4047 0.807429
4048 0.778557
4049 0.81644
4050 0.942298
4051 0.764163
4052 0.832908
4053 0.872944
4054 0.438028
4055 0.932205
4056 0.671969
4057 0.672363
4058 0.898187
4059 0.808364
4060 0.806397
4061 0.746108
4062 0.886727
4063 0.707576
4064 0.968151
4065 0.697932
4066 0.84112
4067 0.787297
4068 0.930105
4069 0.837709
4070 0.864368
4071 0.660775
4072 0.609658
4073 0.83496
4074 0.80527
4075 0.84832
4076 0.929898
4077 0.7797
4078 0.683965
4079 0.847887
4080 0.712193
4081 0.690223
4082 0.739492
4083 0.616241
4084 0.852905
4085 0.858403
4086 0.778227
4087 0.640515
4088 0.853006
4089 0.818876
4090 0.918002
4091 0.736586
4092 0.627643
4093 0.855618
4094 0.731176
4095 0.76823
4096 0.824587
4097 0.921818
4098 0.963979
4099 0.694952
4100 0.912819
4101 0.799548
4102 0.872499
4103 0.728579
4104 0.863969
4105 0.803285
4106 0.766958
4107 0.812513
4108 0.727419
4109 0.713105
4110 0.968305
4111 0.936775
4112 0.943853
4113 0.802008
4114 0.948151
4115 0.679067
4116 0.738586
4117 0.549322
4118 0.829831
4119 0.935436
4120 0.899187
4121 0.794042
4122 0.8948
4123 0.694425
4124 0.717424
4125 0.817238
4126 0.651665
4127 0.868035
4128 0.899967
4129 0.744988
4130 0.885171
4131 0.872303
4132 0.859587
4133 0.643956
4134 0.872062
4135 0.728108
4136 0.633245
4137 0.822618
4138 0.624632
4139 0.7839
4140 0.713013
4141 0.870204
4142 0.886057
4143 0.777979
4144 0.794537
4145 0.794505
4146 0.674752
4147 0.885534
4148 0.825289
4149 0.783963
4150 0.942711
4151 0.954987
4152 0.785614
4153 0.862189
4154 0.788472
4155 0.771213
4156 0.906102
4157 0.836305
4158 0.758998
4159 0.828817
4160 0.847094
4161 0.840915
4162 0.846956
4163 0.747109
4164 0.666647
4165 0.81119
4166 0.90433
4167 0.71714
4168 0.875067
4169 0.850255
4170 0.898522
4171 0.774443
4172 0.746959
4173 0.753551
4174 0.909153
4175 0.826942
4176 0.917905
4177 0.705448
4178 0.829338
4179 0.666503
4180 0.634389
4181 0.959981
4182 0.628078
4183 0.754396
4184 0.839909
4185 0.857731
4186 0.905052
4187 0.762059
4188 0.611611
4189 0.607922
4190 0.905105
4191 0.793228
4192 0.880949
4193 0.705686
4194 0.6811
4195 0.863235
4196 0.859097
4197 0.904178
4198 0.749064
4199 0.801951
4200 0.759495
4201 0.707324
4202 0.711611
4203 0.783904
4204 0.918066
4205 0.87679
4206 0.731919
4207 0.948177
4208 0.86532
4209 0.870328
4210 0.76384
4211 0.894387
4212 0.816134
4213 0.719776
4214 0.962184
4215 0.686561
4216 0.98358
4217 0.635525
4218 0.895969
4219 0.816111
4220 0.929183
4221 0.705857
4222 0.821921
4223 0.667937
4224 0.617817
4225 0.788118
4226 0.979524
4227 0.713182
4228 0.75058
4229 0.677963
4230 0.865937
4231 0.872357
4232 0.808589
4233 0.926189
4234 0.658584
4235 0.760645
4236 0.930985
4237 0.875381
4238 0.88263
4239 0.969255
4240 0.681243
4241 0.796621
4242 0.843386
4243 0.905447
4244 0.889267
4245 0.695889
4246 0.72965
4247 0.859487
4248 0.808623
4249 0.782796
4250 0.876684
4251 0.901093
4252 0.821269
4253 0.82071
4254 0.734452
4255 0.84849
4256 0.829554
4257 0.749744
4258 0.926621
4259 0.840272
4260 0.807902
4261 0.874616
4262 0.784019
4263 0.773896
4264 0.852802
4265 0.908866
4266 0.808453
4267 0.830584
4268 0.756467
4269 0.813695
4270 0.687024
4271 0.967677
4272 0.832113
4273 0.784782
4274 0.905856
4275 0.782344
4276 0.870438
4277 0.869529
4278 0.842771
4279 0.887194
4280 0.734172
4281 0.92469
4282 0.720713
4283 0.916075
4284 0.773844
4285 0.95474
4286 0.825306
4287 0.882581
4288 0.856155
4289 0.801005
4290 0.817729
4291 0.869385
4292 0.802022
4293 0.851664
4294 0.812454
4295 0.692892
4296 0.823829
4297 0.750013
4298 0.918496
4299 0.829665
4300 0.859785
4301 0.904551
4302 0.827213
4303 0.80947
4304 0.791783
4305 0.869896
4306 0.839782
4307 0.93121
4308 0.936201
4309 0.822808
4310 0.816495
4311 0.929863
4312 0.838603
4313 0.947444
4314 0.886614
4315 0.838574
4316 0.937089
4317 0.857797
4318 0.928289
4319 0.804138
4320 0.719506
4321 0.637685
4322 0.678175
4323 0.878436
4324 0.683384
4325 0.959208
4326 0.824442
4327 0.845231
4328 0.837645
4329 0.851894
4330 0.820377
4331 0.84209
4332 0.786217
4333 0.781941
4334 0.915819
4335 0.672408
4336 0.75574
4337 0.818647
4338 0.71555
4339 0.830274
4340 0.794423
4341 0.770617
4342 0.638566
4343 0.881219
4344 0.937896
4345 0.788891
4346 0.680664
4347 0.74578
4348 0.799458
4349 0.801234
4350 0.792682
4351 0.906815
4352 0.895213
4353 0.946436
4354 0.708179
4355 0.708885
4356 0.72377
4357 0.83711
4358 0.600064
4359 0.686854
4360 0.546839
4361 0.831698
4362 0.695451
4363 0.797662
4364 0.818061
4365 0.857717
4366 0.900496
4367 0.6421
4368 0.706207
4369 0.730649
4370 0.667077
4371 0.723785
4372 0.62391
4373 0.870658
4374 0.84742
4375 0.689327
4376 0.835139
4377 0.97259
4378 0.899423
4379 0.91038
4380 0.982894
4381 0.928155
4382 0.817078
4383 0.847121
4384 0.85778
4385 0.868883
4386 0.868178
4387 0.768124
4388 0.878023
4389 0.864812
4390 0.840111
4391 0.727928
4392 0.653573
4393 0.605228
4394 0.928124
4395 0.801238
4396 0.794369
4397 0.694558
4398 0.869793
4399 0.741333
4400 0.808504
4401 0.979411
4402 0.620135
4403 0.764922
4404 0.780346
4405 0.955008
4406 0.652955
4407 0.739452
4408 0.670793
4409 0.805901
4410 0.743814
4411 0.75128
4412 0.884445
4413 0.606261
4414 0.787505
4415 0.903627
4416 0.757843
4417 0.748827
4418 0.685767
4419 0.697956
4420 0.843286
4421 0.955737
4422 0.742214
4423 0.955913
4424 0.942528
4425 0.706634
4426 0.873125
4427 0.875983
4428 0.713186
4429 0.806316
4430 0.791522
4431 0.894756
4432 0.615041
4433 0.776588
4434 0.63729
4435 0.726903
4436 0.690988
4437 0.632508
4438 0.797008
4439 0.757766
4440 0.834206
4441 0.929318
4442 0.613732
4443 0.633399
4444 0.831628
4445 0.656819
4446 0.818513
4447 0.691822
4448 0.504456
4449 0.731384
4450 0.910791
4451 0.968842
4452 0.835885
4453 0.790722
4454 0.892191
4455 0.892558
4456 0.791846
4457 0.852194
4458 0.730014
4459 0.773195
4460 0.848454
4461 0.738519
4462 0.862609
4463 0.861568
4464 0.73876
4465 0.776425
4466 0.766389
4467 0.827508
4468 0.689684
4469 0.899877
4470 0.870583
4471 0.540118
4472 0.79525
4473 0.935334
4474 0.912169
4475 0.881152
4476 0.886612
4477 0.803788
4478 0.915185
4479 0.853422
4480 0.876942
4481 0.790482
4482 0.981939
4483 0.894007
4484 0.937907
4485 0.868936
4486 0.680665
4487 0.806718
4488 0.89005
4489 0.797611
4490 0.840547
4491 0.889906
4492 0.915864
4493 0.769979
4494 0.873926
4495 0.75359
4496 0.930576
4497 0.773415
4498 0.617699
4499 0.909664
4500 0.943366
4501 0.635925
4502 0.932767
4503 0.760597
4504 0.850247
4505 0.795436
4506 0.874813
4507 0.83965
4508 0.929417
4509 0.645194
4510 0.89867
4511 0.80625
4512 0.882944
4513 0.761071
4514 0.681414
4515 0.858473
4516 0.642394
4517 0.901514
4518 0.920245
4519 0.828272
4520 0.891134
4521 0.717624
4522 0.897047
4523 0.811126
4524 0.738759
4525 0.790621
4526 0.837315
4527 0.740773
4528 0.848664
4529 0.775728
4530 0.767632
4531 0.701051
4532 0.823097
4533 0.874678
4534 0.613841
4535 0.519883
4536 0.911567
4537 0.865234
4538 0.842342
4539 0.800003
4540 0.699538
4541 0.785643
4542 0.815013
4543 0.813414
4544 0.824337
4545 0.847295
4546 0.782028
4547 0.727306
4548 0.697975
4549 0.911337
4550 0.858929
4551 0.766413
4552 0.842154
4553 0.794298
4554 0.789318
4555 0.678345
4556 0.858832
4557 0.861437
4558 0.820657
4559 0.763367
4560 0.751822
4561 0.855667
4562 0.804683
4563 0.783827
4564 0.853582
4565 0.893322
4566 0.929823
4567 0.694403
4568 0.668327
4569 0.808859
4570 0.757754
4571 0.747149
4572 0.701491
4573 0.725115
4574 0.770256
4575 0.714838
4576 0.707873
4577 0.805002
4578 0.788464
4579 0.621859
4580 0.881299
4581 0.78955
4582 0.878475
4583 0.823556
4584 0.867182
4585 0.746679
4586 0.76829
4587 0.638655
4588 0.898393
4589 0.699863
4590 0.84815
4591 0.757981
4592 0.895824
4593 0.945062
4594 0.856268
4595 0.77942
4596 0.593727
4597 0.729398
4598 0.76264
4599 0.832281
4600 0.783864
4601 0.706572
4602 0.774611
4603 0.694024
4604 0.738009
4605 0.7077
4606 0.610971
4607 0.738778
4608 0.766783
4609 0.90956
4610 0.735431
4611 0.815488
4612 0.884615
4613 0.857623
4614 0.801784
4615 0.733509
4616 0.913301
4617 0.776086
4618 0.771903
4619 0.812931
4620 0.842399
4621 0.869848
4622 0.736961
4623 0.835153
4624 0.874503
4625 0.861805
4626 0.905634
4627 0.809221
4628 0.878121
4629 0.729388
4630 0.771424
4631 0.812684
4632 0.832194
4633 0.749285
4634 0.89798
4635 0.948086
4636 0.493905
4637 0.798559
4638 0.792281
4639 0.868033
4640 0.916193
4641 0.790729
4642 0.692512
4643 0.668202
4644 0.792918
4645 0.728383
4646 0.838844
4647 0.923473
4648 0.823094
4649 0.713436
4650 0.702021
4651 0.619048
4652 0.958063
4653 0.898101
4654 0.900321
4655 0.961956
4656 0.712502
4657 0.898213
4658 0.717646
4659 0.765042
4660 0.90393
4661 0.914806
4662 0.662528
4663 0.928498
4664 0.864866
4665 0.833862
4666 0.661068
4667 0.789677
4668 0.72784
4669 0.869801
4670 0.812409
4671 0.772964
4672 0.827359
4673 0.845186
4674 0.69019
4675 0.768067
4676 0.625185
4677 0.778969
4678 0.723309
4679 0.796522
4680 0.752871
4681 0.908657
4682 0.88027
4683 0.722138
4684 0.910991
4685 0.752837
4686 0.782488
4687 0.687582
4688 0.768277
4689 0.564033
4690 0.718656
4691 0.821749
4692 0.625137
4693 0.795921
4694 0.710999
4695 0.859165
4696 0.843914
4697 0.745438
4698 0.803268
4699 0.808906
4700 0.878073
4701 0.848768
4702 0.819011
4703 0.831794
4704 0.804098
4705 0.916578
4706 0.944939
4707 0.87954
4708 0.924271
4709 0.900819
4710 0.691932
4711 0.663826
4712 0.890005
4713 0.758511
4714 0.963261
4715 0.834068
4716 0.738537
4717 0.950596
4718 0.651709
4719 0.714715
4720 0.62362
4721 0.817522
4722 0.827606
4723 0.833302
4724 0.875634
4725 0.704608
4726 0.756737
4727 0.61784
4728 0.904335
4729 0.852335
4730 0.701092
4731 0.727619
4732 0.803375
4733 0.787469
4734 0.835024
4735 0.760052
4736 0.809774
4737 0.873796
4738 0.81214
4739 0.915174
4740 0.767556
4741 0.761695
4742 0.686757
4743 0.756973
4744 0.687611
4745 0.77698
4746 0.973626
4747 0.791619
4748 0.69625
4749 0.585213
4750 0.798836
4751 0.698505
4752 0.581258
4753 0.860794
4754 0.863414
4755 0.816804
4756 0.804705
4757 0.828263
4758 0.747595
4759 0.871952
4760 0.743405
4761 0.900252
4762 0.876435
4763 0.706873
4764 0.664986
4765 0.820326
4766 0.7265
4767 0.682687
4768 0.662913
4769 0.771678
4770 0.834813
4771 0.784402
4772 0.872466
4773 0.876061
4774 0.689455
4775 0.811446
4776 0.713935
4777 0.88792
4778 0.918196
4779 0.801514
4780 0.780716
4781 0.897623
4782 0.928791
4783 0.735938
4784 0.697334
4785 0.583204
4786 0.736487
4787 0.823137
4788 0.894412
4789 0.950537
4790 0.882492
4791 0.601997
4792 0.88848
4793 0.889256
4794 0.786818
4795 0.853852
4796 0.909696
4797 0.704271
4798 0.863587
4799 0.822475
4800 0.8029
4801 0.812151
4802 0.661997
4803 0.849955
4804 0.620838
4805 0.753986
4806 0.816066
4807 0.917074
4808 0.793461
4809 0.853484
4810 0.808504
4811 0.775231
4812 0.777203
4813 0.875885
4814 0.715213
4815 0.892288
4816 0.920467
4817 0.809996
4818 0.860179
4819 0.908774
4820 0.889368
4821 0.884888
4822 0.769996
4823 0.439618
4824 0.896704
4825 0.779548
4826 0.785116
4827 0.847458
4828 0.545984
4829 0.82367
4830 0.786604
4831 0.824274
4832 0.854695
4833 0.647211
4834 0.563026
4835 0.787086
4836 0.644216
4837 0.584303
4838 0.702969
4839 0.942652
4840 0.835499
4841 0.768989
4842 0.929
4843 0.625241
4844 0.866411
4845 0.7553
4846 0.842798
4847 0.771951
4848 0.790833
4849 0.790378
4850 0.921774
4851 0.554978
4852 0.708453
4853 0.956109
4854 0.917399
4855 0.957349
4856 0.648241
4857 0.664499
4858 0.72597
4859 0.713028
4860 0.910679
4861 0.774433
4862 0.628709
4863 0.679136
4864 0.785081
4865 0.699007
4866 0.82996
4867 0.7644
4868 0.817458
4869 0.919114
4870 0.921214
4871 0.885258
4872 0.823997
4873 0.895378
4874 0.709638
4875 0.77917
4876 0.927654
4877 0.884472
4878 0.870463
4879 0.736399
4880 0.701874
4881 0.784163
4882 0.935586
4883 0.976568
4884 0.940293
4885 0.840666
4886 0.714967
4887 0.814011
4888 0.708256
4889 0.834367
4890 0.753887
4891 0.721385
4892 0.911474
4893 0.968023
4894 0.90268
4895 0.883129
4896 0.91243
4897 0.734427
4898 0.860215
4899 0.911524
4900 0.869538
4901 0.956448
4902 0.785898
4903 0.827878
4904 0.895901
4905 0.966742
4906 0.635869
4907 0.828735
4908 0.822238
4909 0.790871
4910 0.833021
4911 0.66561
4912 0.884467
4913 0.727263
4914 0.874642
4915 0.844501
4916 0.906679
4917 0.655395
4918 0.882445
4919 0.675221
4920 0.932998
4921 0.794397
4922 0.697322
4923 0.863396
4924 0.744127
4925 0.832586
4926 0.846391
4927 0.833288
4928 0.763523
4929 0.788705
4930 0.777018
4931 0.876838
4932 0.796056
4933 0.865459
4934 0.924848
4935 0.66161
4936 0.824097
4937 0.839418
4938 0.735268
4939 0.849786
4940 0.934589
4941 0.718998
4942 0.88322
4943 0.838846
4944 0.874718
4945 0.827813
4946 0.645218
4947 0.89405
4948 0.792596
4949 0.722257
4950 0.626812
4951 0.890995
4952 0.924731
4953 0.777009
4954 0.900742
4955 0.885818
4956 0.754334
4957 0.692508
4958 0.724959
4959 0.792846
4960 0.855251
4961 0.866638
4962 0.853163
4963 0.761965
4964 0.915947
4965 0.873322
4966 0.851101
4967 0.8655
4968 0.777474
4969 0.782215
4970 0.821024
4971 0.910239
4972 0.821083
4973 0.757691
4974 0.695102
4975 0.897124
4976 0.884813
4977 0.793988
4978 0.753012
4979 0.694078
4980 0.878971
4981 0.877907
4982 0.840999
4983 0.856581
4984 0.868444
4985 0.943707
4986 0.849461
4987 0.765495
4988 0.665125
4989 0.788985
4990 0.753326
4991 0.894575
4992 0.925955
4993 0.743288
4994 0.957302
4995 0.72937
4996 0.738567
4997 0.821597
4998 0.774024
4999 0.737115
5000 0.861288
5001 0.950651
5002 0.824021
5003 0.879835
5004 0.653575
5005 0.836631
5006 0.767879
5007 0.538854
5008 0.836885
5009 0.83556
5010 0.770528
5011 0.892032
5012 0.924671
5013 0.882036
5014 0.57362
5015 0.906238
5016 0.890962
5017 0.742818
5018 0.822725
5019 0.866043
5020 0.833978
5021 0.634242
5022 0.739548
5023 0.809615
5024 0.801025
5025 0.897367
5026 0.924339
5027 0.728875
5028 0.765665
5029 0.811489
5030 0.848024
5031 0.842135
5032 0.727969
5033 0.890133
5034 0.878455
5035 0.817867
5036 0.760341
5037 0.815524
5038 0.826852
5039 0.825004
5040 0.570799
5041 0.866137
5042 0.923166
5043 0.825173
5044 0.76633
5045 0.796421
5046 0.768367
5047 0.826267
5048 0.718932
5049 0.70905
5050 0.864727
5051 0.778889
5052 0.81095
5053 0.701834
5054 0.762991
5055 0.903211
5056 0.585381
5057 0.624482
5058 0.868801
5059 0.93914
5060 0.450502
5061 0.829784
5062 0.581588
5063 0.89544
5064 0.697464
5065 0.704796
5066 0.780057
5067 0.963888
5068 0.758129
5069 0.866281
5070 0.858512
5071 0.886994
5072 0.912454
5073 0.919052
5074 0.961361
5075 0.844189
5076 0.69929
5077 0.978029
5078 0.751928
5079 0.637724
5080 0.819828
5081 0.822491
5082 0.834602
5083 0.738008
5084 0.942665
5085 0.881224
5086 0.822464
5087 0.657737
5088 0.841083
5089 0.856764
5090 0.778054
5091 0.901486
5092 0.775559
5093 0.805707
5094 0.842197
5095 0.738003
5096 0.784136
5097 0.830661
5098 0.709773
5099 0.941523
5100 0.818257
5101 0.690589
5102 0.771793
5103 0.860009
5104 0.882625
5105 0.889505
5106 0.852529
5107 0.734105
5108 0.909181
5109 0.787937
5110 0.855088
5111 0.97798
5112 0.784438
5113 0.74043
5114 0.731541
5115 0.86708
5116 0.887072
5117 0.852443
5118 0.846422
5119 0.798781
5120 0.874449
5121 0.743757
5122 0.771347
5123 0.892802
5124 0.793266
5125 0.887886
5126 0.726492
5127 0.886066
5128 0.889935
5129 0.951553
5130 0.640147
5131 0.914
5132 0.881832
5133 0.938617
5134 0.897458
5135 0.873695
5136 0.796556
5137 0.710018
5138 0.487359
5139 0.931752
5140 0.875825
5141 0.832343
5142 0.870462
5143 0.846786
5144 0.736354
5145 0.894463
5146 0.71724
5147 0.938058
5148 0.720458
5149 0.870288
5150 0.82901
5151 0.72211
5152 0.844378
5153 0.937673
5154 0.654396
5155 0.903443
5156 0.935451
5157 0.880195
5158 0.700918
5159 0.864502
5160 0.833224
5161 0.861698
5162 0.738704
5163 0.651761
5164 0.918943
5165 0.836918
5166 0.715099
5167 0.86577
5168 0.889669
5169 0.872732
5170 0.835067
5171 0.94834
5172 0.799076
5173 0.651324
5174 0.661641
5175 0.604251
5176 0.922315
5177 0.787899
5178 0.64184
5179 0.604628
5180 0.927423
5181 0.7509
5182 0.768233
5183 0.842678
5184 0.842228
5185 0.688226
5186 0.82918
5187 0.621499
5188 0.764611
5189 0.799466
5190 0.852482
5191 0.850017
5192 0.790408
5193 0.908928
5194 0.910814
5195 0.728191
5196 0.789391
5197 0.681836
5198 0.873346
5199 0.873306
5200 0.760075
5201 0.907878
5202 0.907463
5203 0.822432
5204 0.753058
5205 0.681596
5206 0.672311
5207 0.666378
5208 0.947571
5209 0.875738
5210 0.576385
5211 0.626628
5212 0.794356
5213 0.678247
5214 0.71101
5215 0.818121
5216 0.866895
5217 0.833287
5218 0.80248
5219 0.878779
5220 0.729361
5221 0.764493
5222 0.743508
5223 0.952675
5224 0.679799
5225 0.928814
5226 0.696531
5227 0.737697
5228 0.860979
5229 0.552968
5230 0.843417
5231 0.832467
5232 0.906251
5233 0.802835
5234 0.807442
5235 0.835601
5236 0.82986
5237 0.896525
5238 0.752617
5239 0.946858
5240 0.788452
5241 0.840044
5242 0.862154
5243 0.796825
5244 0.848749
5245 0.958794
5246 0.704492
5247 0.836128
5248 0.790776
5249 0.899255
5250 0.729342
5251 0.802429
5252 0.842461
5253 0.557403
5254 0.481561
5255 0.785158
5256 0.789896
5257 0.873779
5258 0.870294
5259 0.789894
5260 0.861747
5261 0.83697
5262 0.78496
5263 0.870027
5264 0.859634
5265 0.677364
5266 0.755962
5267 0.6762
5268 0.817468
5269 0.94435
5270 0.900495
5271 0.953438
5272 0.776958
5273 0.771295
5274 0.922243
5275 0.882117
5276 0.857515
5277 0.849408
5278 0.939495
5279 0.758584
5280 0.846366
5281 0.742177
5282 0.855626
5283 0.860886
5284 0.863336
5285 0.792574
5286 0.972819
5287 0.726182
5288 0.741419
5289 0.664117
5290 0.814591
5291 0.87352
5292 0.892673
5293 0.901958
5294 0.821524
5295 0.712949
5296 0.755526
5297 0.92501
5298 0.956861
5299 0.866226
5300 0.848804
5301 0.796411
5302 0.897713
5303 0.894911
5304 0.6995
5305 0.700038
5306 0.744402
5307 0.792444
5308 0.69036
5309 0.758802
5310 0.872107
5311 0.829743
5312 0.702004
5313 0.71152
5314 0.894359
5315 0.672962
5316 0.833794
5317 0.763943
5318 0.825547
5319 0.878732
5320 0.819018
5321 0.920877
5322 0.863511
5323 0.889557
5324 0.894078
5325 0.972577
5326 0.930246
5327 0.891685
5328 0.86502
5329 0.886294
5330 0.690024
5331 0.786161
5332 0.631291
5333 0.7493
5334 0.911465
5335 0.723352
5336 0.694685
5337 0.723326
5338 0.880892
5339 0.88148
5340 0.766193
5341 0.778324
5342 0.724054
5343 0.745105
5344 0.860348
5345 0.813865
5346 0.926453
5347 0.967805
5348 0.967577
5349 0.797793
5350 0.634219
5351 0.640339
5352 0.840908
5353 0.81637
5354 0.979514
5355 0.870423
5356 0.910807
5357 0.928591
5358 0.74017
5359 0.731319
5360 0.651075
5361 0.674902
5362 0.835429
5363 0.673265
5364 0.874418
5365 0.786409
5366 0.748964
5367 0.903679
5368 0.908842
5369 0.821961
5370 0.836595
5371 0.864365
5372 0.780338
5373 0.806645
5374 0.698816
5375 0.840528
5376 0.692866
5377 0.788949
5378 0.675291
5379 0.701641
5380 0.785326
5381 0.691098
5382 0.914374
5383 0.496789
5384 0.870786
5385 0.860567
5386 0.836269
5387 0.833089
5388 0.915097
5389 0.724314
5390 0.812844
5391 0.796583
5392 0.900759
5393 0.790112
5394 0.792518
5395 0.708974
5396 0.815757
5397 0.933448
5398 0.833715
5399 0.905415
5400 0.717546
5401 0.74559
5402 0.906974
5403 0.634966
5404 0.984005
5405 0.819693
5406 0.848764
5407 0.85874
5408 0.62488
5409 0.769112
5410 0.682998
5411 0.774497
5412 0.847988
5413 0.639663
5414 0.893425
5415 0.90596
5416 0.657358
5417 0.98486
5418 0.756212
5419 0.615546
5420 0.749499
5421 0.689749
5422 0.859737
5423 0.7589
5424 0.611366
5425 0.850941
5426 0.68896
5427 0.818321
5428 0.681391
5429 0.830288
5430 0.892337
5431 0.940304
5432 0.701499
5433 0.8832
5434 0.756769
5435 0.839827
5436 0.865502
5437 0.91605
5438 0.820168
5439 0.772452
5440 0.605998
5441 0.751276
5442 0.78742
5443 0.885221
5444 0.759174
5445 0.765499
5446 0.740298
5447 0.845246
5448 0.821435
5449 0.779378
5450 0.74317
5451 0.883762
5452 0.881778
5453 0.894939
5454 0.847919
5455 0.893286
5456 0.829599
5457 0.767115
5458 0.644988
5459 0.843076
5460 0.886492
5461 0.824208
5462 0.71833
5463 0.731084
5464 0.723533
5465 0.887935
5466 0.938915
5467 0.728023
5468 0.79356
5469 0.778313
5470 0.738318
5471 0.799987
5472 0.825992
5473 0.665623
5474 0.800965
5475 0.733442
5476 0.871846
5477 0.942717
5478 0.821298
5479 0.766941
5480 0.803112
5481 0.850321
5482 0.732392
5483 0.807246
5484 0.825239
5485 0.586083
5486 0.714195
5487 0.875354
5488 0.585507
5489 0.697765
5490 0.927641
5491 0.840452
5492 0.867289
5493 0.767815
5494 0.695979
5495 0.910557
5496 0.885715
5497 0.750686
5498 0.83681
5499 0.888886
5500 0.875865
5501 0.703462
5502 0.678844
5503 0.763276
5504 0.742513
5505 0.79464
5506 0.779365
5507 0.812588
5508 0.777664
5509 0.690234
5510 0.524327
5511 0.791576
5512 0.880868
5513 0.776304
5514 0.841538
5515 0.877674
5516 0.726781
5517 0.813844
5518 0.773907
5519 0.756038
5520 0.899763
5521 0.982311
5522 0.82805
5523 0.711301
5524 0.806376
5525 0.787087
5526 0.739749
5527 0.960478
5528 0.772079
5529 0.917284
5530 0.950956
5531 0.862523
5532 0.920678
5533 0.843573
5534 0.700076
5535 0.82594
5536 0.799926
5537 0.693383
5538 0.86131
5539 0.724491
5540 0.798546
5541 0.86566
5542 0.775884
5543 0.839836
5544 0.734214
5545 0.600928
5546 0.828401
5547 0.835403
5548 0.846639
5549 0.88357
5550 0.932225
5551 0.910563
5552 0.783766
5553 0.721422
5554 0.855399
5555 0.940253
5556 0.786587
5557 0.854166
5558 0.813634
5559 0.833916
5560 0.709858
5561 0.943248
5562 0.864384
5563 0.862523
5564 0.636201
5565 0.777165
5566 0.857458
5567 0.824224
5568 0.826461
5569 0.818321
5570 0.915348
5571 0.825299
5572 0.547495
5573 0.873066
5574 0.749877
5575 0.926411
5576 0.734656
5577 0.584484
5578 0.764586
5579 0.7592
5580 0.837793
5581 0.694236
5582 0.789558
5583 0.548419
5584 0.812591
5585 0.705031
5586 0.812632
5587 0.861107
5588 0.969475
5589 0.861545
5590 0.831302
5591 0.766884
5592 0.870335
5593 0.846958
5594 0.757382
5595 0.715571
5596 0.695361
5597 0.861606
5598 0.81785
5599 0.740392
5600 0.894473
5601 0.716062
5602 0.876909
5603 0.6692
5604 0.65262
5605 0.947824
5606 0.880073
5607 0.746522
5608 0.962226
5609 0.844369
5610 0.86412
5611 0.777764
5612 0.815246
5613 0.735477
5614 0.787875
5615 0.749616
5616 0.768052
5617 0.682015
5618 0.890473
5619 0.808217
5620 0.625696
5621 0.710719
5622 0.788975
5623 0.645145
5624 0.78501
5625 0.746074
5626 0.824223
5627 0.841567
5628 0.788765
5629 0.74531
5630 0.829134
5631 0.806231
5632 0.824058
5633 0.916188
5634 0.946072
5635 0.817747
5636 0.826854
5637 0.838094
5638 0.800389
5639 0.719603
5640 0.795475
5641 0.749719
5642 0.724589
5643 0.712566
5644 0.722875
5645 0.753016
5646 0.735956
5647 0.687155
5648 0.736747
5649 0.703024
5650 0.826411
5651 0.841818
5652 0.881896
5653 0.813037
5654 0.845459
5655 0.578615
5656 0.810491
5657 0.814829
5658 0.803193
5659 0.786091
5660 0.805485
5661 0.767278
5662 0.795566
5663 0.83131
5664 0.86211
5665 0.737267
5666 0.950404
5667 0.780094
5668 0.653323
5669 0.797923
5670 0.848594
5671 0.814796
5672 0.719214
5673 0.795165
5674 0.686509
5675 0.837113
5676 0.787281
5677 0.777025
5678 0.746741
5679 0.914447
5680 0.79523
5681 0.772147
5682 0.701061
5683 0.87674
5684 0.8501
5685 0.785525
5686 0.898349
5687 0.932258
5688 0.912863
5689 0.943778
5690 0.880724
5691 0.663827
5692 0.876811
5693 0.726658
5694 0.816916
5695 0.802735
5696 0.691654
5697 0.645978
5698 0.661846
5699 0.729415
5700 0.796844
5701 0.823928
5702 0.806398
5703 0.85979
5704 0.74208
5705 0.679092
5706 0.711147
5707 0.836572
5708 0.895293
5709 0.655807
5710 0.676489
5711 0.869992
5712 0.731093
5713 0.839135
5714 0.940357
5715 0.805465
5716 0.801136
5717 0.880158
5718 0.650811
5719 0.59309
5720 0.700831
5721 0.737112
5722 0.803352
5723 0.695472
5724 0.822623
5725 0.425693
5726 0.693784
5727 0.746579
5728 0.748113
5729 0.946661
5730 0.801064
5731 0.902115
5732 0.803782
5733 0.842788
5734 0.828643
5735 0.896158
5736 0.849616
5737 0.928879
5738 0.774956
5739 0.820343
5740 0.885375
5741 0.878155
5742 0.947087
5743 0.79549
5744 0.774398
5745 0.909589
5746 0.875906
5747 0.868181
5748 0.936732
5749 0.796747
5750 0.930289
5751 0.753781
5752 0.695679
5753 0.78486
5754 0.801976
5755 0.871276
5756 0.982055
5757 0.729519
5758 0.841965
5759 0.797754
5760 0.797386
5761 0.787989
5762 0.805544
5763 0.644755
5764 0.825309
5765 0.927554
5766 0.827408
5767 0.829899
5768 0.903514
5769 0.877292
5770 0.816795
5771 0.783231
5772 0.738083
5773 0.745261
5774 0.876644
5775 0.888128
5776 0.717733
5777 0.903545
5778 0.828874
5779 0.79244
5780 0.762186
5781 0.74997
5782 0.886798
5783 0.755199
5784 0.700117
5785 0.695427
5786 0.773311
5787 0.712848
5788 0.745732
5789 0.618124
5790 0.710073
5791 0.692127
5792 0.844886
5793 0.821388
5794 0.878441
5795 0.770993
5796 0.819659
5797 0.67528
5798 0.945725
5799 0.854369
5800 0.835044
5801 0.675122
5802 0.729801
5803 0.754079
5804 0.666316
5805 0.855789
5806 0.924407
5807 0.869389
5808 0.935671
5809 0.698017
5810 0.769919
5811 0.802855
5812 0.733379
5813 0.710275
5814 0.891616
5815 0.767525
5816 0.778865
5817 0.960974
5818 0.901503
5819 0.752776
5820 0.888119
5821 0.770487
5822 0.960345
5823 0.692072
5824 0.866269
5825 0.793396
5826 0.892482
5827 0.923371
5828 0.842574
5829 0.852525
5830 0.762649
5831 0.731299
5832 0.775637
5833 0.893105
5834 0.782364
5835 0.599943
5836 0.825802
5837 0.741514
5838 0.768107
5839 0.750521
5840 0.670698
5841 0.721359
5842 0.658629
5843 0.887261
5844 0.950612
5845 0.858303
5846 0.905547
5847 0.846468
5848 0.787138
5849 0.700686
5850 0.846445
5851 0.651752
5852 0.838914
5853 0.802536
5854 0.922509
5855 0.850333
5856 0.883071
5857 0.734225
5858 0.861665
5859 0.908509
5860 0.814287
5861 0.818972
5862 0.900923
5863 0.973921
5864 0.714881
5865 0.892362
5866 0.812766
5867 0.791168
5868 0.704494
5869 0.735174
5870 0.875841
5871 0.658224
5872 0.843872
5873 0.824793
5874 0.896195
5875 0.633965
5876 0.72188
5877 0.824724
5878 0.73258
5879 0.591702
5880 0.662951
5881 0.626843
5882 0.790517
5883 0.768865
5884 0.755955
5885 0.673402
5886 0.699231
5887 0.739253
5888 0.742682
5889 0.756955
5890 0.732654
5891 0.742551
5892 0.819139
5893 0.620897
5894 0.848065
5895 0.62444
5896 0.809265
5897 0.651603
5898 0.867536
5899 0.649364
5900 0.864881
5901 0.733066
5902 0.870889
5903 0.739846
5904 0.737561
5905 0.751674
5906 0.874161
5907 0.797271
5908 0.707149
5909 0.67761
5910 0.780722
5911 0.686408
5912 0.775925
5913 0.845136
5914 0.865991
5915 0.87753
5916 0.804599
5917 0.692533
5918 0.887617
5919 0.582814
5920 0.857831
5921 0.625186
5922 0.689551
5923 0.813851
5924 0.811748
5925 0.821289
5926 0.756131
5927 0.737307
5928 0.832206
5929 0.795187
5930 0.956986
5931 0.752026
5932 0.78425
5933 0.844453
5934 0.688864
5935 0.767969
5936 0.809639
5937 0.729523
5938 0.775877
5939 0.782056
5940 0.779233
5941 0.81657
5942 0.798969
5943 0.772754
5944 0.787046
5945 0.819097
5946 0.886969
5947 0.756214
5948 0.808207
5949 0.839028
5950 0.876505
5951 0.782305
5952 0.75469
5953 0.640775
5954 0.820694
5955 0.765244
5956 0.741644
5957 0.673991
5958 0.807999
5959 0.808972
5960 0.735796
5961 0.855014
5962 0.681348
5963 0.868832
5964 0.709298
5965 0.708065
5966 0.753459
5967 0.76423
5968 0.634567
5969 0.814248
5970 0.810416
5971 0.750188
5972 0.861503
5973 0.774558
5974 0.818859
5975 0.595613
5976 0.762596
5977 0.755283
5978 0.541345
5979 0.794718
5980 0.77267
5981 0.735205
5982 0.488441
5983 0.944305
5984 0.940691
5985 0.953943
5986 0.799751
5987 0.816292
5988 0.751904
5989 0.838618
5990 0.773825
5991 0.69494
5992 0.685168
5993 0.767859
5994 0.878934
5995 0.826922
5996 0.771706
5997 0.75117
5998 0.81983
5999 0.807922
6000 0.843562
6001 0.830149
6002 0.886367
6003 0.777978
6004 0.78467
6005 0.753303
6006 0.838699
6007 0.693131
6008 0.732699
6009 0.795905
6010 0.71368
6011 0.793195
6012 0.647736
6013 0.876019
6014 0.753121
6015 0.612181
6016 0.944405
6017 0.763277
6018 0.87116
6019 0.842445
6020 0.690365
6021 0.740375
6022 0.78579
6023 0.774433
6024 0.873597
6025 0.892578
6026 0.851776
6027 0.662976
6028 0.776776
6029 0.805162
6030 0.854969
6031 0.824681
6032 0.909236
6033 0.756611
6034 0.737533
6035 0.734218
6036 0.69214
6037 0.783975
6038 0.66339
6039 0.796685
6040 0.715428
6041 0.803555
6042 0.626796
6043 0.669411
6044 0.873438
6045 0.790398
6046 0.78799
6047 0.685594
6048 0.851172
6049 0.742898
6050 0.871165
6051 0.693166
6052 0.793315
6053 0.693498
6054 0.920642
6055 0.957636
6056 0.996287
6057 0.64841
6058 0.735728
6059 0.865179
6060 0.876028
6061 0.76391
6062 0.882159
6063 0.881314
6064 0.981309
6065 0.661847
6066 0.822322
6067 0.748276
6068 0.933528
6069 0.743474
6070 0.769759
6071 0.826712
6072 0.682504
6073 0.829623
6074 0.758675
6075 0.888383
6076 0.707299
6077 0.846045
6078 0.805299
6079 0.873046
6080 0.91293
6081 0.81482
6082 0.97186
6083 0.665349
6084 0.771102
6085 0.861206
6086 0.907333
6087 0.822905
6088 0.859859
6089 0.80029
6090 0.876276
6091 0.853326
6092 0.540094
6093 0.812878
6094 0.657798
6095 0.952287
6096 0.767497
6097 0.798886
6098 0.863397
6099 0.79259
6100 0.844325
6101 0.801667
6102 0.841336
6103 0.721383
6104 0.778053
6105 0.673391
6106 0.819121
6107 0.764522
6108 0.850145
6109 0.773921
6110 0.703593
6111 0.845824
6112 0.845406
6113 0.795768
6114 0.827439
6115 0.894259
6116 0.796284
6117 0.88687
6118 0.769418
6119 0.803967
6120 0.851708
6121 0.891215
6122 0.873454
6123 0.713617
6124 0.802907
6125 0.920515
6126 0.73231
6127 0.766535
6128 0.844149
6129 0.78214
6130 0.770795
6131 0.937709
6132 0.655329
6133 0.814495
6134 0.711303
6135 0.857108
6136 0.900942
6137 0.881182
6138 0.858334
6139 0.836976
6140 0.634924
6141 0.559581
6142 0.641369
6143 0.742452
6144 0.83477
6145 0.915965
6146 0.782812
6147 0.79659
6148 0.899697
6149 0.744594
6150 0.64706
6151 0.738967
6152 0.666879
6153 0.766404
6154 0.796185
6155 0.793043
6156 0.793326
6157 0.792432
6158 0.799266
6159 0.886577
6160 0.849424
6161 0.75367
6162 0.650946
6163 0.779291
6164 0.854891
6165 0.739013
6166 0.647009
6167 0.819277
6168 0.967489
6169 0.736295
6170 0.738222
6171 0.953905
6172 0.790208
6173 0.551155
6174 0.823686
6175 0.742274
6176 0.839669
6177 0.743543
6178 0.865729
6179 0.94623
6180 0.932085
6181 0.822861
6182 0.869315
6183 0.81354
6184 0.809289
6185 0.869889
6186 0.870333
6187 0.787558
6188 0.784959
6189 0.751728
6190 0.631308
6191 0.750561
6192 0.751097
6193 0.894685
6194 0.890064
6195 0.757832
6196 0.931354
6197 0.785105
6198 0.895253
6199 0.607732
6200 0.854995
6201 0.818277
6202 0.840796
6203 0.614499
6204 0.786277
6205 0.872734
6206 0.813406
6207 0.795664
6208 0.756905
6209 0.736475
6210 0.671922
6211 0.792323
6212 0.863289
6213 0.859126
6214 0.822458
6215 0.773384
6216 0.814958
6217 0.792241
6218 0.667815
6219 0.815193
6220 0.838645
6221 0.845763
6222 0.881715
6223 0.832758
6224 0.6837
6225 0.758117
6226 0.708759
6227 0.759985
6228 0.766052
6229 0.84358
6230 0.699325
6231 0.72079
6232 0.821545
6233 0.81063
6234 0.797323
6235 0.941708
6236 0.502529
6237 0.818661
6238 0.784042
6239 0.852636
6240 0.910377
6241 0.831092
6242 0.704506
6243 0.649918
6244 0.912727
6245 0.606057
6246 0.709491
6247 0.615372
6248 0.61577
6249 0.72821
6250 0.66436
6251 0.612568
6252 0.84836
6253 0.661668
6254 0.861206
6255 0.767035
6256 0.580401
6257 0.830663
6258 0.825765
6259 0.858058
6260 0.708043
6261 0.815026
6262 0.767906
6263 0.610934
6264 0.735476
6265 0.72365
6266 0.857419
6267 0.808917
6268 0.85953
6269 0.895927
6270 0.667202
6271 0.734571
6272 0.906446
6273 0.748025
6274 0.645465
6275 0.472125
6276 0.795317
6277 0.93215
6278 0.657514
6279 0.769053
6280 0.915196
6281 0.727868
6282 0.835121
6283 0.878546
6284 0.824675
6285 0.755806
6286 0.785292
6287 0.777851
6288 0.716613
6289 0.800571
6290 0.703925
6291 0.684654
6292 0.882346
6293 0.795339
6294 0.684037
6295 0.897396
6296 0.966308
6297 0.68214
6298 0.923395
6299 0.941966
6300 0.93213
6301 0.859111
6302 0.827318
6303 0.717141
6304 0.927047
6305 0.883928
6306 0.812821
6307 0.633142
6308 0.824486
6309 0.722241
6310 0.772322
6311 0.578139
6312 0.751011
6313 0.639374
6314 0.65268
6315 0.595767
6316 0.727706
6317 0.750392
6318 0.792435
6319 0.849427
6320 0.793944
6321 0.729156
6322 0.657747
6323 0.704112
6324 0.744053
6325 0.81411
6326 0.792826
6327 0.685475
6328 0.853551
6329 0.719773
6330 0.72606
6331 0.814295
6332 0.565737
6333 0.739338
6334 0.760851
6335 0.854223
6336 0.819191
6337 0.754429
6338 0.739123
6339 0.738544
6340 0.879539
6341 0.692635
6342 0.73812
6343 0.710354
6344 0.902583
6345 0.854247
6346 0.905675
6347 0.931554
6348 0.831571
6349 0.746677
6350 0.885608
6351 0.479113
6352 0.761942
6353 0.707757
6354 0.770095
6355 0.855949
6356 0.914981
6357 0.882543
6358 0.885652
6359 0.907651
6360 0.853681
6361 0.910052
6362 0.674854
6363 0.823625
6364 0.889749
6365 0.878288
6366 0.810254
6367 0.853596
6368 0.803127
6369 0.735863
6370 0.830606
6371 0.897771
6372 0.847395
6373 0.696273
6374 0.72955
6375 0.826957
6376 0.774657
6377 0.693563
6378 0.648543
6379 0.537957
6380 0.839286
6381 0.812973
6382 0.913557
6383 0.825735
6384 0.755905
6385 0.733109
6386 0.714745
6387 0.809522
6388 0.86662
6389 0.842601
6390 0.841108
6391 0.746542
6392 0.772376
6393 0.866025
6394 0.879989
6395 0.832729
6396 0.863663
6397 0.909676
6398 0.903473
6399 0.685283
6400 0.690508
6401 0.836235
6402 0.690862
6403 0.831172
6404 0.710758
6405 0.889478
6406 0.800692
6407 0.842543
6408 0.853882
6409 0.703962
6410 0.819885
6411 0.846989
6412 0.793262
6413 0.827487
6414 0.815425
6415 0.781938
6416 0.864613
6417 0.898991
6418 0.694613
6419 0.724758
6420 0.856679
6421 0.738291
6422 0.57606
6423 0.886062
6424 0.691892
6425 0.711632
6426 0.815129
6427 0.760346
6428 0.905552
6429 0.582316
6430 0.793526
6431 0.73156
6432 0.797059
6433 0.690644
6434 0.651692
6435 0.757473
6436 0.640852
6437 0.900081
6438 0.805897
6439 0.886921
6440 0.768129
6441 0.8084
6442 0.816081
6443 0.731108
6444 0.696616
6445 0.66136
6446 0.840328
6447 0.748872
6448 0.784605
6449 0.738898
6450 0.861701
6451 0.715414
6452 0.795605
6453 0.780154
6454 0.695423
6455 0.749531
6456 0.771041
6457 0.616745
6458 0.80754
6459 0.880128
6460 0.888975
6461 0.829626
6462 0.881658
6463 0.889211
6464 0.846348
6465 0.766525
6466 0.816375
6467 0.774544
6468 0.731213
6469 0.822953
6470 0.952778
6471 0.802703
6472 0.80378
6473 0.937006
6474 0.826254
6475 0.756527
6476 0.600739
6477 0.707209
6478 0.90044
6479 0.766177
6480 0.886111
6481 0.807336
6482 0.678819
6483 0.840576
6484 0.780952
6485 0.617778
6486 0.842574
6487 0.901616
6488 0.596229
6489 0.733864
6490 0.830434
6491 0.806157
6492 0.92438
6493 0.704775
6494 0.657446
6495 0.610236
6496 0.843397
6497 0.809481
6498 0.928413
6499 0.84444
6500 0.69616
6501 0.816146
6502 0.704609
6503 0.413396
6504 0.739185
6505 0.857224
6506 0.981487
6507 0.522242
6508 0.953024
6509 0.875253
6510 0.710511
6511 0.6722
6512 0.64342
6513 0.809844
6514 0.675822
6515 0.765114
6516 0.815873
6517 0.891904
6518 0.856725
6519 0.94381
6520 0.840388
6521 0.851781
6522 0.925819
6523 0.708913
6524 0.841428
6525 0.925148
6526 0.730299
6527 0.842563
6528 0.838396
6529 0.802373
6530 0.892475
6531 0.742725
6532 0.666728
6533 0.716858
6534 0.810775
6535 0.626623
6536 0.894002
6537 0.705381
6538 0.673873
6539 0.743953
6540 0.786
6541 0.633613
6542 0.861425
6543 0.844059
6544 0.852624
6545 0.800058
6546 0.665089
6547 0.767966
6548 0.756927
6549 0.723402
6550 0.870652
6551 0.826215
6552 0.538205
6553 0.799349
6554 0.759998
6555 0.643475
6556 0.698931
6557 0.724687
6558 0.559794
6559 0.713036
6560 0.775421
6561 0.717941
6562 0.870436
6563 0.908303
6564 0.853963
6565 0.678237
6566 0.792834
6567 0.920939
6568 0.77023
6569 0.660285
6570 0.904077
6571 0.693685
6572 0.560087
6573 0.862092
6574 0.797273
6575 0.741452
6576 0.82185
6577 0.860281
6578 0.90327
6579 0.847871
6580 0.895337
6581 0.692893
6582 0.864397
6583 0.850061
6584 0.605523
6585 0.583575
6586 0.866503
6587 0.901357
6588 0.887866
6589 0.667922
6590 0.848687
6591 0.940719
6592 0.760653
6593 0.866289
6594 0.80859
6595 0.802127
6596 0.850401
6597 0.769168
6598 0.733623
6599 0.832415
6600 0.853828
6601 0.707684
6602 0.900213
6603 0.773778
6604 0.795536
6605 0.776548
6606 0.775545
6607 0.743146
6608 0.783559
6609 0.604076
6610 0.7425
6611 0.885159
6612 0.79579
6613 0.898894
6614 0.899028
6615 0.734914
6616 0.796151
6617 0.546012
6618 0.904336
6619 0.590336
6620 0.821547
6621 0.698808
6622 0.86432
6623 0.856613
6624 0.618868
6625 0.854911
6626 0.700001
6627 0.939258
6628 0.875651
6629 0.847388
6630 0.890001
6631 0.544549
6632 0.878995
6633 0.756029
6634 0.702361
6635 0.773761
6636 0.807683
6637 0.86405
6638 0.909667
6639 0.921863
6640 0.875664
6641 0.57786
6642 0.872147
6643 0.799835
6644 0.871254
6645 0.681337
6646 0.707369
6647 0.87192
6648 0.753298
6649 0.88788
6650 0.8315
6651 0.870221
6652 0.790955
6653 0.787462
6654 0.875079
6655 0.881835
6656 0.871472
6657 0.808546
6658 0.834391
6659 0.852493
6660 0.781328
6661 0.615105
6662 0.65816
6663 0.947191
6664 0.752355
6665 0.715558
6666 0.77518
6667 0.671173
6668 0.714523
6669 0.795191
6670 0.672446
6671 0.784548
6672 0.897704
6673 0.759737
6674 0.687851
6675 0.744593
6676 0.727472
6677 0.727744
6678 0.692232
6679 0.82239
6680 0.681498
6681 0.766039
6682 0.828815
6683 0.642205
6684 0.790313
6685 0.57061
6686 0.81043
6687 0.884419
6688 0.752077
6689 0.875779
6690 0.724232
6691 0.687283
6692 0.811963
6693 0.802522
6694 0.488818
6695 0.790773
6696 0.907452
6697 0.92081
6698 0.779116
6699 0.791172
6700 0.809636
6701 0.503434
6702 0.801732
6703 0.788396
6704 0.839499
6705 0.634753
6706 0.712042
6707 0.724196
6708 0.9011
6709 0.795463
6710 0.880589
6711 0.839749
6712 0.736652
6713 0.683903
6714 0.852176
6715 0.693909
6716 0.778037
6717 0.692017
6718 0.849695
6719 0.779969
6720 0.772606
6721 0.778114
6722 0.764095
6723 0.736745
6724 0.849488
6725 0.944148
6726 0.733695
6727 0.666632
6728 0.613747
6729 0.888119
6730 0.854268
6731 0.757506
6732 0.7539
6733 0.750346
6734 0.782321
6735 0.78713
6736 0.769429
6737 0.796169
6738 0.804646
6739 0.824612
6740 0.673319
6741 0.732581
6742 0.813982
6743 0.820521
6744 0.919476
6745 0.728972
6746 0.753907
6747 0.744107
6748 0.772032
6749 0.736699
6750 0.658313
6751 0.93699
6752 0.785446
6753 0.861693
6754 0.687982
6755 0.714558
6756 0.620232
6757 0.76987
6758 0.814643
6759 0.750109
6760 0.744311
6761 0.840974
6762 0.906494
6763 0.828837
6764 0.929212
6765 0.907194
6766 0.871972
6767 0.88904
6768 0.724424
6769 0.648492
6770 0.875113
6771 0.609103
6772 0.71513
6773 0.783958
6774 0.702664
6775 0.770516
6776 0.925384
6777 0.963456
6778 0.925431
6779 0.585235
6780 0.855419
6781 0.630119
6782 0.801552
6783 0.867013
6784 0.827057
6785 0.805991
6786 0.554573
6787 0.828444
6788 0.916347
6789 0.873059
6790 0.90963
6791 0.906296
6792 0.704887
6793 0.704174
6794 0.842056
6795 0.901363
6796 0.810022
6797 0.953681
6798 0.770208
6799 0.873826
6800 0.789191
6801 0.83057
6802 0.862695
6803 0.71507
6804 0.766488
6805 0.835743
6806 0.813281
6807 0.788155
6808 0.717722
6809 0.721612
6810 0.947266
6811 0.803111
6812 0.588168
6813 0.845145
6814 0.788673
6815 0.875824
6816 0.8415
6817 0.755858
6818 0.813337
6819 0.685097
6820 0.618168
6821 0.850712
6822 0.662602
6823 0.730672
6824 0.673166
6825 0.84395
6826 0.841763
6827 0.796262
6828 0.741467
6829 0.808349
6830 0.681505
6831 0.732622
6832 0.717512
6833 0.867464
6834 0.857523
6835 0.786951
6836 0.892119
6837 0.818137
6838 0.952943
6839 0.765961
6840 0.766963
6841 0.860433
6842 0.602854
6843 0.945468
6844 0.726369
6845 0.840944
6846 0.785793
6847 0.866894
6848 0.882483
6849 0.80807
6850 0.785633
6851 0.804789
6852 0.655046
6853 0.917742
6854 0.740414
6855 0.749309
6856 0.809949
6857 0.701293
6858 0.342637
6859 0.916557
6860 0.770417
6861 0.923819
6862 0.654437
6863 0.849901
6864 0.842954
6865 0.731658
6866 0.753922
6867 0.753382
6868 0.827606
6869 0.933005
6870 0.707244
6871 0.796676
6872 0.806512
6873 0.948138
6874 0.634478
6875 0.856588
6876 0.815188
6877 0.77548
6878 0.933545
6879 0.680342
6880 0.682927
6881 0.847744
6882 0.854196
6883 0.899773
6884 0.911235
6885 0.94691
6886 0.668036
6887 0.621804
6888 0.74192
6889 0.727122
6890 0.868248
6891 0.826528
6892 0.627952
6893 0.844427
6894 0.693142
6895 0.691139
6896 0.927979
6897 0.744394
6898 0.800545
6899 0.951201
6900 0.821247
6901 0.825048
6902 0.914685
6903 0.769831
6904 0.814608
6905 0.866955
6906 0.789452
6907 0.737733
6908 0.785954
6909 0.844543
6910 0.869935
6911 0.608728
6912 0.64601
6913 0.562887
6914 0.772616
6915 0.662962
6916 0.829502
6917 0.657416
6918 0.832064
6919 0.728026
6920 0.864798
6921 0.532764
6922 0.729605
6923 0.643866
6924 0.619449
6925 0.832124
6926 0.871101
6927 0.79641
6928 0.559531
6929 0.617579
6930 0.735017
6931 0.607506
6932 0.681236
6933 0.695341
6934 0.648713
6935 0.711881
6936 0.659469
6937 0.773966
6938 0.705821
6939 0.77212
6940 0.847168
6941 0.794253
6942 0.825095
6943 0.832066
6944 0.908702
6945 0.580476
6946 0.551109
6947 0.66002
6948 0.655601
6949 0.880081
6950 0.851109
6951 0.741313
6952 0.7414
6953 0.774013
6954 0.549763
6955 0.798712
6956 0.668443
6957 0.659902
6958 0.786597
6959 0.812087
6960 0.82236
6961 0.83425
6962 0.76041
6963 0.676008
6964 0.706509
6965 0.916511
6966 0.887204
6967 0.736416
6968 0.564852
6969 0.790596
6970 0.816682
6971 0.822021
6972 0.906019
6973 0.797077
6974 0.875192
6975 0.768129
6976 0.748973
6977 0.768256
6978 0.718583
6979 0.6158
6980 0.706807
6981 0.697178
6982 0.918231
6983 0.811839
6984 0.899819
6985 0.797676
6986 0.823021
6987 0.866312
6988 0.715121
6989 0.67239
6990 0.878962
6991 0.804756
6992 0.738485
6993 0.715486
6994 0.875123
6995 0.847121
6996 0.842557
6997 0.767134
6998 0.833791
6999 0.870113
7000 0.783479
7001 0.944034
7002 0.919435
7003 0.889622
7004 0.858431
7005 0.954972
7006 0.964409
7007 0.91269
7008 0.734985
7009 0.703786
7010 0.779262
7011 0.777821
7012 0.826155
7013 0.652206
7014 0.831399
7015 0.914195
7016 0.935665
7017 0.694924
7018 0.663434
7019 0.717818
7020 0.905027
7021 0.846327
7022 0.779207
7023 0.771587
7024 0.974457
7025 0.778732
7026 0.860984
7027 0.845822
7028 0.853198
7029 0.926673
7030 0.961763
7031 0.843144
7032 0.791996
7033 0.761589
7034 0.947846
7035 0.76163
7036 0.848836
7037 0.984199
7038 0.657704
7039 0.829371
7040 0.754168
7041 0.718327
7042 0.745615
7043 0.770627
7044 0.872715
7045 0.743956
7046 0.740925
7047 0.8656
7048 0.871531
7049 0.762462
7050 0.700456
7051 0.719317
7052 0.810096
7053 0.895814
7054 0.783863
7055 0.689369
7056 0.718737
7057 0.733252
7058 0.637537
7059 0.907599
7060 0.788327
7061 0.639536
7062 0.689158
7063 0.851228
7064 0.755754
7065 0.826683
7066 0.745868
7067 0.897713
7068 0.792949
7069 0.887967
7070 0.850452
7071 0.755414
7072 0.813843
7073 0.796253
7074 0.896802
7075 0.975807
7076 0.794117
7077 0.835549
7078 0.683623
7079 0.91859
7080 0.919656
7081 0.868802
7082 0.860813
7083 0.671852
7084 0.787453
7085 0.835346
7086 0.76347
7087 0.982442
7088 0.79395
7089 0.972592
7090 0.900265
7091 0.866043
7092 0.776816
7093 0.690066
7094 0.830861
7095 0.767617
7096 0.846319
7097 0.751142
7098 0.808806
7099 0.850677
7100 0.771298
7101 0.809298
7102 0.622454
7103 0.68949
7104 0.783052
7105 0.545182
7106 0.697628
7107 0.764589
7108 0.83389
7109 0.8476
7110 0.866093
7111 0.770705
7112 0.762505
7113 0.643546
7114 0.814868
7115 0.968066
7116 0.798237
7117 0.707889
7118 0.901564
7119 0.767189
7120 0.935739
7121 0.823862
7122 0.800388
7123 0.740248
7124 0.805281
7125 0.864977
7126 0.826133
7127 0.691911
7128 0.737638
7129 0.588166
7130 0.868918
7131 0.762924
7132 0.697309
7133 0.749125
7134 0.91404
7135 0.781865
7136 0.716633
7137 0.908361
7138 0.794919
7139 0.930407
7140 0.910078
7141 0.858528
7142 0.916702
7143 0.647221
7144 0.79146
7145 0.667437
7146 0.853472
7147 0.870251
7148 0.814806
7149 0.803299
7150 0.826442
7151 0.692487
7152 0.757532
7153 0.778209
7154 0.89188
7155 0.936618
7156 0.761803
7157 0.793523
7158 0.90701
7159 0.898535
7160 0.580721
7161 0.762997
7162 0.535374
7163 0.559367
7164 0.742715
7165 0.593329
7166 0.869563
7167 0.793654
7168 0.855341
7169 0.882834
7170 0.854583
7171 0.843644
7172 0.777514
7173 0.754172
7174 0.763442
7175 0.757687
7176 0.936863
7177 0.765962
7178 0.790984
7179 0.806207
7180 0.858666
7181 0.597531
7182 0.616492
7183 0.681982
7184 0.704088
7185 0.829222
7186 0.870427
7187 0.723746
7188 0.908634
7189 0.737943
7190 0.902979
7191 0.720019
7192 0.875652
7193 0.876103
7194 0.937682
7195 0.906737
7196 0.66219
7197 0.602922
7198 0.617778
7199 0.742363
7200 0.485336
7201 0.772221
7202 0.461148
7203 0.871416
7204 0.727151
7205 0.745445
7206 0.847995
7207 0.724643
7208 0.795032
7209 0.806789
7210 0.85185
7211 0.687172
7212 0.778893
7213 0.808841
7214 0.765813
7215 0.797292
7216 0.76088
7217 0.841973
7218 0.820668
7219 0.868772
7220 0.610255
7221 0.682316
7222 0.825967
7223 0.828039
7224 0.906792
7225 0.819507
7226 0.92073
7227 0.74381
7228 0.959294
7229 0.842011
7230 0.746302
7231 0.687416
7232 0.925493
7233 0.85879
7234 0.823593
7235 0.807879
7236 0.751075
7237 0.856958
7238 0.89172
7239 0.725933
7240 0.88992
7241 0.837271
7242 0.819518
7243 0.824043
7244 0.783868
7245 0.811765
7246 0.877868
7247 0.664655
7248 0.811195
7249 0.772059
7250 0.755702
7251 0.850472
7252 0.95388
7253 0.589381
7254 0.936976
7255 0.955244
7256 0.92046
7257 0.741015
7258 0.934386
7259 0.839241
7260 0.887513
7261 0.700335
7262 0.671633
7263 0.808892
7264 0.777483
7265 0.783654
7266 0.792963
7267 0.806225
7268 0.566128
7269 0.866945
7270 0.96705
7271 0.725727
7272 0.947172
7273 0.853614
7274 0.898223
7275 0.903579
7276 0.946219
7277 0.748937
7278 0.617708
7279 0.80243
7280 0.775349
7281 0.892836
7282 0.831574
7283 0.88085
7284 0.82254
7285 0.918228
7286 0.898847
7287 0.893833
7288 0.790028
7289 0.889771
7290 0.826532
7291 0.920374
7292 0.795773
7293 0.66956
7294 0.746687
7295 0.816555
7296 0.797557
7297 0.717519
7298 0.595626
7299 0.779179
7300 0.815628
7301 0.546043
7302 0.908723
7303 0.60551
7304 0.824761
7305 0.809006
7306 0.567318
7307 0.834713
7308 0.938276
7309 0.869499
7310 0.530046
7311 0.804427
7312 0.946261
7313 0.650523
7314 0.762723
7315 0.72529
7316 0.71588
7317 0.719061
7318 0.858821
7319 0.857829
7320 0.772097
7321 0.860934
7322 0.787717
7323 0.750057
7324 0.736676
7325 0.849198
7326 0.746329
7327 0.76306
7328 0.934577
7329 0.926015
7330 0.622523
7331 0.722872
7332 0.821656
7333 0.677958
7334 0.752635
7335 0.656677
7336 0.602214
7337 0.75711
7338 0.858348
7339 0.796651
7340 0.795325
7341 0.878262
7342 0.840003
7343 0.886102
7344 0.840907
7345 0.755645
7346 0.841908
7347 0.601099
7348 0.70006
7349 0.705504
7350 0.767381
7351 0.789419
7352 0.763258
7353 0.662462
7354 0.945179
7355 0.700628
7356 0.924207
7357 0.927043
7358 0.861707
7359 0.774366
7360 0.846092
7361 0.803618
7362 0.787684
7363 0.806221
7364 0.609618
7365 0.812368
7366 0.816447
7367 0.79171
7368 0.675134
7369 0.746497
7370 0.81191
7371 0.680811
7372 0.694397
7373 0.73115
7374 0.700875
7375 0.814162
7376 0.700132
7377 0.755811
7378 0.94051
7379 0.760463
7380 0.841861
7381 0.676796
7382 0.920283
7383 0.809253
7384 0.649906
7385 0.696284
7386 0.870242
7387 0.809174
7388 0.861197
7389 0.860259
7390 0.732606
7391 0.932313
7392 0.734847
7393 0.837913
7394 0.667568
7395 0.796611
7396 0.713077
7397 0.738477
7398 0.783723
7399 0.871654
7400 0.699399
7401 0.786384
7402 0.897124
7403 0.8148
7404 0.763515
7405 0.650349
7406 0.923367
7407 0.844017
7408 0.921783
7409 0.869394
7410 0.901054
7411 0.745242
7412 0.882349
7413 0.707039
7414 0.823671
7415 0.781492
7416 0.762148
7417 0.886006
7418 0.815145
7419 0.899365
7420 0.836609
7421 0.87433
7422 0.885446
7423 0.84069
7424 0.88253
7425 0.886311
7426 0.804727
7427 0.89921
7428 0.694929
7429 0.762786
7430 0.858045
7431 0.830181
7432 0.726632
7433 0.916239
7434 0.881018
7435 0.793069
7436 0.799402
7437 0.919713
7438 0.886276
7439 0.853306
7440 0.852111
7441 0.867238
7442 0.847999
7443 0.864143
7444 0.912335
7445 0.830007
7446 0.784859
7447 0.853648
7448 0.916908
7449 0.840427
7450 0.77925
7451 0.842391
7452 0.898525
7453 0.773692
7454 0.882191
7455 0.6347
7456 0.641054
7457 0.780937
7458 0.844476
7459 0.737736
7460 0.783861
7461 0.796862
7462 0.916596
7463 0.597489
7464 0.627051
7465 0.830655
7466 0.936928
7467 0.690384
7468 0.940243
7469 0.862959
7470 0.8525
7471 0.77304
7472 0.730555
7473 0.918066
7474 0.746451
7475 0.851385
7476 0.878367
7477 0.835757
7478 0.894544
7479 0.826438
7480 0.766157
7481 0.66936
7482 0.876856
7483 0.62609
7484 0.727795
7485 0.796847
7486 0.853255
7487 0.497576
7488 0.878131
7489 0.88784
7490 0.848701
7491 0.67312
7492 0.723451
7493 0.644398
7494 0.72464
7495 0.721366
7496 0.871293
7497 0.905391
7498 0.869777
7499 0.731234
7500 0.758563
7501 0.839607
7502 0.966465
7503 0.884542
7504 0.847324
7505 0.888017
7506 0.63798
7507 0.701499
7508 0.700628
7509 0.698814
7510 0.697976
7511 0.748469
7512 0.586862
7513 0.598469
7514 0.669054
7515 0.801146
7516 0.705462
7517 0.743918
7518 0.835471
7519 0.847241
7520 0.895918
7521 0.759605
7522 0.858333
7523 0.707239
7524 0.695609
7525 0.732892
7526 0.782352
7527 0.676276
7528 0.881471
7529 0.899078
7530 0.790838
7531 0.709003
7532 0.811096
7533 0.767956
7534 0.820244
7535 0.927198
7536 0.964558
7537 0.807561
7538 0.817427
7539 0.532792
7540 0.770477
7541 0.777746
7542 0.716465
7543 0.72044
7544 0.687773
7545 0.779927
7546 0.747162
7547 0.747002
7548 0.766077
7549 0.839535
7550 0.643376
7551 0.887429
7552 0.795425
7553 0.696843
7554 0.854787
7555 0.742815
7556 0.857347
7557 0.87826
7558 0.893201
7559 0.879649
7560 0.639212
7561 0.730563
7562 0.619355
7563 0.830803
7564 0.848366
7565 0.790451
7566 0.68007
7567 0.720707
7568 0.931098
7569 0.824907
7570 0.786609
7571 0.86648
7572 0.867034
7573 0.681159
7574 0.670581
7575 0.761508
7576 0.73161
7577 0.689128
7578 0.689051
7579 0.823188
7580 0.743499
7581 0.832244
7582 0.574522
7583 0.791751
7584 0.918362
7585 0.774387
7586 0.842522
7587 0.827606
7588 0.831682
7589 0.678655
7590 0.581644
7591 0.94456
7592 0.773501
7593 0.679108
7594 0.798109
7595 0.686904
7596 0.769231
7597 0.802234
7598 0.782981
7599 0.672412
7600 0.733267
7601 0.705797
7602 0.870836
7603 0.794091
7604 0.708212
7605 0.784147
7606 0.833569
7607 0.963873
7608 0.809938
7609 0.803025
7610 0.770686
7611 0.678142
7612 0.832055
7613 0.824809
7614 0.887659
7615 0.765159
7616 0.656896
7617 0.782077
7618 0.837715
7619 0.600818
7620 0.562495
7621 0.857073
7622 0.929182
7623 0.668244
7624 0.767665
7625 0.758686
7626 0.743301
7627 0.837137
7628 0.746369
7629 0.869292
7630 0.654493
7631 0.888766
7632 0.921096
7633 0.830951
7634 0.78283
7635 0.702296
7636 0.870483
7637 0.563458
7638 0.696186
7639 0.685603
7640 0.708268
7641 0.857247
7642 0.785609
7643 0.88042
7644 0.806197
7645 0.886089
7646 0.74319
7647 0.575147
7648 0.856227
7649 0.937577
7650 0.802679
7651 0.82887
7652 0.757828
7653 0.799807
7654 0.595593
7655 0.876059
7656 0.823379
7657 0.841789
7658 0.716001
7659 0.848733
7660 0.774624
7661 0.881847
7662 0.807271
7663 0.826265
7664 0.922438
7665 0.774006
7666 0.8498
7667 0.804766
7668 0.709061
7669 0.778999
7670 0.752756
7671 0.786617
7672 0.86282
7673 0.895573
7674 0.873572
7675 0.868679
7676 0.791481
7677 0.761541
7678 0.637665
7679 0.838064
7680 0.620013
7681 0.768716
7682 0.918729
7683 0.893599
7684 0.70893
7685 0.454148
7686 0.869652
7687 0.954822
7688 0.716523
7689 0.806914
7690 0.641463
7691 0.77229
7692 0.727055
7693 0.748502
7694 0.580328
7695 0.599431
7696 0.861693
7697 0.836718
7698 0.847921
7699 0.704024
7700 0.856805
7701 0.803806
7702 0.798549
7703 0.813286
7704 0.901984
7705 0.900677
7706 0.905799
7707 0.790722
7708 0.827635
7709 0.829992
7710 0.859355
7711 0.696685
7712 0.814171
7713 0.911399
7714 0.787492
7715 0.763815
7716 0.82985
7717 0.853573
7718 0.905472
7719 0.79589
7720 0.908721
7721 0.580629
7722 0.682348
7723 0.517325
7724 0.673156
7725 0.818062
7726 0.826296
7727 0.829049
7728 0.935702
7729 0.726895
7730 0.726007
7731 0.735738
7732 0.798908
7733 0.879491
7734 0.771112
7735 0.793894
7736 0.840285
7737 0.80524
7738 0.900227
7739 0.81991
7740 0.839178
7741 0.817473
7742 0.773875
7743 0.817143
7744 0.921424
7745 0.547612
7746 0.858828
7747 0.666757
7748 0.690039
7749 0.801759
7750 0.887277
7751 0.904401
7752 0.875732
7753 0.702814
7754 0.868034
7755 0.830979
7756 0.791313
7757 0.845315
7758 0.713176
7759 0.822725
7760 0.777435
7761 0.735641
7762 0.858795
7763 0.911435
7764 0.960349
7765 0.805744
7766 0.885885
7767 0.692363
7768 0.73313
7769 0.705361
7770 0.708961
7771 0.873621
7772 0.599031
7773 0.858464
7774 0.880553
7775 0.67876
7776 0.800139
7777 0.879118
7778 0.738871
7779 0.714868
7780 0.901874
7781 0.86265
7782 0.938978
7783 0.959198
7784 0.840212
7785 0.748187
7786 0.871789
7787 0.76208
7788 0.743565
7789 0.826285
7790 0.888354
7791 0.854678
7792 0.856756
7793 0.852469
7794 0.85758
7795 0.807422
7796 0.809507
7797 0.594142
7798 0.923841
7799 0.657876
7800 0.712677
7801 0.829394
7802 0.63323
7803 0.754306
7804 0.798493
7805 0.786608
7806 0.625842
7807 0.847172
7808 0.733352
7809 0.670016
7810 0.76635
7811 0.842896
7812 0.810933
7813 0.677394
7814 0.839168
7815 0.674049
7816 0.781636
7817 0.794463
7818 0.789095
7819 0.837755
7820 0.857517
7821 0.757361
7822 0.889117
7823 0.813033
7824 0.626179
7825 0.983821
7826 0.878236
7827 0.806442
7828 0.909588
7829 0.603892
7830 0.595129
7831 0.757347
7832 0.842541
7833 0.749902
7834 0.890041
7835 0.942038
7836 0.940006
7837 0.757802
7838 0.838474
7839 0.750441
7840 0.680301
7841 0.93077
7842 0.883055
7843 0.846641
7844 0.879315
7845 0.707053
7846 0.759067
7847 0.776145
7848 0.733615
7849 0.83894
7850 0.907353
7851 0.989589
7852 0.763142
7853 0.889501
7854 0.779171
7855 0.704711
7856 0.929962
7857 0.579481
7858 0.769309
7859 0.660767
7860 0.702074
7861 0.593257
7862 0.820507
7863 0.709775
7864 0.768861
7865 0.741103
7866 0.808487
7867 0.828944
7868 0.79125
7869 0.725445
7870 0.960547
7871 0.681289
7872 0.840943
7873 0.63842
7874 0.880645
7875 0.683139
7876 0.859009
7877 0.820862
7878 0.728663
7879 0.765187
7880 0.685907
7881 0.633667
7882 0.771521
7883 0.705004
7884 0.614065
7885 0.728834
7886 0.815312
7887 0.882862
7888 0.760388
7889 0.852146
7890 0.94804
7891 0.855757
7892 0.780476
7893 0.844053
7894 0.842827
7895 0.807848
7896 0.748938
7897 0.702682
7898 0.840463
7899 0.779032
7900 0.872588
7901 0.479663
7902 0.694835
7903 0.905021
7904 0.782285
7905 0.692892
7906 0.730404
7907 0.682039
7908 0.732004
7909 0.747925
7910 0.739145
7911 0.851248
7912 0.86682
7913 0.864171
7914 0.840447
7915 0.857246
7916 0.871241
7917 0.622327
7918 0.895042
7919 0.765929
7920 0.88064
7921 0.903033
7922 0.706954
7923 0.859616
7924 0.933534
7925 0.756009
7926 0.774976
7927 0.813191
7928 0.895102
7929 0.888528
7930 0.879656
7931 0.778395
7932 0.890525
7933 0.650747
7934 0.853422
7935 0.892284
7936 0.942715
7937 0.668775
7938 0.890086
7939 0.972724
7940 0.770491
7941 0.699169
7942 0.77204
7943 0.98548
7944 0.630272
7945 0.729456
7946 0.749572
7947 0.76468
7948 0.715804
7949 0.630739
7950 0.742887
7951 0.832548
7952 0.927775
7953 0.75002
7954 0.740866
7955 0.837115
7956 0.923381
7957 0.912627
7958 0.810953
7959 0.789309
7960 0.854584
7961 0.895959
7962 0.854621
7963 0.828899
7964 0.806042
7965 0.685351
7966 0.777315
7967 0.872862
7968 0.80379
7969 0.849017
7970 0.855636
7971 0.900385
7972 0.876031
7973 0.678188
7974 0.79864
7975 0.839322
7976 0.914438
7977 0.699607
7978 0.852259
7979 0.843425
7980 0.855972
7981 0.790886
7982 0.657859
7983 0.833143
7984 0.841113
7985 0.669699
7986 0.902078
7987 0.762689
7988 0.795369
7989 0.915941
7990 0.80663
7991 0.758134
7992 0.671729
7993 0.8559
7994 0.874803
7995 0.859025
7996 0.74449
7997 0.724382
7998 0.791413
7999 0.767427
8000 0.898627
8001 0.962814
8002 0.780508
8003 0.890774
8004 0.719311
8005 0.732106
8006 0.807484
8007 0.841693
8008 0.738867
8009 0.706436
8010 0.871669
8011 0.769856
8012 0.716084
8013 0.757294
8014 0.83756
8015 0.747971
8016 0.887293
8017 0.705255
8018 0.776123
8019 0.810668
8020 0.639992
8021 0.79625
8022 0.592774
8023 0.864547
8024 0.797374
8025 0.934121
8026 0.856636
8027 0.624379
8028 0.918903
8029 0.759319
8030 0.6783
8031 0.666511
8032 0.771011
8033 0.86426
8034 0.838199
8035 0.70368
8036 0.747107
8037 0.791237
8038 0.879186
8039 0.734433
8040 0.81917
8041 0.775822
8042 0.756388
8043 0.752892
8044 0.860628
8045 0.900556
8046 0.816105
8047 0.750165
8048 0.492305
8049 0.663784
8050 0.881266
8051 0.703954
8052 0.871404
8053 0.836667
8054 0.787376
8055 0.828806
8056 0.864341
8057 0.811466
8058 0.81211
8059 0.933869
8060 0.715872
8061 0.936672
8062 0.920867
8063 0.546791
8064 0.801179
8065 0.818781
8066 0.654143
8067 0.759999
8068 0.800588
8069 0.733979
8070 0.890296
8071 0.844029
8072 0.932053
8073 0.83535
8074 0.856015
8075 0.776324
8076 0.681065
8077 0.802416
8078 0.723563
8079 0.639039
8080 0.795902
8081 0.938288
8082 0.844075
8083 0.705651
8084 0.716424
8085 0.734937
8086 0.862149
8087 0.489595
8088 0.689476
8089 0.860149
8090 0.693179
8091 0.852853
8092 0.736845
8093 0.735798
8094 0.733305
8095 0.712206
8096 0.811701
8097 0.827619
8098 0.84372
8099 0.77896
8100 0.796731
8101 0.776488
8102 0.833595
8103 0.733934
8104 0.747015
8105 0.734676
8106 0.956561
8107 0.780831
8108 0.934421
8109 0.786046
8110 0.80502
8111 0.612239
8112 0.66136
8113 0.562361
8114 0.646316
8115 0.994456
8116 0.706417
8117 0.925493
8118 0.952868
8119 0.802614
8120 0.553996
8121 0.796399
8122 0.721706
8123 0.722345
8124 0.758233
8125 0.745653
8126 0.881603
8127 0.801999
8128 0.713317
8129 0.783638
8130 0.614643
8131 0.773138
8132 0.731376
8133 0.768253
8134 0.802256
8135 0.784434
8136 0.671539
8137 0.663595
8138 0.688342
8139 0.72983
8140 0.829907
8141 0.795708
8142 0.90505
8143 0.850144
8144 0.830839
8145 0.831191
8146 0.73896
8147 0.853123
8148 0.750031
8149 0.848086
8150 0.863749
8151 0.736515
8152 0.760944
8153 0.930528
8154 0.939048
8155 0.779639
8156 0.841616
8157 0.964026
8158 0.708403
8159 0.95861
8160 0.885871
8161 0.842839
8162 0.704193
8163 0.768346
8164 0.772105
8165 0.644437
8166 0.880136
8167 0.628751
8168 0.74427
8169 0.611916
8170 0.948464
8171 0.714772
8172 0.827963
8173 0.875136
8174 0.864789
8175 0.842
8176 0.84188
8177 0.503555
8178 0.509764
8179 0.7213
8180 0.65239
8181 0.892891
8182 0.731676
8183 0.90173
8184 0.856684
8185 0.705034
8186 0.80847
8187 0.90694
8188 0.882333
8189 0.976384
8190 0.590235
8191 0.811531
8192 0.771612
8193 0.76895
8194 0.930968
8195 0.803904
8196 0.757057
8197 0.774287
8198 0.857658
8199 0.908608
8200 0.72585
8201 0.611282
8202 0.761472
8203 0.884269
8204 0.820688
8205 0.826322
8206 0.78438
8207 0.790933
8208 0.892819
8209 0.821954
8210 0.792511
8211 0.822081
8212 0.759597
8213 0.885964
8214 0.950831
8215 0.677438
8216 0.68737
8217 0.80128
8218 0.759256
8219 0.908674
8220 0.898573
8221 0.823601
8222 0.895644
8223 0.883288
8224 0.928916
8225 0.835834
8226 0.822233
8227 0.836909
8228 0.490441
8229 0.401276
8230 0.733309
8231 0.819066
8232 0.928505
8233 0.71338
8234 0.76722
8235 0.816457
8236 0.650451
8237 0.9327
8238 0.650864
8239 0.716582
8240 0.87485
8241 0.913625
8242 0.887791
8243 0.722918
8244 0.719497
8245 0.705107
8246 0.589263
8247 0.708109
8248 0.694239
8249 0.748507
8250 0.72711
8251 0.780975
8252 0.807664
8253 0.773457
8254 0.858958
8255 0.606689
8256 0.669083
8257 0.967802
8258 0.710196
8259 0.787945
8260 0.658085
8261 0.745684
8262 0.655269
8263 0.75808
8264 0.73983
8265 0.716908
8266 0.882235
8267 0.88989
8268 0.720076
8269 0.89567
8270 0.830543
8271 0.734906
8272 0.79983
8273 0.837061
8274 0.739178
8275 0.874547
8276 0.750236
8277 0.875619
8278 0.689058
8279 0.810516
8280 0.527046
8281 0.770752
8282 0.822236
8283 0.891438
8284 0.79461
8285 0.725139
8286 0.691362
8287 0.715734
8288 0.707482
8289 0.738086
8290 0.863402
8291 0.787826
8292 0.754264
8293 0.808413
8294 0.895711
8295 0.859022
8296 0.789756
8297 0.835796
8298 0.876706
8299 0.91466
8300 0.673054
8301 0.857743
8302 0.739618
8303 0.736916
8304 0.781192
8305 0.785391
8306 0.858931
8307 0.861914
8308 0.804807
8309 0.55118
8310 0.746991
8311 0.784079
8312 0.67019
8313 0.881547
8314 0.83006
8315 0.802816
8316 0.74485
8317 0.734868
8318 0.912558
8319 0.835049
8320 0.917361
8321 0.8722
8322 0.693253
8323 0.698376
8324 0.625574
8325 0.76768
8326 0.773647
8327 0.692964
8328 0.696049
8329 0.947079
8330 0.737458
8331 0.751687
8332 0.677912
8333 0.740751
8334 0.776282
8335 0.904461
8336 0.875747
8337 0.895487
8338 0.832359
8339 0.848032
8340 0.745859
8341 0.575717
8342 0.754578
8343 0.73869
8344 0.814586
8345 0.861037
8346 0.914012
8347 0.914594
8348 0.724306
8349 0.889078
8350 0.56963
8351 0.892733
8352 0.907104
8353 0.623187
8354 0.752887
8355 0.890531
8356 0.755619
8357 0.769111
8358 0.881744
8359 0.953923
8360 0.892446
8361 0.757824
8362 0.870056
8363 0.860397
8364 0.843929
8365 0.825366
8366 0.864744
8367 0.899853
8368 0.809703
8369 0.672748
8370 0.920588
8371 0.890195
8372 0.94112
8373 0.788979
8374 0.865396
8375 0.937501
8376 0.767601
8377 0.751451
8378 0.611795
8379 0.942078
8380 0.852659
8381 0.866006
8382 0.84863
8383 0.946991
8384 0.711765
8385 0.796938
8386 0.90172
8387 0.873016
8388 0.776101
8389 0.895351
8390 0.874794
8391 0.738314
8392 0.826277
8393 0.675887
8394 0.663414
8395 0.892757
8396 0.903548
8397 0.729885
8398 0.911169
8399 0.925495
8400 0.930122
8401 0.858321
8402 0.680165
8403 0.754395
8404 0.865965
8405 0.930608
8406 0.77982
8407 0.812887
8408 0.722779
8409 0.759997
8410 0.642442
8411 0.876474
8412 0.837729
8413 0.816846
8414 0.83936
8415 0.812031
8416 0.747938
8417 0.683096
8418 0.854799
8419 0.843784
8420 0.895944
8421 0.880713
8422 0.859072
8423 0.764553
8424 0.896355
8425 0.889741
8426 0.763567
8427 0.813392
8428 0.959974
8429 0.832002
8430 0.969268
8431 0.803901
8432 0.792917
8433 0.867482
8434 0.745157
8435 0.71518
8436 0.763456
8437 0.60812
8438 0.717065
8439 0.86187
8440 0.665974
8441 0.685216
8442 0.840555
8443 0.882846
8444 0.916347
8445 0.97433
8446 0.763143
8447 0.969519
8448 0.914199
8449 0.919442
8450 0.742895
8451 0.841996
8452 0.814131
8453 0.824728
8454 0.903266
8455 0.869226
8456 0.815836
8457 0.659003
8458 0.694522
8459 0.7369
8460 0.64575
8461 0.783538
8462 0.881288
8463 0.718124
8464 0.817128
8465 0.832835
8466 0.830425
8467 0.814525
8468 0.615852
8469 0.695898
8470 0.636102
8471 0.81632
8472 0.829046
8473 0.852173
8474 0.825704
8475 0.653595
8476 0.804284
8477 0.88442
8478 0.90798
8479 0.625613
8480 0.899552
8481 0.901768
8482 0.828784
8483 0.649613
8484 0.943259
8485 0.804202
8486 0.896843
8487 0.815472
8488 0.844654
8489 0.902273
8490 0.96381
8491 0.692493
8492 0.883078
8493 0.748642
8494 0.802733
8495 0.796617
8496 0.931515
8497 0.731898
8498 0.874274
8499 0.684479
8500 0.878838
8501 0.946269
8502 0.770598
8503 0.844224
8504 0.823401
8505 0.810478
8506 0.909941
8507 0.780654
8508 0.914236
8509 0.722055
8510 0.961916
8511 0.922443
8512 0.939411
8513 0.941241
8514 0.926614
8515 0.820581
8516 0.849584
8517 0.857466
8518 0.963253
8519 0.771635
8520 0.971479
8521 0.923383
8522 0.740211
8523 0.959528
8524 0.806886
8525 0.895914
8526 0.861732
8527 0.804675
8528 0.836929
8529 0.758307
8530 0.82546
8531 0.842377
8532 0.656194
8533 0.820205
8534 0.876482
8535 0.762722
8536 0.939017
8537 0.864478
8538 0.768493
8539 0.810324
8540 0.840862
8541 0.881322
8542 0.848388
8543 0.811584
8544 0.91613
8545 0.810396
8546 0.872701
8547 0.787658
8548 0.691691
8549 0.868521
8550 0.742987
8551 0.842789
8552 0.743825
8553 0.770843
8554 0.760311
8555 0.898986
8556 0.70946
8557 0.758202
8558 0.917755
8559 0.760429
8560 0.874576
8561 0.888522
8562 0.853505
8563 0.922241
8564 0.775276
8565 0.727146
8566 0.891664
8567 0.92422
8568 0.919405
8569 0.962578
8570 0.888597
8571 0.912363
8572 0.912903
8573 0.94359
8574 0.706447
8575 0.877698
8576 0.893416
8577 0.660964
8578 0.860439
8579 0.932703
8580 0.886424
8581 0.918487
8582 0.793916
8583 0.954338
8584 0.808895
8585 0.685814
8586 0.789703
8587 0.904321
8588 0.973079
8589 0.867208
8590 0.889479
8591 0.802547
8592 0.969388
8593 0.904902
8594 0.9466
8595 0.896803
8596 0.978006
8597 0.777968
8598 0.953539
8599 0.773054
8600 0.78961
8601 0.966167
8602 0.916274
8603 0.916422
8604 0.816921
8605 0.823296
8606 0.82938
8607 0.802555
8608 0.698048
8609 0.722677
8610 0.778666
8611 0.622693
8612 0.845247
8613 0.880037
8614 0.854781
8615 0.933644
8616 0.815614
8617 0.881119
8618 0.718371
8619 0.849793
8620 0.851735
8621 0.854207
8622 0.796336
8623 0.950637
8624 0.950124
8625 0.800103
8626 0.894457
8627 0.838472
8628 0.932933
8629 0.692776
8630 0.896489
8631 0.836924
8632 0.652094
8633 0.901359
8634 0.824318
8635 0.796611
8636 0.873311
8637 0.678153
8638 0.925981
8639 0.673567
8640 0.686341
8641 0.808829
8642 0.738256
8643 0.63611
8644 0.823808
8645 0.77063
8646 0.685608
8647 0.63182
8648 0.816218
8649 0.799551
8650 0.646288
8651 0.761108
8652 0.759243
8653 0.706027
8654 0.706384
8655 0.647695
8656 0.899383
8657 0.839636
8658 0.839508
8659 0.856834
8660 0.916941
8661 0.714317
8662 0.740928
8663 0.887967
8664 0.976781
8665 0.921526
8666 0.889553
8667 0.79362
8668 0.673992
8669 0.765023
8670 0.731974
8671 0.705148
8672 0.628188
8673 0.7631
8674 0.860791
8675 0.711765
8676 0.741841
8677 0.753834
8678 0.708873
8679 0.841237
8680 0.743487
8681 0.719944
8682 0.754114
8683 0.840562
8684 0.778377
8685 0.879939
8686 0.779548
8687 0.812223
8688 0.680239
8689 0.899264
8690 0.820022
8691 0.747982
8692 0.841103
8693 0.773659
8694 0.747413
8695 0.78394
8696 0.749034
8697 0.748385
8698 0.803367
8699 0.777646
8700 0.937153
8701 0.695204
8702 0.830467
8703 0.806081
8704 0.91937
8705 0.840104
8706 0.723752
8707 0.75974
8708 0.758601
8709 0.801352
8710 0.821708
8711 0.665505
8712 0.923089
8713 0.894685
8714 0.600059
8715 0.951591
8716 0.876567
8717 0.645863
8718 0.544448
8719 0.78639
8720 0.874144
8721 0.646338
8722 0.798813
8723 0.762669
8724 0.807508
8725 0.719114
8726 0.748342
8727 0.900154
8728 0.866107
8729 0.849068
8730 0.799777
8731 0.799883
8732 0.876777
8733 0.874117
8734 0.794376
8735 0.78687
8736 0.895055
8737 0.839111
8738 0.793972
8739 0.964925
8740 0.755052
8741 0.65142
8742 0.958233
8743 0.805534
8744 0.867676
8745 0.863566
8746 0.876355
8747 0.705989
8748 0.891888
8749 0.860186
8750 0.862981
8751 0.808836
8752 0.920816
8753 0.911843
8754 0.747418
8755 0.837125
8756 0.81707
8757 0.811636
8758 0.628047
8759 0.821187
8760 0.880837
8761 0.761545
8762 0.854011
8763 0.963098
8764 0.805894
8765 0.708833
8766 0.75187
8767 0.749987
8768 0.765526
8769 0.742501
8770 0.71862
8771 0.853438
8772 0.83994
8773 0.884672
8774 0.894953
8775 0.71995
8776 0.758244
8777 0.859518
8778 0.910174
8779 0.890203
8780 0.978932
8781 0.885585
8782 0.739805
8783 0.719563
8784 0.541673
8785 0.767536
8786 0.887269
8787 0.913147
8788 0.936396
8789 0.652393
8790 0.840574
8791 0.497046
8792 0.827791
8793 0.812703
8794 0.844285
8795 0.920678
8796 0.889331
8797 0.700497
8798 0.984595
8799 0.886406
8800 0.804325
8801 0.901864
8802 0.867984
8803 0.86172
8804 0.976833
8805 0.970109
8806 0.737001
8807 0.739359
8808 0.906456
8809 0.762817
8810 0.677167
8811 0.739573
8812 0.748908
8813 0.86009
8814 0.827231
8815 0.652684
8816 0.830855
8817 0.864309
8818 0.88968
8819 0.860917
8820 0.71877
8821 0.766842
8822 0.913197
8823 0.782501
8824 0.729177
8825 0.853671
8826 0.85719
8827 0.910116
8828 0.77282
8829 0.90666
8830 0.680452
8831 0.753676
8832 0.743018
8833 0.915416
8834 0.761104
8835 0.721503
8836 0.772948
8837 0.708844
8838 0.886145
8839 0.957441
8840 0.893538
8841 0.709254
8842 0.839692
8843 0.826879
8844 0.826662
8845 0.873056
8846 0.919337
8847 0.809733
8848 0.856935
8849 0.853257
8850 0.805576
8851 0.843815
8852 0.936754
8853 0.898871
8854 0.817957
8855 0.909904
8856 0.714978
8857 0.964564
8858 0.931008
8859 0.763065
8860 0.812181
8861 0.819974
8862 0.769015
8863 0.678863
8864 0.79464
8865 0.848397
8866 0.865543
8867 0.7721
8868 0.979629
8869 0.885949
8870 0.80237
8871 0.819845
8872 0.949479
8873 0.957375
8874 0.823716
8875 0.862242
8876 0.800773
8877 0.846179
8878 0.809545
8879 0.796254
8880 0.689472
8881 0.793607
8882 0.686902
8883 0.847459
8884 0.825476
8885 0.780665
8886 0.777913
8887 0.764994
8888 0.811729
8889 0.830114
8890 0.810221
8891 0.794877
8892 0.85528
8893 0.791297
8894 0.890407
8895 0.795382
8896 0.782443
8897 0.873727
8898 0.853255
8899 0.842312
8900 0.765401
8901 0.889631
8902 0.837747
8903 0.902254
8904 0.952219
8905 0.924973
8906 0.778474
8907 0.619274
8908 0.902678
8909 0.942847
8910 0.960861
8911 0.871316
8912 0.719964
8913 0.684805
8914 0.967483
8915 0.814535
8916 0.737592
8917 0.934328
8918 0.726065
8919 0.667112
8920 0.502611
8921 0.644382
8922 0.76712
8923 0.725791
8924 0.75658
8925 0.899225
8926 0.607524
8927 0.657613
8928 0.699934
8929 0.75355
8930 0.71859
8931 0.789933
8932 0.855841
8933 0.892583
8934 0.883483
8935 0.547402
8936 0.836896
8937 0.864855
8938 0.611882
8939 0.819842
8940 0.715466
8941 0.583418
8942 0.684388
8943 0.76125
8944 0.820968
8945 0.934448
8946 0.948907
8947 0.742995
8948 0.744396
8949 0.733524
8950 0.849948
8951 0.867007
8952 0.900868
8953 0.7959
8954 0.648997
8955 0.709934
8956 0.674697
8957 0.899054
8958 0.89736
8959 0.95662
8960 0.910086
8961 0.879845
8962 0.952718
8963 0.838873
8964 0.792146
8965 0.720097
8966 0.692518
8967 0.78398
8968 0.754738
8969 0.763742
8970 0.561636
8971 0.817472
8972 0.809588
8973 0.982163
8974 0.810189
8975 0.821698
8976 0.966405
8977 0.938865
8978 0.856907
8979 0.721617
8980 0.771509
8981 0.797839
8982 0.80665
8983 0.913694
8984 0.916889
8985 0.898165
8986 0.908427
8987 0.899409
8988 0.861114
8989 0.944065
8990 0.922723
8991 0.942006
8992 0.779961
8993 0.842363
8994 0.867022
8995 0.859182
8996 0.778834
8997 0.854657
8998 0.924249
8999 0.913336
9000 0.629556
9001 0.878125
9002 0.825179
9003 0.727681
9004 0.837267
9005 0.951523
9006 0.583406
9007 0.872895
9008 0.59389
9009 0.80548
9010 0.80243
9011 0.966019
9012 0.779705
9013 0.723583
9014 0.739093
9015 0.778661
9016 0.792255
9017 0.761563
9018 0.901087
9019 0.889938
9020 0.737428
9021 0.860322
9022 0.849236
9023 0.838533
9024 0.855143
9025 0.875188
9026 0.708772
9027 0.901394
9028 0.784791
9029 0.845849
9030 0.759916
9031 0.922838
9032 0.740546
9033 0.83115
9034 0.904338
9035 0.855578
9036 0.893152
9037 0.739846
9038 0.791757
9039 0.819187
9040 0.79942
9041 0.729651
9042 0.667444
9043 0.768379
9044 0.770125
9045 0.808183
9046 0.884885
9047 0.740121
9048 0.947166
9049 0.746476
9050 0.732969
9051 0.740466
9052 0.80728
9053 0.761208
9054 0.806724
9055 0.917176
9056 0.963103
9057 0.701615
9058 0.875245
9059 0.785588
9060 0.837457
9061 0.785073
9062 0.854788
9063 0.685266
9064 0.737026
9065 0.712744
9066 0.894172
9067 0.499261
9068 0.723148
9069 0.923581
9070 0.851118
9071 0.836676
9072 0.922022
9073 0.657522
9074 0.864112
9075 0.926848
9076 0.881645
9077 0.852793
9078 0.948266
9079 0.823157
9080 0.817585
9081 0.795492
9082 0.882522
9083 0.763932
9084 0.903136
9085 0.833965
9086 0.833225
9087 0.574539
9088 0.772038
9089 0.764819
9090 0.793127
9091 0.835633
9092 0.89042
9093 0.736068
9094 0.870287
9095 0.876053
9096 0.589688
9097 0.872906
9098 0.837368
9099 0.832853
9100 0.819273
9101 0.779079
9102 0.871792
9103 0.813929
9104 0.95815
9105 0.94875
9106 0.746778
9107 0.912623
9108 0.929877
9109 0.87794
9110 0.931191
9111 0.685579
9112 0.749479
9113 0.846129
9114 0.676358
9115 0.83155
9116 0.785535
9117 0.749661
9118 0.759546
9119 0.850675
9120 0.844083
9121 0.86772
9122 0.708004
9123 0.84666
9124 0.746367
9125 0.693657
9126 0.753181
9127 0.719503
9128 0.888403
9129 0.981758
9130 0.68054
9131 0.867725
9132 0.996449
9133 0.661249
9134 0.77393
9135 0.942918
9136 0.869082
9137 0.736167
9138 0.757895
9139 0.789868
9140 0.801146
9141 0.862033
9142 0.748514
9143 0.74256
9144 0.784112
9145 0.869443
9146 0.921224
9147 0.844586
9148 0.861076
9149 0.746274
9150 0.814159
9151 0.929154
9152 0.833883
9153 0.801901
9154 0.811191
9155 0.835265
9156 0.797816
9157 0.918368
9158 0.718188
9159 0.907641
9160 0.863893
9161 0.970393
9162 0.943579
9163 0.843865
9164 0.844667
9165 0.842496
9166 0.657702
9167 0.67865
9168 0.892877
9169 0.824118
9170 0.6522
9171 0.688887
9172 0.580318
9173 0.74372
9174 0.84129
9175 0.827733
9176 0.774686
9177 0.838991
9178 0.849668
9179 0.852844
9180 0.805077
9181 0.865163
9182 0.874737
9183 0.865531
9184 0.81722
9185 0.768138
9186 0.87405
9187 0.912
9188 0.7293
9189 0.88408
9190 0.802481
9191 0.698817
9192 0.757274
9193 0.686615
9194 0.776784
9195 0.730276
9196 0.706054
9197 0.730688
9198 0.714741
9199 0.815082
9200 0.881912
9201 0.929547
9202 0.732437
9203 0.87997
9204 0.85169
9205 0.970427
9206 0.672759
9207 0.910276
9208 0.915172
9209 0.945486
9210 0.785048
9211 0.656019
9212 0.828436
9213 0.75373
9214 0.681548
9215 0.786404
9216 0.74906
9217 0.829775
9218 0.849585
9219 0.830325
9220 0.833769
9221 0.67427
9222 0.738847
9223 0.831189
9224 0.971651
9225 0.6784
9226 0.814843
9227 0.660611
9228 0.720357
9229 0.818245
9230 0.726873
9231 0.775287
9232 0.823566
9233 0.825356
9234 0.731025
9235 0.869017
9236 0.718859
9237 0.830146
9238 0.897121
9239 0.86555
9240 0.727301
9241 0.648508
9242 0.744537
9243 0.892642
9244 0.799745
9245 0.853127
9246 0.831692
9247 0.771616
9248 0.920309
9249 0.844736
9250 0.867884
9251 0.684216
9252 0.706858
9253 0.673225
9254 0.751256
9255 0.748848
9256 0.762524
9257 0.765664
9258 0.775577
9259 0.882048
9260 0.893143
9261 0.777299
9262 0.838554
9263 0.917293
9264 0.974618
9265 0.923447
9266 0.663715
9267 0.688165
9268 0.956825
9269 0.856874
9270 0.698034
9271 0.738297
9272 0.900633
9273 0.81743
9274 0.929763
9275 0.73364
9276 0.849003
9277 0.931614
9278 0.896068
9279 0.822381
9280 0.858697
9281 0.830211
9282 0.885157
9283 0.677943
9284 0.766894
9285 0.741854
9286 0.680711
9287 0.842581
9288 0.955046
9289 0.770283
9290 0.932475
9291 0.575359
9292 0.764361
9293 0.886434
9294 0.844801
9295 0.728651
9296 0.855543
9297 0.878644
9298 0.602901
9299 0.717382
9300 0.678119
9301 0.785437
9302 0.847343
9303 0.913945
9304 0.820825
9305 0.890965
9306 0.935933
9307 0.842759
9308 0.904931
9309 0.84052
9310 0.692532
9311 0.965353
9312 0.931342
9313 0.926451
9314 0.790352
9315 0.882736
9316 0.731509
9317 0.953141
9318 0.865329
9319 0.935803
9320 0.893991
9321 0.859056
9322 0.957598
9323 0.802951
9324 0.922827
9325 0.742569
9326 0.905926
9327 0.850935
9328 0.887234
9329 0.714803
9330 0.865844
9331 0.845162
9332 0.854624
9333 0.905611
9334 0.944204
9335 0.964493
9336 0.902022
9337 0.81611
9338 0.796216
9339 0.812101
9340 0.84267
9341 0.840202
9342 0.927294
9343 0.847628
9344 0.810024
9345 0.900242
9346 0.819947
9347 0.887006
9348 0.815664
9349 0.838797
9350 0.829993
9351 0.808489
9352 0.723185
9353 0.849515
9354 0.807647
9355 0.839789
9356 0.852998
9357 0.746857
9358 0.717534
9359 0.719031
9360 0.789641
9361 0.857915
9362 0.789425
9363 0.730262
9364 0.857986
9365 0.858929
9366 0.720029
9367 0.821887
9368 0.900137
9369 0.833187
9370 0.760082
9371 0.914223
9372 0.971798
9373 0.838926
9374 0.833861
9375 0.850671
9376 0.779039
9377 0.931052
9378 0.790601
9379 0.825934
9380 0.906284
9381 0.958016
9382 0.688364
9383 0.855263
9384 0.919402
9385 0.889597
9386 0.833398
9387 0.895598
9388 0.798545
9389 0.853736
9390 0.914018
9391 0.767031
9392 0.794107
9393 0.870095
9394 0.762532
9395 0.777918
9396 0.728689
9397 0.756639
9398 0.78382
9399 0.797669
9400 0.826202
9401 0.95071
9402 0.940086
9403 0.982684
9404 0.94302
9405 0.790095
9406 0.861956
9407 0.732716
9408 0.916142
9409 0.937872
9410 0.711963
9411 0.920571
9412 0.718516
9413 0.651865
9414 0.841784
9415 0.731517
9416 0.668248
9417 0.858254
9418 0.709222
9419 0.588119
9420 0.877611
9421 0.808521
9422 0.797593
9423 0.878372
9424 0.830348
9425 0.839081
9426 0.650023
9427 0.707236
9428 0.596468
9429 0.969421
9430 0.759472
9431 0.820395
9432 0.90013
9433 0.79676
9434 0.73297
9435 0.840282
9436 0.836318
9437 0.769084
9438 0.705812
9439 0.698863
9440 0.771773
9441 0.686318
9442 0.663589
9443 0.815239
9444 0.872288
9445 0.758764
9446 0.854105
9447 0.98655
9448 0.768606
9449 0.646264
9450 0.838264
9451 0.655193
9452 0.505854
9453 0.75345
9454 0.712601
9455 0.791682
9456 0.758048
9457 0.692917
9458 0.741367
9459 0.727098
9460 0.767044
9461 0.797936
9462 0.725617
9463 0.768198
9464 0.885543
9465 0.769683
9466 0.842925
9467 0.774601
9468 0.974639
9469 0.877532
9470 0.79122
9471 0.722226
9472 0.888592
9473 0.912137
9474 0.855105
9475 0.860664
9476 0.870085
9477 0.856513
9478 0.725229
9479 0.763346
9480 0.907931
9481 0.90724
9482 0.774706
9483 0.945745
9484 0.880288
9485 0.93788
9486 0.834044
9487 0.726229
9488 0.772075
9489 0.797572
9490 0.779697
9491 0.769815
9492 0.962945
9493 0.868148
9494 0.830569
9495 0.774923
9496 0.752715
9497 0.922115
9498 0.831998
9499 0.735769
9500 0.669902
9501 0.886988
9502 0.797545
9503 0.887939
9504 0.847905
9505 0.755488
9506 0.897122
9507 0.887105
9508 0.808124
9509 0.96795
9510 0.798466
9511 0.923647
9512 0.851754
9513 0.896116
9514 0.688159
9515 0.915673
9516 0.903909
9517 0.59612
9518 0.629714
9519 0.741919
9520 0.720237
9521 0.634513
9522 0.840577
9523 0.775838
9524 0.731096
9525 0.938918
9526 0.725204
9527 0.823277
9528 0.781596
9529 0.879087
9530 0.88506
9531 0.891153
9532 0.969879
9533 0.907505
9534 0.822711
9535 0.923959
9536 0.945384
9537 0.9472
9538 0.638718
9539 0.906257
9540 0.856187
9541 0.859257
9542 0.72731
9543 0.736641
9544 0.8364
9545 0.687328
9546 0.817948
9547 0.77728
9548 0.790092
9549 0.827495
9550 0.932866
9551 0.776688
9552 0.86509
9553 0.769194
9554 0.678778
9555 0.641349
9556 0.674489
9557 0.728407
9558 0.893966
9559 0.92168
9560 0.501606
9561 0.687074
9562 0.78544
9563 0.87803
9564 0.883034
9565 0.907965
9566 0.671166
9567 0.830763
9568 0.842226
9569 0.814053
9570 0.968568
9571 0.917173
9572 0.764202
9573 0.771057
9574 0.798906
9575 0.851891
9576 0.858294
9577 0.817197
9578 0.769098
9579 0.769224
9580 0.782927
9581 0.892709
9582 0.868979
9583 0.886762
9584 0.886262
9585 0.832177
9586 0.626138
9587 0.668195
9588 0.806348
9589 0.684879
9590 0.820236
9591 0.703837
9592 0.735105
9593 0.782589
9594 0.758343
9595 0.874237
9596 0.83631
9597 0.713432
9598 0.761696
9599 0.785607
9600 0.831876
9601 0.867483
9602 0.726469
9603 0.813546
9604 0.781074
9605 0.912256
9606 0.79416
9607 0.651607
9608 0.657057
9609 0.790189
9610 0.833615
9611 0.821631
9612 0.911884
9613 0.921818
9614 0.972187
9615 0.909029
9616 0.862921
9617 0.875959
9618 0.977629
9619 0.83555
9620 0.707752
9621 0.933753
9622 0.799337
9623 0.791489
9624 0.665985
9625 0.672233
9626 0.745639
9627 0.913734
9628 0.912767
9629 0.809085
9630 0.780056
9631 0.769802
9632 0.87302
9633 0.740498
9634 0.900685
9635 0.806149
9636 0.613358
9637 0.723743
9638 0.794376
9639 0.679721
9640 0.945606
9641 0.877143
9642 0.764177
9643 0.808539
9644 0.768647
9645 0.746434
9646 0.89212
9647 0.748368
9648 0.711314
9649 0.897027
9650 0.774294
9651 0.708848
9652 0.700806
9653 0.809591
9654 0.812534
9655 0.843697
9656 0.887164
9657 0.80577
9658 0.852832
9659 0.924646
9660 0.790886
9661 0.777458
9662 0.844052
9663 0.795241
9664 0.764068
9665 0.768473
9666 0.703855
9667 0.734547
9668 0.889719
9669 0.887452
9670 0.871392
9671 0.835788
9672 0.825185
9673 0.969116
9674 0.786809
9675 0.861018
9676 0.704481
9677 0.783339
9678 0.868427
9679 0.763652
9680 0.673987
9681 0.789097
9682 0.713848
9683 0.880373
9684 0.887339
9685 0.799706
9686 0.729104
9687 0.808097
9688 0.786182
9689 0.924192
9690 0.674231
9691 0.91024
9692 0.901672
9693 0.894622
9694 0.816145
9695 0.870803
9696 0.500717
9697 0.703389
9698 0.796879
9699 0.824303
9700 0.745573
9701 0.859048
9702 0.90522
9703 0.841751
9704 0.799667
9705 0.897411
9706 0.810661
9707 0.779736
9708 0.872915
9709 0.857322
9710 0.834427
9711 0.699695
9712 0.844175
9713 0.820925
9714 0.847512
9715 0.821956
9716 0.909033
9717 0.742449
9718 0.909739
9719 0.962423
9720 0.810459
9721 0.859245
9722 0.784539
9723 0.916212
9724 0.813108
9725 0.868479
9726 0.762475
9727 0.759142
9728 0.669269
9729 0.830122
9730 0.728204
9731 0.825148
9732 0.707374
9733 0.844069
9734 0.612794
9735 0.741784
9736 0.646588
9737 0.802545
9738 0.864509
9739 0.781779
9740 0.925614
9741 0.68335
9742 0.655899
9743 0.699279
9744 0.625787
9745 0.734823
9746 0.875865
9747 0.779677
9748 0.869227
9749 0.775901
9750 0.783418
9751 0.744991
9752 0.563589
9753 0.576208
9754 0.826097
9755 0.959464
9756 0.812199
9757 0.895876
9758 0.723459
9759 0.855879
9760 0.75862
9761 0.84245
9762 0.743779
9763 0.772978
9764 0.948943
9765 0.829619
9766 0.906098
9767 0.870211
9768 0.929251
9769 0.936062
9770 0.758521
9771 0.66726
9772 0.654462
9773 0.723102
9774 0.838974
9775 0.755092
9776 0.752458
9777 0.735014
9778 0.694531
9779 0.922535
9780 0.725732
9781 0.823577
9782 0.870349
9783 0.701212
9784 0.818735
9785 0.945165
9786 0.77539
9787 0.842317
9788 0.872933
9789 0.811589
9790 0.889272
9791 0.87619
9792 0.713901
9793 0.772615
9794 0.829963
9795 0.735005
9796 0.936584
9797 0.67943
9798 0.686731
9799 0.800611
9800 0.856539
9801 0.837768
9802 0.53736
9803 0.718494
9804 0.838684
9805 0.736133
9806 0.776206
9807 0.910796
9808 0.841035
9809 0.784886
9810 0.710754
9811 0.74273
9812 0.716275
9813 0.775377
9814 0.716529
9815 0.783699
9816 0.768777
9817 0.85608
9818 0.700817
9819 0.884451
9820 0.686622
9821 0.750683
9822 0.76126
9823 0.799605
9824 0.711548
9825 0.882601
9826 0.89113
9827 0.885499
9828 0.727368
9829 0.936471
9830 0.873296
9831 0.844873
9832 0.630236
9833 0.724353
9834 0.808611
9835 0.841269
9836 0.861513
9837 0.720069
9838 0.814936
9839 0.766005
9840 0.818494
9841 0.743458
9842 0.895899
9843 0.721698
9844 0.774387
9845 0.980836
9846 0.865072
9847 0.82822
9848 0.741835
9849 0.856975
9850 0.852886
9851 0.899308
9852 0.835585
9853 0.758339
9854 0.784736
9855 0.879313
9856 0.730265
9857 0.880418
9858 0.770438
9859 0.788696
9860 0.769805
9861 0.891153
9862 0.86022
9863 0.800292
9864 0.819043
9865 0.761891
9866 0.899157
9867 0.804253
9868 0.828932
9869 0.674376
9870 0.800543
9871 0.739852
9872 0.830578
9873 0.815888
9874 0.745429
9875 0.808053
9876 0.579672
9877 0.879107
9878 0.721955
9879 0.754907
9880 0.863278
9881 0.682376
9882 0.800582
9883 0.890074
9884 0.807964
9885 0.807004
9886 0.733429
9887 0.701945
9888 0.713739
9889 0.809949
9890 0.701657
9891 0.823513
9892 0.813725
9893 0.789748
9894 0.6614
9895 0.79634
9896 0.839145
9897 0.854758
9898 0.742943
9899 0.782628
9900 0.507694
9901 0.830456
9902 0.78789
9903 0.856006
9904 0.859098
9905 0.821244
9906 0.91611
9907 0.928148
9908 0.893813
9909 0.889427
9910 0.888722
9911 0.784235
9912 0.956137
9913 0.727821
9914 0.79768
9915 0.723703
9916 0.783284
9917 0.838887
9918 0.768427
9919 0.824031
9920 0.878087
9921 0.825538
9922 0.892027
9923 0.763127
9924 0.634244
9925 0.720301
9926 0.840226
9927 0.808405
9928 0.688538
9929 0.789173
9930 0.732046
9931 0.740257
9932 0.876238
9933 0.735466
9934 0.858333
9935 0.853305
9936 0.768714
9937 0.66461
9938 0.899552
9939 0.851395
9940 0.881057
9941 0.650614
9942 0.617556
9943 0.756028
9944 0.934473
9945 0.84585
9946 0.940497
9947 0.614693
9948 0.720995
9949 0.92033
9950 0.923814
9951 0.688905
9952 0.834124
9953 0.58048
9954 0.609923
9955 0.754484
9956 0.748726
9957 0.867532
9958 0.73797
9959 0.658264
9960 0.89734
9961 0.712723
9962 0.889651
9963 0.926437
9964 0.614546
9965 0.930673
9966 0.913994
9967 0.849932
9968 0.684338
9969 0.846243
9970 0.771874
9971 0.830551
9972 0.810613
9973 0.682748
9974 0.808715
9975 0.859141
9976 0.62274
9977 0.765098
9978 0.809992
9979 0.712205
9980 0.805362
9981 0.787547
9982 0.812694
9983 0.86989
9984 0.980264
9985 0.864876
9986 0.685934
9987 0.908137
9988 0.808564
9989 0.771018
9990 0.870741
9991 0.8413
9992 0.887546
9993 0.865931
9994 0.750568
9995 0.705221
9996 0.6776
9997 0.748191
9998 0.881162
9999 0.822301
10000 0.764916
10001 0.852458
10002 0.646809
10003 0.833943
10004 0.886428
10005 0.918118
10006 0.808655
10007 0.735762
10008 0.935265
10009 0.759381
10010 0.788028
10011 0.726751
10012 0.930744
10013 0.74543
10014 0.858474
10015 0.714386
10016 0.798815
10017 0.90014
10018 0.853608
10019 0.859139
10020 0.887053
10021 0.803
10022 0.987101
10023 0.778135
10024 0.64144
10025 0.825116
10026 0.557297
10027 0.796238
10028 0.913706
10029 0.743744
10030 0.84521
10031 0.795483
10032 0.774254
10033 0.912887
10034 0.625548
10035 0.783759
10036 0.972283
10037 0.936739
10038 0.757147
10039 0.748335
10040 0.704371
10041 0.651344
10042 0.635098
10043 0.624102
10044 0.884141
10045 0.81235
10046 0.720032
10047 0.693975
10048 0.842819
10049 0.783086
10050 0.651192
10051 0.798678
10052 0.828594
10053 0.668735
10054 0.804905
10055 0.65972
10056 0.742257
10057 0.921037
10058 0.946293
10059 0.674379
10060 0.789934
10061 0.694194
10062 0.812858
10063 0.685411
10064 0.78586
10065 0.83985
10066 0.88087
10067 0.774503
10068 0.881638
10069 0.818503
10070 0.850817
10071 0.726536
10072 0.84884
10073 0.691238
10074 0.745232
10075 0.737446
10076 0.751503
10077 0.874238
10078 0.63827
10079 0.635197
10080 0.695125
10081 0.921284
10082 0.874731
10083 0.791213
10084 0.742674
10085 0.693965
10086 0.715737
10087 0.793909
10088 0.749978
10089 0.721466
10090 0.902064
10091 0.719659
10092 0.726937
10093 0.706086
10094 0.603495
10095 0.76841
10096 0.876737
10097 0.738895
10098 0.757325
10099 0.836417
10100 0.639307
10101 0.689621
10102 0.857533
10103 0.834086
10104 0.785543
10105 0.673491
10106 0.768108
10107 0.81981
10108 0.921849
10109 0.799886
10110 0.795112
10111 0.833054
10112 0.882302
10113 0.8263
10114 0.829361
10115 0.794776
10116 0.816715
10117 0.678651
10118 0.784928
10119 0.913439
10120 0.894339
10121 0.902684
10122 0.747236
10123 0.655596
10124 0.794549
10125 0.853193
10126 0.756881
10127 0.617121
10128 0.623154
10129 0.737506
10130 0.834481
10131 0.763063
10132 0.575407
10133 0.873891
10134 0.931887
10135 0.793954
10136 0.685454
10137 0.771585
10138 0.871687
10139 0.784436
10140 0.807221
10141 0.895599
10142 0.920693
10143 0.922981
10144 0.837849
10145 0.940052
10146 0.832375
10147 0.736578
10148 0.781672
10149 0.762119
10150 0.671246
10151 0.677936
10152 0.824855
10153 0.835468
10154 0.959162
10155 0.823538
10156 0.914828
10157 0.915695
10158 0.63193
10159 0.753965
10160 0.82198
10161 0.51502
10162 0.734619
10163 0.754966
10164 0.742924
10165 0.815398
10166 0.658505
10167 0.939334
10168 0.921512
10169 0.656049
10170 0.754909
10171 0.821003
10172 0.707487
10173 0.757261
10174 0.82384
10175 0.662354
10176 0.825879
10177 0.795522
10178 0.672444
10179 0.882827
10180 0.616481
10181 0.823037
10182 0.637129
10183 0.670107
10184 0.675439
10185 0.993348
10186 0.89474
10187 0.909645
10188 0.987717
10189 0.741369
10190 0.777759
10191 0.831836
10192 0.891006
10193 0.86565
10194 0.880187
10195 0.59922
10196 0.898349
10197 0.779287
10198 0.815589
10199 0.813318
10200 0.810362
10201 0.75419
10202 0.860209
10203 0.708501
10204 0.750851
10205 0.927323
10206 0.837074
10207 0.683683
10208 0.770334
10209 0.926271
10210 0.773868
10211 0.869303
10212 0.839825
10213 0.904761
10214 0.659841
10215 0.876429
10216 0.910547
10217 0.967018
10218 0.803691
10219 0.694295
10220 0.912794
10221 0.929874
10222 0.84708
10223 0.714539
10224 0.85587
10225 0.772016
10226 0.847141
10227 0.886858
10228 0.63881
10229 0.697689
10230 0.734207
10231 0.692268
10232 0.793464
10233 0.754413
10234 0.55829
10235 0.872079
10236 0.895367
10237 0.72608
10238 0.748491
10239 0.763267
10240 0.956283
10241 0.836476
10242 0.685203
10243 0.703939
10244 0.831646
10245 0.889583
10246 0.833251
10247 0.749605
10248 0.800112
10249 0.78664
10250 0.689409
10251 0.83712
10252 0.619568
10253 0.871008
10254 0.758231
10255 0.744333
10256 0.769222
10257 0.839303
10258 0.624291
10259 0.763743
10260 0.681685
10261 0.731566
10262 0.814592
10263 0.716737
10264 0.682506
10265 0.725302
10266 0.724486
10267 0.797586
10268 0.746372
10269 0.793057
10270 0.8526
10271 0.722949
10272 0.753411
10273 0.688973
10274 0.703588
10275 0.794482
10276 0.573321
10277 0.78522
10278 0.912623
10279 0.959391
10280 0.727075
10281 0.678683
10282 0.796588
10283 0.726799
10284 0.833741
10285 0.751727
10286 0.708732
10287 0.80536
10288 0.642114
10289 0.743709
10290 0.516992
10291 0.818069
10292 0.587598
10293 0.854819
10294 0.735036
10295 0.863711
10296 0.737569
10297 0.939425
10298 0.830554
10299 0.848427
10300 0.842175
10301 0.86606
10302 0.882101
10303 0.822671
10304 0.72471
10305 0.609501
10306 0.815234
10307 0.864555
10308 0.836159
10309 0.693865
10310 0.642752
10311 0.616713
10312 0.832794
10313 0.876122
10314 0.722421
10315 0.88832
10316 0.766401
10317 0.74878
10318 0.80468
10319 0.735146
10320 0.743785
10321 0.9142
10322 0.612664
10323 0.8247
10324 0.561193
10325 0.612976
10326 0.792771
10327 0.741786
10328 0.819061
10329 0.851601
10330 0.659585
10331 0.991726
10332 0.97459
10333 0.768124
10334 0.883493
10335 0.824666
10336 0.76688
10337 0.791462
10338 0.969605
10339 0.856562
10340 0.638144
10341 0.804892
10342 0.881029
10343 0.802367
10344 0.891472
10345 0.776422
10346 0.838083
10347 0.826677
10348 0.846914
10349 0.829421
10350 0.697942
10351 0.770117
10352 0.750042
10353 0.723383
10354 0.762152
10355 0.768175
10356 0.818109
10357 0.739301
10358 0.895513
10359 0.658396
10360 0.746772
10361 0.665237
10362 0.756717
10363 0.789985
10364 0.734484
10365 0.774294
10366 0.719038
10367 0.666547
10368 0.652023
10369 0.93814
10370 0.807991
10371 0.755521
10372 0.761152
10373 0.693572
10374 0.776267
10375 0.704715
10376 0.780952
10377 0.722681
10378 0.882389
10379 0.539462
10380 0.830861
10381 0.725649
10382 0.826645
10383 0.647018
10384 0.810632
10385 0.712582
10386 0.722706
10387 0.77589
10388 0.791964
10389 0.901269
10390 0.857027
10391 0.686283
10392 0.637651
10393 0.635397
10394 0.688448
10395 0.628038
10396 0.635269
10397 0.602812
10398 0.504138
10399 0.683891
10400 0.831142
10401 0.750943
10402 0.755521
10403 0.676998
10404 0.813017
10405 0.827731
10406 0.589919
10407 0.574911
10408 0.803975
10409 0.771462
10410 0.879564
10411 0.68427
10412 0.79983
10413 0.81977
10414 0.74555
10415 0.81973
10416 0.784458
10417 0.830076
10418 0.830937
10419 0.652446
10420 0.862284
10421 0.768903
10422 0.70888
10423 0.553282
10424 0.695861
10425 0.932135
10426 0.885321
10427 0.956174
10428 0.750557
10429 0.669386
10430 0.738929
10431 0.702913
10432 0.798389
10433 0.721161
10434 0.737229
10435 0.746956
10436 0.684294
10437 0.833581
10438 0.95935
10439 0.715374
10440 0.748197
10441 0.650145
10442 0.812754
10443 0.711775
10444 0.780935
10445 0.830467
10446 0.781265
10447 0.802497
10448 0.792029
10449 0.786007
10450 0.735277
10451 0.802003
10452 0.69033
10453 0.783992
10454 0.884388
10455 0.727579
10456 0.783816
10457 0.813734
10458 0.847793
10459 0.783431
10460 0.790955
10461 0.950719
10462 0.656861
10463 0.696297
10464 0.703944
10465 0.768969
10466 0.711446
10467 0.860496
10468 0.840074
10469 0.822984
10470 0.675954
10471 0.621773
10472 0.92627
10473 0.809291
10474 0.655019
10475 0.691841
10476 0.69543
10477 0.784127
10478 0.74626
10479 0.741529
10480 0.660265
10481 0.824427
10482 0.720292
10483 0.782874
10484 0.817356
10485 0.703096
10486 0.74007
10487 0.723147
10488 0.522667
10489 0.779045
10490 0.779939
10491 0.645669
10492 0.755675
10493 0.981327
10494 0.873298
10495 0.575619
10496 0.749753
10497 0.736826
10498 0.779072
10499 0.78883
10500 0.791303
10501 0.832675
10502 0.719412
10503 0.934437
10504 0.784045
10505 0.759818
10506 0.792743
10507 0.90547
10508 0.861653
10509 0.745834
10510 0.915982
10511 0.848786
10512 0.901921
10513 0.57545
10514 0.748406
10515 0.652217
10516 0.754623
10517 0.455059
10518 0.943785
10519 0.566512
10520 0.892135
10521 0.711437
10522 0.907573
10523 0.881826
10524 0.972433
10525 0.751861
10526 0.575586
10527 0.901565
10528 0.909301
10529 0.78013
10530 0.868102
10531 0.745652
10532 0.708232
10533 0.876134
10534 0.787562
10535 0.550164
10536 0.902051
10537 0.928251
10538 0.764728
10539 0.823606
10540 0.906325
10541 0.772926
10542 0.80946
10543 0.887453
10544 0.804016
10545 0.750754
10546 0.867851
10547 0.862454
10548 0.737767
10549 0.794907
10550 0.838706
10551 0.742633
10552 0.816353
10553 0.728059
10554 0.883339
10555 0.612767
10556 0.981769
10557 0.816034
10558 0.833274
10559 0.90646
10560 0.823702
10561 0.696111
10562 0.8782
10563 0.843415
10564 0.834744
10565 0.700315
10566 0.774873
10567 0.713644
10568 0.757837
10569 0.747636
10570 0.904062
10571 0.78551
10572 0.724583
10573 0.725678
10574 0.71796
10575 0.712263
10576 0.651321
10577 0.82573
10578 0.803108
10579 0.677438
10580 0.940252
10581 0.924442
10582 0.96362
10583 0.888956
10584 0.662797
10585 0.677562
10586 0.817245
10587 0.698101
10588 0.735959
10589 0.696033
10590 0.501944
10591 0.553018
10592 0.630773
10593 0.543358
10594 0.875389
10595 0.708949
10596 0.779942
10597 0.819813
10598 0.799658
10599 0.835969
10600 0.657193
10601 0.790569
10602 0.773332
10603 0.604529
10604 0.672532
10605 0.832188
10606 0.672876
10607 0.792366
10608 0.685385
10609 0.743586
10610 0.714073
10611 0.77209
10612 0.750014
10613 0.890641
10614 0.816712
10615 0.56162
10616 0.709686
10617 0.833343
10618 0.895409
10619 0.853075
10620 0.749445
10621 0.789242
10622 0.741134
10623 0.748911
10624 0.766736
10625 0.822717
10626 0.872831
10627 0.705913
10628 0.61535
10629 0.916798
10630 0.818502
10631 0.758195
10632 0.706154
10633 0.695425
10634 0.630105
10635 0.661061
10636 0.727324
10637 0.858816
10638 0.738485
10639 0.788436
10640 0.843294
10641 0.823045
10642 0.815929
10643 0.860056
10644 0.761325
10645 0.788846
10646 0.858645
10647 0.704341
10648 0.839683
10649 0.749176
10650 0.833208
10651 0.87344
10652 0.830763
10653 0.696149
10654 0.713197
10655 0.803372
10656 0.850528
10657 0.747451
10658 0.814725
10659 0.688438
10660 0.876534
10661 0.806548
10662 0.788416
10663 0.676631
10664 0.819098
10665 0.789957
10666 0.747136
10667 0.795393
10668 0.766006
10669 0.842709
10670 0.89706
10671 0.707705
10672 0.732589
10673 0.859984
10674 0.773686
10675 0.814677
10676 0.622272
10677 0.818621
10678 0.893228
10679 0.802553
10680 0.759814
10681 0.772183
10682 0.678264
10683 0.669282
10684 0.793221
10685 0.954615
10686 0.781822
10687 0.77714
10688 0.703254
10689 0.793887
10690 0.669344
10691 0.825291
10692 0.692346
10693 0.813167
10694 0.762372
10695 0.757048
10696 0.675241
10697 0.816191
10698 0.726138
10699 0.733873
10700 0.722941
10701 0.850508
10702 0.769029
10703 0.720351
10704 0.668362
10705 0.70214
10706 0.8432
10707 0.695555
10708 0.897704
10709 0.838715
10710 0.951527
10711 0.827776
10712 0.875111
10713 0.721731
10714 0.759635
10715 0.903602
10716 0.913954
10717 0.817659
10718 0.762514
10719 0.711372
10720 0.762427
10721 0.737945
10722 0.830396
10723 0.94263
10724 0.769005
10725 0.684572
10726 0.922212
10727 0.689674
10728 0.701969
10729 0.779733
10730 0.638106
10731 0.660139
10732 0.819798
10733 0.726764
10734 0.76569
10735 0.789558
10736 0.749875
10737 0.873265
10738 0.929132
10739 0.869166
10740 0.883074
10741 0.862388
10742 0.835008
10743 0.743042
10744 0.834928
10745 0.884232
10746 0.953705
10747 0.767196
10748 0.781234
10749 0.923615
10750 0.757164
10751 0.732299
10752 0.891701
10753 0.756048
10754 0.69412
10755 0.723754
10756 0.792969
10757 0.744361
10758 0.714981
10759 0.8044
10760 0.805124
10761 0.874109
10762 0.838772
10763 0.827832
10764 0.892527
10765 0.828704
10766 0.888519
10767 0.907172
10768 0.884691
10769 0.849168
10770 0.827641
10771 0.832272
10772 0.7861
10773 0.833633
10774 0.867039
10775 0.884271
10776 0.745769
10777 0.831537
10778 0.84484
10779 0.683076
10780 0.645755
10781 0.699957
10782 0.700236
10783 0.846242
10784 0.750586
10785 0.724401
10786 0.803543
10787 0.970404
10788 0.823315
10789 0.863764
10790 0.80875
10791 0.839959
10792 0.920388
10793 0.794773
10794 0.862878
10795 0.685334
10796 0.867668
10797 0.802814
10798 0.812076
10799 0.859441
10800 0.755755
10801 0.761703
10802 0.766869
10803 0.817202
10804 0.852592
10805 0.858926
10806 0.893784
10807 0.856028
10808 0.951887
10809 0.908041
10810 0.881335
10811 0.903839
10812 0.832178
10813 0.842398
10814 0.82428
10815 0.665605
10816 0.714423
10817 0.816115
10818 0.723978
10819 0.894207
10820 0.770364
10821 0.739767
10822 0.711508
10823 0.736829
10824 0.662527
10825 0.930678
10826 0.727362
10827 0.679648
10828 0.792605
10829 0.731799
10830 0.827082
10831 0.819089
10832 0.836427
10833 0.861442
10834 0.782867
10835 0.959968
10836 0.607171
10837 0.615993
10838 0.780422
10839 0.892138
10840 0.795711
10841 0.798003
10842 0.808714
10843 0.764175
10844 0.659223
10845 0.878315
10846 0.775418
10847 0.830313
10848 0.769719
10849 0.733937
10850 0.755579
10851 0.709257
10852 0.790926
10853 0.878235
10854 0.868198
10855 0.897668
10856 0.763445
10857 0.745504
10858 0.782015
10859 0.92857
10860 0.750126
10861 0.909988
10862 0.747643
10863 0.792824
10864 0.747667
10865 0.947395
10866 0.836009
10867 0.786843
10868 0.625963
10869 0.707178
10870 0.774361
10871 0.749608
10872 0.758764
10873 0.795464
10874 0.845625
10875 0.831566
10876 0.77615
10877 0.78677
10878 0.857288
10879 0.800161
10880 0.848768
10881 0.81518
10882 0.79644
10883 0.814025
10884 0.768211
10885 0.804624
10886 0.774931
10887 0.724944
10888 0.848712
10889 0.980545
10890 0.770656
10891 0.958175
10892 0.755923
10893 0.931094
10894 0.954427
10895 0.804004
10896 0.811375
10897 0.645307
10898 0.583091
10899 0.787221
10900 0.820085
10901 0.808233
10902 0.810818
10903 0.831291
10904 0.864469
10905 0.773837
10906 0.837034
10907 0.932933
10908 0.742514
10909 0.905807
10910 0.903338
10911 0.776899
10912 0.804052
10913 0.799758
10914 0.861268
10915 0.886529
10916 0.822108
10917 0.91646
10918 0.837565
10919 0.629313
10920 0.876981
10921 0.708834
10922 0.88876
10923 0.628963
10924 0.881287
10925 0.72431
10926 0.864632
10927 0.755126
10928 0.687972
10929 0.923399
10930 0.935675
10931 0.942905
10932 0.765294
10933 0.673899
10934 0.835622
10935 0.647541
10936 0.744236
10937 0.821968
10938 0.748612
10939 0.753164
10940 0.766783
10941 0.801045
10942 0.662114
10943 0.942264
10944 0.93259
10945 0.889012
10946 0.932398
10947 0.770542
10948 0.637642
10949 0.602364
10950 0.740239
10951 0.683226
10952 0.774513
10953 0.731452
10954 0.879318
10955 0.833262
10956 0.826852
10957 0.90047
10958 0.830025
10959 0.74528
10960 0.786339
10961 0.801831
10962 0.852294
10963 0.968297
10964 0.739301
10965 0.65998
10966 0.665505
10967 0.784089
10968 0.732988
10969 0.869608
10970 0.914587
10971 0.598414
10972 0.850754
10973 0.77327
10974 0.803759
10975 0.824331
10976 0.907412
10977 0.851914
10978 0.739556
10979 0.673872
10980 0.84895
10981 0.779454
10982 0.863973
10983 0.56847
10984 0.821892
10985 0.794486
10986 0.914143
10987 0.666556
10988 0.759373
10989 0.607522
10990 0.772733
10991 0.814104
10992 0.877481
10993 0.831562
10994 0.825132
10995 0.80176
10996 0.86913
10997 0.910585
10998 0.740308
10999 0.854787
11000 0.602113
11001 0.716904
11002 0.784594
11003 0.67658
11004 0.924446
11005 0.801325
11006 0.706764
11007 0.607195
11008 0.840888
11009 0.776298
11010 0.625311
11011 0.840899
11012 0.821685
11013 0.868261
11014 0.943457
11015 0.773599
11016 0.923047
11017 0.763247
11018 0.868335
11019 0.862852
11020 0.854541
11021 0.677276
11022 0.695776
11023 0.789116
11024 0.631448
11025 0.906269
11026 0.738823
11027 0.858323
11028 0.687902
11029 0.61619
11030 0.854415
11031 0.751902
11032 0.746899
11033 0.620439
11034 0.859403
11035 0.559395
11036 0.755936
11037 0.624959
11038 0.777715
11039 0.774043
11040 0.954222
11041 0.867072
11042 0.894677
11043 0.844106
11044 0.600991
11045 0.89077
11046 0.741745
11047 0.83368
11048 0.660943
11049 0.745155
11050 0.641784
11051 0.765253
11052 0.724582
11053 0.587639
11054 0.717913
11055 0.785951
11056 0.724727
11057 0.661201
11058 0.743734
11059 0.643679
11060 0.698479
11061 0.765958
11062 0.595577
11063 0.666922
11064 0.705891
11065 0.593769
11066 0.830817
11067 0.684313
11068 0.580017
11069 0.754032
11070 0.884118
11071 0.839944
11072 0.904273
11073 0.876338
11074 0.701881
11075 0.833477
11076 0.831597
11077 0.751344
11078 0.682481
11079 0.611347
11080 0.593097
11081 0.753629
11082 0.894553
11083 0.723599
11084 0.88048
11085 0.699227
11086 0.794917
11087 0.751119
11088 0.80067
11089 0.797178
11090 0.752031
11091 0.789891
11092 0.707706
11093 0.8004
11094 0.772535
11095 0.776294
11096 0.621013
11097 0.768242
11098 0.774956
11099 0.791698
11100 0.609419
11101 0.679074
11102 0.730721
11103 0.712869
11104 0.781928
11105 0.738248
11106 0.898944
11107 0.697165
11108 0.897345
11109 0.645597
11110 0.654553
11111 0.690916
11112 0.687661
11113 0.864527
11114 0.909795
11115 0.67979
11116 0.802351
11117 0.867017
11118 0.762608
11119 0.663681
11120 0.924987
11121 0.727724
11122 0.830148
11123 0.905915
11124 0.86299
11125 0.851688
11126 0.648886
11127 0.658819
11128 0.750092
11129 0.678436
11130 0.546928
11131 0.722296
11132 0.55061
11133 0.907412
11134 0.689123
11135 0.960438
11136 0.677684
11137 0.70576
11138 0.759402
11139 0.756479
11140 0.887943
11141 0.750294
11142 0.830451
11143 0.700637
11144 0.907159
11145 0.674453
11146 0.776969
11147 0.787736
11148 0.803738
11149 0.88648
11150 0.833765
11151 0.833031
11152 0.769234
11153 0.712092
11154 0.712682
11155 0.655402
11156 0.661281
11157 0.721224
11158 0.834866
11159 0.699703
11160 0.670231
11161 0.822427
11162 0.689887
11163 0.942821
11164 0.880855
11165 0.774556
11166 0.836903
11167 0.812026
11168 0.744301
11169 0.813918
11170 0.823174
11171 0.897876
11172 0.88069
11173 0.704543
11174 0.689262
11175 0.842334
11176 0.782826
11177 0.850844
11178 0.816565
11179 0.890519
11180 0.729422
11181 0.752911
11182 0.773125
11183 0.882119
11184 0.820307
11185 0.7679
11186 0.771228
11187 0.743086
11188 0.845589
11189 0.871093
11190 0.794541
11191 0.685003
11192 0.911159
11193 0.831796
11194 0.776848
11195 0.82264
11196 0.846876
11197 0.735774
11198 0.644692
11199 0.554164
11200 0.809004
11201 0.822201
11202 0.741608
11203 0.68593
11204 0.65119
11205 0.793264
11206 0.788972
11207 0.766178
11208 0.871014
11209 0.728634
11210 0.868674
11211 0.848265
11212 0.908473
11213 0.596114
11214 0.735524
11215 0.611503
11216 0.73781
11217 0.741641
11218 0.789812
11219 0.752552
11220 0.676064
11221 0.748993
11222 0.661978
11223 0.804035
11224 0.74203
11225 0.808747
11226 0.79849
11227 0.813401
11228 0.90379
11229 0.657656
11230 0.813519
11231 0.817166
11232 0.898965
11233 0.789
11234 0.8244
11235 0.706965
11236 0.714698
11237 0.872021
11238 0.80181
11239 0.799788
11240 0.857369
11241 0.675502
11242 0.924615
11243 0.632581
11244 0.914499
11245 0.773975
11246 0.76195
11247 0.754518
11248 0.815805
11249 0.852946
11250 0.713812
11251 0.821125
11252 0.851445
11253 0.902648
11254 0.819317
11255 0.917218
11256 0.808173
11257 0.675475
11258 0.916855
11259 0.850323
11260 0.696869
11261 0.777634
11262 0.707029
11263 0.771941
11264 0.777299
11265 0.904902
11266 0.798073
11267 0.816235
11268 0.705715
11269 0.778581
11270 0.655426
11271 0.917596
11272 0.777856
11273 0.889978
11274 0.75271
11275 0.832774
11276 0.911232
11277 0.839496
11278 0.683511
11279 0.736194
11280 0.824889
11281 0.77963
11282 0.755147
11283 0.647524
11284 0.765699
11285 0.603644
11286 0.613974
11287 0.806856
11288 0.79939
11289 0.746736
11290 0.721917
11291 0.684253
11292 0.861841
11293 0.745811
11294 0.744251
11295 0.695722
11296 0.773528
11297 0.692471
11298 0.860781
11299 0.804323
11300 0.893856
11301 0.840632
11302 0.84397
11303 0.795645
11304 0.814603
11305 0.867231
11306 0.810843
11307 0.875625
11308 0.715136
11309 0.79043
11310 0.910125
11311 0.649224
11312 0.80736
11313 0.719731
11314 0.829946
11315 0.610804
11316 0.787184
11317 0.77012
11318 0.716585
11319 0.750669
11320 0.817725
11321 0.894428
11322 0.93079
11323 0.86931
11324 0.944927
11325 0.766263
11326 0.928668
11327 0.72046
11328 0.812752
11329 0.499666
11330 0.682197
11331 0.65757
11332 0.870173
11333 0.873069
11334 0.727181
11335 0.719231
11336 0.894364
11337 0.931081
11338 0.8221
11339 0.579017
11340 0.785882
11341 0.73689
11342 0.730249
11343 0.777755
11344 0.750911
11345 0.762394
11346 0.708289
11347 0.852536
11348 0.62834
11349 0.639061
11350 0.80817
11351 0.869194
11352 0.6272
11353 0.687577
11354 0.764481
11355 0.83589
11356 0.791522
11357 0.781889
11358 0.668126
11359 0.8048
11360 0.709254
11361 0.579806
11362 0.945145
11363 0.861962
11364 0.827584
11365 0.806071
11366 0.615619
11367 0.755667
11368 0.595595
11369 0.838101
11370 0.807117
11371 0.876525
11372 0.892102
11373 0.900263
11374 0.81868
11375 0.785037
11376 0.82576
11377 0.525725
11378 0.747995
11379 0.699546
11380 0.790262
11381 0.780219
11382 0.767357
11383 0.937685
11384 0.749347
11385 0.693038
11386 0.828927
11387 0.577639
11388 0.689693
11389 0.776774
11390 0.735604
11391 0.675045
11392 0.80322
11393 0.749812
11394 0.684781
11395 0.925439
11396 0.702938
11397 0.915481
11398 0.849357
11399 0.6349
11400 0.844174
11401 0.741395
11402 0.82683
11403 0.673376
11404 0.808557
11405 0.616277
11406 0.877114
11407 0.679634
11408 0.593712
11409 0.885642
11410 0.728175
11411 0.782169
11412 0.652225
11413 0.706037
11414 0.899562
11415 0.824337
11416 0.796284
11417 0.6545
11418 0.768579
11419 0.747094
11420 0.847789
11421 0.850151
11422 0.876711
11423 0.789926
11424 0.807912
11425 0.907195
11426 0.812512
11427 0.67695
11428 0.795905
11429 0.763046
11430 0.832039
11431 0.762856
11432 0.882599
11433 0.712985
11434 0.79647
11435 0.748608
11436 0.837138
11437 0.862735
11438 0.666245
11439 0.837564
11440 0.526148
11441 0.790022
11442 0.709038
11443 0.764103
11444 0.942353
11445 0.791051
11446 0.87284
11447 0.819938
11448 0.655424
11449 0.782936
11450 0.775667
11451 0.897058
11452 0.788377
11453 0.84283
11454 0.724166
11455 0.831329
11456 0.764079
11457 0.687712
11458 0.78829
11459 0.923863
11460 0.835756
11461 0.686902
11462 0.812696
11463 0.869761
11464 0.817761
11465 0.941176
11466 0.793278
11467 0.73982
11468 0.815149
11469 0.884674
11470 0.703218
11471 0.631683
11472 0.774869
11473 0.75219
11474 0.784939
11475 0.694992
11476 0.762686
11477 0.761001
11478 0.769626
11479 0.755913
11480 0.724815
11481 0.709055
11482 0.653941
11483 0.857348
11484 0.941425
11485 0.732648
11486 0.847915
11487 0.766491
11488 0.669829
11489 0.68984
11490 0.628606
11491 0.915309
11492 0.754166
11493 0.664943
11494 0.723473
11495 0.67398
11496 0.69728
11497 0.862368
11498 0.915997
11499 0.915739
11500 0.725004
11501 0.690594
11502 0.910946
11503 0.761245
11504 0.786521
11505 0.828316
11506 0.858752
11507 0.701764
11508 0.724702
11509 0.714709
11510 0.788215
11511 0.751039
11512 0.742862
11513 0.779136
11514 0.75089
11515 0.951081
11516 0.753393
11517 0.807373
11518 0.514746
11519 0.595061
11520 0.837975
11521 0.793738
11522 0.630123
11523 0.715663
11524 0.704984
11525 0.606694
11526 0.703299
11527 0.711789
11528 0.760251
11529 0.564394
11530 0.83419
11531 0.556119
11532 0.749649
11533 0.880814
11534 0.783707
11535 0.625396
11536 0.71695
11537 0.782139
11538 0.843967
11539 0.866269
11540 0.850671
11541 0.74127
11542 0.751871
11543 0.71677
11544 0.983682
11545 0.750111
11546 0.74954
11547 0.826196
11548 0.763358
11549 0.85405
11550 0.87952
11551 0.826843
11552 0.812657
11553 0.844736
11554 0.793597
11555 0.668035
11556 0.724129
11557 0.77334
11558 0.689744
11559 0.707322
11560 0.79882
11561 0.711794
11562 0.930797
11563 0.905375
11564 0.740666
11565 0.87373
11566 0.799288
11567 0.663979
11568 0.708417
11569 0.778197
11570 0.771487
11571 0.726773
11572 0.894696
11573 0.808505
11574 0.763363
11575 0.658611
11576 0.545916
11577 0.802434
11578 0.519915
11579 0.939876
11580 0.827467
11581 0.823512
11582 0.749148
11583 0.722545
11584 0.726136
11585 0.862231
11586 0.883371
11587 0.88727
11588 0.761711
11589 0.601114
11590 0.673345
11591 0.89796
11592 0.769619
11593 0.604104
11594 0.586547
11595 0.739698
11596 0.799191
11597 0.777177
11598 0.858494
11599 0.896864
11600 0.826214
11601 0.869607
11602 0.955542
11603 0.823746
11604 0.885857
11605 0.856357
11606 0.877298
11607 0.736363
11608 0.818356
11609 0.872828
11610 0.568504
11611 0.73663
11612 0.884097
11613 0.69353
11614 0.803185
11615 0.651587
11616 0.72073
11617 0.507576
11618 0.763869
11619 0.743851
11620 0.756385
11621 0.825393
11622 0.894562
11623 0.86575
11624 0.740717
11625 0.788256
11626 0.722596
11627 0.7958
11628 0.796497
11629 0.845228
11630 0.797728
11631 0.854397
11632 0.843913
11633 0.908848
11634 0.748096
11635 0.861598
11636 0.673282
11637 0.707651
11638 0.698127
11639 0.785046
11640 0.705028
11641 0.768474
11642 0.794817
11643 0.850778
11644 0.693275
11645 0.81632
11646 0.624916
11647 0.600781
11648 0.968668
11649 0.923203
11650 0.784718
11651 0.853792
11652 0.724428
11653 0.832543
11654 0.844664
11655 0.75869
11656 0.800812
11657 0.851279
11658 0.797145
11659 0.899067
11660 0.694845
11661 0.812018
11662 0.790187
11663 0.783284
11664 0.860077
11665 0.857391
11666 0.939704
11667 0.817714
11668 0.926532
11669 0.922933
11670 0.916551
11671 0.809382
11672 0.875009
11673 0.716209
11674 0.695454
11675 0.829808
11676 0.854284
11677 0.976935
11678 0.831183
11679 0.863493
11680 0.807648
11681 0.662307
11682 0.757371
11683 0.775493
11684 0.850583
11685 0.917109
11686 0.848471
11687 0.834442
11688 0.840803
11689 0.720505
11690 0.74172
11691 0.706993
11692 0.762265
11693 0.761822
11694 0.651327
11695 0.900942
11696 0.78792
11697 0.894586
11698 0.892062
11699 0.762882
11700 0.8705
11701 0.814868
11702 0.94421
11703 0.83045
11704 0.864607
11705 0.914675
11706 0.85737
11707 0.749
11708 0.684952
11709 0.646111
11710 0.826282
11711 0.552018
11712 0.606877
11713 0.91316
11714 0.8104
11715 0.925696
11716 0.744989
11717 0.945037
11718 0.91776
11719 0.794747
11720 0.828084
11721 0.909838
11722 0.798496
11723 0.822602
11724 0.824951
11725 0.54746
11726 0.657075
11727 0.615483
11728 0.888205
11729 0.670841
11730 0.66015
11731 0.851551
11732 0.84709
11733 0.880425
11734 0.782544
11735 0.837718
11736 0.800178
11737 0.785381
11738 0.848159
11739 0.865594
11740 0.79013
11741 0.705643
11742 0.816081
11743 0.652321
11744 0.818994
11745 0.725465
11746 0.523996
11747 0.773704
11748 0.796167
11749 0.71444
11750 0.758647
11751 0.846309
11752 0.807959
11753 0.778139
11754 0.783953
11755 0.826215
11756 0.857814
11757 0.815055
11758 0.686746
11759 0.840892
11760 0.803501
11761 0.812927
11762 0.848861
11763 0.828882
11764 0.931034
11765 0.86436
11766 0.825033
11767 0.577893
11768 0.726694
11769 0.540971
11770 0.805626
11771 0.719751
11772 0.890816
11773 0.792074
11774 0.751735
11775 0.606412
11776 0.77395
11777 0.838208
11778 0.717843
11779 0.712019
11780 0.871611
11781 0.781505
11782 0.702747
11783 0.953642
11784 0.647279
11785 0.719873
11786 0.881695
11787 0.856038
11788 0.731329
11789 0.762609
11790 0.751028
11791 0.759433
11792 0.724219
11793 0.868998
11794 0.832542
11795 0.781589
11796 0.727049
11797 0.799672
11798 0.791003
11799 0.738977
11800 0.792999
11801 0.707646
11802 0.800944
11803 0.780548
11804 0.720295
11805 0.802452
11806 0.663736
11807 0.763381
11808 0.633459
11809 0.862375
11810 0.671103
11811 0.804762
11812 0.910282
11813 0.64496
11814 0.747398
11815 0.593121
11816 0.710591
11817 0.600274
11818 0.733273
11819 0.678481
11820 0.847512
11821 0.732016
11822 0.747003
11823 0.702168
11824 0.871927
11825 0.671358
11826 0.784139
11827 0.694666
11828 0.762757
11829 0.744709
11830 0.864158
11831 0.706364
11832 0.831208
11833 0.71178
11834 0.725378
11835 0.783362
11836 0.761813
11837 0.800309
11838 0.849222
11839 0.915174
11840 0.796507
11841 0.892011
11842 0.786246
11843 0.705639
11844 0.711107
11845 0.692909
11846 0.688504
11847 0.793108
11848 0.749136
11849 0.782973
11850 0.846215
11851 0.83343
11852 0.821855
11853 0.844851
11854 0.711514
11855 0.827065
11856 0.758281
11857 0.733244
11858 0.721888
11859 0.703938
11860 0.738001
11861 0.859357
11862 0.718941
11863 0.874813
11864 0.86452
11865 0.702113
11866 0.829943
11867 0.81959
11868 0.717485
11869 0.775006
11870 0.828014
11871 0.645235
11872 0.824062
11873 0.805272
11874 0.716099
11875 0.664153
11876 0.752179
11877 0.728807
11878 0.604941
11879 0.458468
11880 0.727945
11881 0.95093
11882 0.842602
11883 0.789094
11884 0.6765
11885 0.81962
11886 0.87976
11887 0.844114
11888 0.899152
11889 0.750084
11890 0.415995
11891 0.688517
11892 0.726121
11893 0.809128
11894 0.823937
11895 0.744692
11896 0.771712
11897 0.604071
11898 0.713468
11899 0.765406
11900 0.767837
11901 0.687046
11902 0.813016
11903 0.826479
11904 0.67753
11905 0.657168
11906 0.66389
11907 0.909295
11908 0.725433
11909 0.787495
11910 0.831434
11911 0.803384
11912 0.920977
11913 0.849607
11914 0.765268
11915 0.758427
11916 0.77888
11917 0.75898
11918 0.764428
11919 0.77067
11920 0.78906
11921 0.878284
11922 0.799845
11923 0.825585
11924 0.989357
11925 0.908708
11926 0.677965
11927 0.821576
11928 0.847034
11929 0.718483
11930 0.77229
11931 0.873046
11932 0.779785
11933 0.82086
11934 0.782608
11935 0.904938
11936 0.680123
11937 0.807253
11938 0.851877
11939 0.894504
11940 0.575652
11941 0.764564
11942 0.874776
11943 0.899237
11944 0.770885
11945 0.847972
11946 0.69938
11947 0.714361
11948 0.835342
11949 0.763329
11950 0.794179
11951 0.835699
11952 0.87467
11953 0.986482
11954 0.954473
11955 0.896261
11956 0.975436
11957 0.80472
11958 0.951255
11959 0.951301
11960 0.856829
11961 0.805665
11962 0.693634
11963 0.885598
11964 0.880868
11965 0.845808
11966 0.68286
11967 0.815816
11968 0.810696
11969 0.619988
11970 0.707425
11971 0.658027
11972 0.73171
11973 0.846813
11974 0.977141
11975 0.798186
11976 0.760071
11977 0.755211
11978 0.735523
11979 0.758485
11980 0.742747
11981 0.670237
11982 0.814093
11983 0.812784
11984 0.731999
11985 0.701351
11986 0.844793
11987 0.782289
11988 0.74683
11989 0.755819
11990 0.971346
11991 0.784372
11992 0.941592
11993 0.769587
11994 0.725362
11995 0.693792
11996 0.728229
11997 0.683359
11998 0.78386
11999 0.760609
12000 0.717401
12001 0.821953
12002 0.8678
12003 0.557955
12004 0.557923
12005 0.752671
12006 0.821409
12007 0.635006
12008 0.760131
12009 0.668955
12010 0.703582
12011 0.740741
12012 0.720653
12013 0.754861
12014 0.690414
12015 0.644649
12016 0.757872
12017 0.708835
12018 0.909194
12019 0.666715
12020 0.73159
12021 0.664742
12022 0.815401
12023 0.800601
12024 0.780536
12025 0.972327
12026 0.907126
12027 0.830612
12028 0.86843
12029 0.701949
12030 0.962792
12031 0.765002
12032 0.87721
12033 0.75003
12034 0.713655
12035 0.696175
12036 0.696247
12037 0.716511
12038 0.79757
12039 0.715855
12040 0.674095
12041 0.668352
12042 0.829273
12043 0.616597
12044 0.645002
12045 0.622014
12046 0.725133
12047 0.73345
12048 0.695565
12049 0.579279
12050 0.847863
12051 0.681055
12052 0.696696
12053 0.697089
12054 0.71024
12055 0.850546
12056 0.718563
12057 0.695493
12058 0.646384
12059 0.731237
12060 0.862668
12061 0.816013
12062 0.781814
12063 0.715696
12064 0.902881
12065 0.862246
12066 0.852907
12067 0.681351
12068 0.696897
12069 0.874942
12070 0.887915
12071 0.888443
12072 0.752225
12073 0.606904
12074 0.89661
12075 0.711974
12076 0.755074
12077 0.759623
12078 0.745795
12079 0.840634
12080 0.821265
12081 0.821968
12082 0.832603
12083 0.899798
12084 0.782254
12085 0.779691
12086 0.826824
12087 0.862513
12088 0.932148
12089 0.882031
12090 0.881781
12091 0.789612
12092 0.872289
12093 0.64751
12094 0.976348
12095 0.794225
12096 0.761135
12097 0.817783
12098 0.881138
12099 0.642424
12100 0.898717
12101 0.778805
12102 0.68913
12103 0.719091
12104 0.963472
12105 0.727098
12106 0.678001
12107 0.850693
12108 0.734694
12109 0.710829
12110 0.767487
12111 0.640505
12112 0.873153
12113 0.779471
12114 0.65161
12115 0.656121
12116 0.852003
12117 0.633572
12118 0.758144
12119 0.735335
12120 0.753046
12121 0.892268
12122 0.742211
12123 0.795827
12124 0.802304
12125 0.931629
12126 0.794825
12127 0.810544
12128 0.88317
12129 0.771455
12130 0.782381
12131 0.858763
12132 0.788394
12133 0.686813
12134 0.666944
12135 0.914185
12136 0.743966
12137 0.871654
12138 0.794701
12139 0.888845
12140 0.770693
12141 0.840568
12142 0.951123
12143 0.586931
12144 0.75166
12145 0.76877
12146 0.770017
12147 0.889032
12148 0.742352
12149 0.763694
12150 0.725629
12151 0.683691
12152 0.808062
12153 0.700448
12154 0.740134
12155 0.518823
12156 0.769754
12157 0.828799
12158 0.635072
12159 0.73427
12160 0.797466
12161 0.838978
12162 0.880356
12163 0.828524
12164 0.891925
12165 0.904545
12166 0.913381
12167 0.827038
12168 0.817582
12169 0.720631
12170 0.861841
12171 0.687312
12172 0.852994
12173 0.766819
12174 0.953041
12175 0.842245
12176 0.897676
12177 0.844044
12178 0.77393
12179 0.728277
12180 0.717945
12181 0.772114
12182 0.753576
12183 0.830044
12184 0.713271
12185 0.692798
12186 0.675079
12187 0.815433
12188 0.640967
12189 0.815037
12190 0.812386
12191 0.554348
12192 0.521861
12193 0.915111
12194 0.837061
12195 0.732759
12196 0.720802
12197 0.748516
12198 0.825158
12199 0.58872
12200 0.784646
12201 0.906237
12202 0.737294
12203 0.796753
12204 0.808662
12205 0.866264
12206 0.883834
12207 0.836648
12208 0.752522
12209 0.673799
12210 0.824583
12211 0.77236
12212 0.888173
12213 0.82179
12214 0.876754
12215 0.853256
12216 0.892485
12217 0.884736
12218 0.82943
12219 0.681393
12220 0.779588
12221 0.850088
12222 0.875664
12223 0.866749
12224 0.961895
12225 0.938475
12226 0.978913
12227 0.908287
12228 0.850727
12229 0.644806
12230 0.79176
12231 0.693592
12232 0.619106
12233 0.929188
12234 0.937655
12235 0.730469
12236 0.755415
12237 0.930115
12238 0.818958
12239 0.894147
12240 0.810531
12241 0.871387
12242 0.775062
12243 0.963974
12244 0.966777
12245 0.968564
12246 0.762576
12247 0.819517
12248 0.861183
12249 0.762032
12250 0.886854
12251 0.897619
12252 0.893817
12253 0.83811
12254 0.880131
12255 0.783411
12256 0.970443
12257 0.937986
12258 0.940495
12259 0.69143
12260 0.884739
12261 0.782679
12262 0.780811
12263 0.408649
12264 0.858168
12265 0.809716
12266 0.656713
12267 0.694686
12268 0.885598
12269 0.85007
12270 0.670217
12271 0.934906
12272 0.727191
12273 0.809885
12274 0.826248
12275 0.871718
12276 0.968256
12277 0.81782
12278 0.894644
12279 0.804162
12280 0.878334
12281 0.86806
12282 0.763539
12283 0.866602
12284 0.975296
12285 0.951971
12286 0.861192
12287 0.79941
12288 0.948304
12289 0.916392
12290 0.699738
12291 0.633686
12292 0.636407
12293 0.842221
12294 0.787199
12295 0.856004
12296 0.769739
12297 0.733687
12298 0.70294
12299 0.957195
12300 0.85043
12301 0.762955
12302 0.753428
12303 0.964751
12304 0.750563
12305 0.918969
12306 0.89982
12307 0.716349
12308 0.907815
12309 0.660644
12310 0.898033
12311 0.722953
12312 0.63232
12313 0.644661
12314 0.812016
12315 0.881013
12316 0.833229
12317 0.819575
12318 0.727625
12319 0.781601
12320 0.80572
12321 0.865642
12322 0.884039
12323 0.621712
12324 0.805762
12325 0.674157
12326 0.888502
12327 0.934326
12328 0.576471
12329 0.678935
12330 0.783361
12331 0.751414
12332 0.813373
12333 0.878219
12334 0.749357
12335 0.953245
12336 0.483101
12337 0.730006
12338 0.863399
12339 0.672362
12340 0.635419
12341 0.896478
12342 0.730833
12343 0.768321
12344 0.735842
12345 0.758053
12346 0.861778
12347 0.704734
12348 0.799357
12349 0.851432
12350 0.929945
12351 0.636924
12352 0.927536
12353 0.894613
12354 0.885906
12355 0.906868
12356 0.788635
12357 0.77122
12358 0.837059
12359 0.873812
12360 0.736424
12361 0.799968
12362 0.701045
12363 0.706141
12364 0.6666
12365 0.907946
12366 0.821067
12367 0.765501
12368 0.788782
12369 0.734991
12370 0.814471
12371 0.845108
12372 0.859938
12373 0.663822
12374 0.617569
12375 0.639863
12376 0.807491
12377 0.689357
12378 0.876486
12379 0.771275
12380 0.823506
12381 0.819843
12382 0.782424
12383 0.829436
12384 0.694322
12385 0.866253
12386 0.746342
12387 0.807563
12388 0.813529
12389 0.903444
12390 0.734533
12391 0.60663
12392 0.795448
12393 0.728144
12394 0.825479
12395 0.823933
12396 0.819712
12397 0.81682
12398 0.699776
12399 0.832396
12400 0.731331
12401 0.798325
12402 0.779265
12403 0.82474
12404 0.815916
12405 0.837324
12406 0.817708
12407 0.79932
12408 0.920566
12409 0.926447
12410 0.647279
12411 0.642323
12412 0.669228
12413 0.885877
12414 0.775173
12415 0.733774
12416 0.774993
12417 0.691945
12418 0.64651
12419 0.83776
12420 0.765292
12421 0.56476
12422 0.638373
12423 0.725143
12424 0.681505
12425 0.833593
12426 0.769044
12427 0.758519
12428 0.840395
12429 0.617543
12430 0.845547
12431 0.844697
12432 0.618172
12433 0.828251
12434 0.839672
12435 0.805062
12436 0.829204
12437 0.731582
12438 0.841644
12439 0.895769
12440 0.831235
12441 0.85568
12442 0.903251
12443 0.788545
12444 0.81701
12445 0.605281
12446 0.823878
12447 0.885766
12448 0.842143
12449 0.793014
12450 0.817099
12451 0.842498
12452 0.879535
12453 0.732709
12454 0.82668
12455 0.963114
12456 0.863083
12457 0.777705
12458 0.919063
12459 0.94898
12460 0.779112
12461 0.741899
12462 0.952365
12463 0.82545
12464 0.82741
12465 0.906565
12466 0.815594
12467 0.955216
12468 0.88501
12469 0.763702
12470 0.937555
12471 0.71618
12472 0.833078
12473 0.909382
12474 0.755743
12475 0.842462
12476 0.862858
12477 0.935475
12478 0.869192
12479 0.970316
12480 0.796902
12481 0.606711
12482 0.611361
12483 0.853597
12484 0.838356
12485 0.776324
12486 0.865711
12487 0.761661
12488 0.901956
12489 0.957515
12490 0.732177
12491 0.826132
12492 0.813704
12493 0.7946
12494 0.808587
12495 0.847397
12496 0.648778
12497 0.731703
12498 0.794861
12499 0.830658
12500 0.802837
12501 0.681068
12502 0.800627
12503 0.844052
12504 0.840295
12505 0.720498
12506 0.571876
12507 0.616096
12508 0.645854
12509 0.65102
12510 0.89626
12511 0.713182
12512 0.889234
12513 0.812333
12514 0.778399
12515 0.695558
12516 0.881409
12517 0.907132
12518 0.873887
12519 0.882391
12520 0.792172
12521 0.89708
12522 0.659816
12523 0.888226
12524 0.976281
12525 0.749073
12526 0.830708
12527 0.730085
12528 0.618219
12529 0.858185
12530 0.824359
12531 0.904067
12532 0.749404
12533 0.743825
12534 0.772984
12535 0.830368
12536 0.803845
12537 0.815534
12538 0.864418
12539 0.851347
12540 0.824004
12541 0.701482
12542 0.795359
12543 0.574479
12544 0.814867
12545 0.665212
12546 0.808773
12547 0.789498
12548 0.812853
12549 0.931673
12550 0.764721
12551 0.926275
12552 0.744302
12553 0.748968
12554 0.759877
12555 0.660033
12556 0.931115
12557 0.81787
12558 0.677017
12559 0.797899
12560 0.820874
12561 0.901843
12562 0.887578
12563 0.894196
12564 0.822549
12565 0.856457
12566 0.865612
12567 0.896529
12568 0.865912
12569 0.844111
12570 0.73573
12571 0.698946
12572 0.556967
12573 0.754719
12574 0.723214
12575 0.89159
12576 0.937782
12577 0.712369
12578 0.726627
12579 0.841521
12580 0.847254
12581 0.951829
12582 0.795829
12583 0.821536
12584 0.921887
12585 0.759947
12586 0.889875
12587 0.78596
12588 0.775575
12589 0.660023
12590 0.847717
12591 0.660386
12592 0.89912
12593 0.679947
12594 0.649326
12595 0.72933
12596 0.724118
12597 0.819098
12598 0.488948
12599 0.702534
12600 0.796034
12601 0.81793
12602 0.793368
12603 0.825887
12604 0.549059
12605 0.820625
12606 0.799455
12607 0.874472
12608 0.83172
12609 0.766924
12610 0.617934
12611 0.762537
12612 0.783548
12613 0.506421
12614 0.844804
12615 0.834899
12616 0.831477
12617 0.856082
12618 0.774907
12619 0.79858
12620 0.813803
12621 0.752375
12622 0.93544
12623 0.685267
12624 0.82643
12625 0.604716
12626 0.63159
12627 0.630734
12628 0.969188
12629 0.723759
12630 0.673276
12631 0.647031
12632 0.794859
12633 0.726933
12634 0.886923
12635 0.804551
12636 0.94677
12637 0.618049
12638 0.756461
12639 0.799032
12640 0.847036
12641 0.683467
12642 0.96704
12643 0.979438
12644 0.858938
12645 0.947663
12646 0.9718
12647 0.799885
12648 0.846908
12649 0.892673
12650 0.785055
12651 0.951186
12652 0.822078
12653 0.945638
12654 0.87677
12655 0.87188
12656 0.779062
12657 0.795045
12658 0.927537
12659 0.690777
12660 0.809661
12661 0.729281
12662 0.806007
12663 0.861873
12664 0.923943
12665 0.779345
12666 0.821221
12667 0.762766
12668 0.79257
12669 0.921937
12670 0.820536
12671 0.74692
12672 0.784304
12673 0.724469
12674 0.876175
12675 0.808975
12676 0.905754
12677 0.665418
12678 0.892634
12679 0.848896
12680 0.8934
12681 0.774215
12682 0.738616
12683 0.769367
12684 0.915872
12685 0.606524
12686 0.869854
12687 0.923896
12688 0.660919
12689 0.959024
12690 0.919117
12691 0.728678
12692 0.766246
12693 0.825214
12694 0.831107
12695 0.880618
12696 0.799778
12697 0.918909
12698 0.961117
12699 0.714678
12700 0.762146
12701 0.846074
12702 0.820093
12703 0.634498
12704 0.799984
12705 0.660675
12706 0.744143
12707 0.883804
12708 0.788538
12709 0.820311
12710 0.951418
12711 0.816967
12712 0.875242
12713 0.864894
12714 0.820944
12715 0.922547
12716 0.935422
12717 0.85823
12718 0.858256
12719 0.835899
12720 0.878188
12721 0.89426
12722 0.838441
12723 0.944417
12724 0.852261
12725 0.824957
12726 0.803493
12727 0.946614
12728 0.963637
12729 0.980011
12730 0.872785
12731 0.754031
12732 0.905183
12733 0.918604
12734 0.895204
12735 0.83152
12736 0.812659
12737 0.825952
12738 0.747503
12739 0.758599
12740 0.750616
12741 0.561155
12742 0.629631
12743 0.595898
12744 0.593365
12745 0.939008
12746 0.840909
12747 0.826084
12748 0.619851
12749 0.917209
12750 0.873139
12751 0.939843
12752 0.920303
12753 0.570819
12754 0.962703
12755 0.833232
12756 0.753795
12757 0.868644
12758 0.907269
12759 0.650803
12760 0.761377
12761 0.702042
12762 0.720006
12763 0.9386
12764 0.970714
12765 0.916948
12766 0.773963
12767 0.895363
12768 0.820103
12769 0.860656
12770 0.857496
12771 0.836141
12772 0.820109
12773 0.858826
12774 0.694678
12775 0.836807
12776 0.815305
12777 0.822426
12778 0.871032
12779 0.723011
12780 0.870399
12781 0.93861
12782 0.728256
12783 0.786842
12784 0.868384
12785 0.826772
12786 0.925977
12787 0.833944
12788 0.877687
12789 0.867496
12790 0.809285
12791 0.865826
12792 0.849809
12793 0.902259
12794 0.898501
12795 0.78116
12796 0.948295
12797 0.652758
12798 0.779528
12799 0.935521
12800 0.863631
12801 0.87397
12802 0.774558
12803 0.834125
12804 0.795904
12805 0.841191
12806 0.808178
12807 0.669467
12808 0.825187
12809 0.744176
12810 0.769195
12811 0.746862
12812 0.896547
12813 0.818993
12814 0.722364
12815 0.925001
12816 0.957383
12817 0.876755
12818 0.873684
12819 0.662493
12820 0.656196
12821 0.59396
12822 0.811758
12823 0.893129
12824 0.888394
12825 0.911913
12826 0.816525
12827 0.837087
12828 0.810296
12829 0.994953
12830 0.929207
12831 0.90818
12832 0.810912
12833 0.66701
12834 0.89108
12835 0.914274
12836 0.843613
12837 0.862709
12838 0.848156
12839 0.754724
12840 0.894748
12841 0.881958
12842 0.845346
12843 0.868807
12844 0.684369
12845 0.893882
12846 0.919916
12847 0.506215
12848 0.980436
12849 0.87082
12850 0.80808
12851 0.879076
12852 0.885335
12853 0.71614
12854 0.908757
12855 0.771955
12856 0.626202
12857 0.920162
12858 0.936293
12859 0.87627
12860 0.808537
12861 0.876361
12862 0.437976
12863 0.882738
12864 0.932995
12865 0.598507
12866 0.89677
12867 0.819918
12868 0.9496
12869 0.84267
12870 0.843563
12871 0.63289
12872 0.766461
12873 0.618884
12874 0.823382
12875 0.712094
12876 0.870427
12877 0.78544
12878 0.55033
12879 0.763683
12880 0.615492
12881 0.779676
12882 0.949814
12883 0.814175
12884 0.964577
12885 0.448778
12886 0.921453
12887 0.952086
12888 0.897751
12889 0.739956
12890 0.672091
12891 0.843402
12892 0.798461
12893 0.854834
12894 0.825049
12895 0.936966
12896 0.589852
12897 0.926603
12898 0.755149
12899 0.828172
12900 0.799568
12901 0.536401
12902 0.857431
12903 0.721619
12904 0.911109
12905 0.855246
12906 0.945314
12907 0.885517
12908 0.690786
12909 0.886409
12910 0.459001
12911 0.748252
12912 0.850602
12913 0.845231
12914 0.944772
12915 0.825858
12916 0.825919
12917 0.780815
12918 0.76632
12919 0.817542
12920 0.674675
12921 0.751669
12922 0.763528
12923 0.925644
12924 0.882787
12925 0.679179
12926 0.849861
12927 0.743758
12928 0.686483
12929 0.713157
12930 0.864529
12931 0.881415
12932 0.926744
12933 0.61713
12934 0.901325
12935 0.706863
12936 0.736753
12937 0.712709
12938 0.930196
12939 0.722593
12940 0.904108
12941 0.616143
12942 0.758548
12943 0.716101
12944 0.859362
12945 0.872192
12946 0.641147
12947 0.717916
12948 0.775637
12949 0.755516
12950 0.671611
12951 0.794892
12952 0.44591
12953 0.937782
12954 0.762783
12955 0.819801
12956 0.764004
12957 0.858938
12958 0.72609
12959 0.594003
12960 0.55607
12961 0.614909
12962 0.56659
12963 0.790852
12964 0.921224
12965 0.901729
12966 0.847085
12967 0.924571
12968 0.680319
12969 0.833283
12970 0.859833
12971 0.632686
12972 0.616249
12973 0.923216
12974 0.728732
12975 0.642661
12976 0.732207
12977 0.825647
12978 0.766147
12979 0.770697
12980 0.747551
12981 0.744398
12982 0.586503
12983 0.820329
12984 0.749519
12985 0.967117
12986 0.915899
12987 0.741443
12988 0.772179
12989 0.864342
12990 0.721802
12991 0.916235
12992 0.87965
12993 0.795148
12994 0.729064
12995 0.744998
12996 0.78553
12997 0.868247
12998 0.88865
12999 0.572369
13000 0.605946
13001 0.625289
13002 0.62916
13003 0.894418
13004 0.780176
13005 0.852274
13006 0.716869
13007 0.966582
13008 0.956579
13009 0.909225
13010 0.715935
13011 0.894008
13012 0.683732
13013 0.854773
13014 0.713168
13015 0.798139
13016 0.779121
13017 0.884021
13018 0.879606
13019 0.854419
13020 0.693335
13021 0.942066
13022 0.896018
13023 0.754986
13024 0.747738
13025 0.664375
13026 0.761103
13027 0.741812
13028 0.88889
13029 0.841686
13030 0.802581
13031 0.803752
13032 0.700177
13033 0.713478
13034 0.838262
13035 0.715842
13036 0.7836
13037 0.773598
13038 0.863039
13039 0.822577
13040 0.600356
13041 0.614587
13042 0.795279
13043 0.679977
13044 0.886735
13045 0.637112
13046 0.698833
13047 0.888208
13048 0.674939
13049 0.574715
13050 0.641818
13051 0.630762
13052 0.726099
13053 0.722867
13054 0.861093
13055 0.778771
13056 0.916489
13057 0.726957
13058 0.759103
13059 0.883004
13060 0.943901
13061 0.957576
13062 0.880334
13063 0.832033
13064 0.929626
13065 0.900177
13066 0.813776
13067 0.782353
13068 0.873801
13069 0.753941
13070 0.86934
13071 0.817075
13072 0.909913
13073 0.746856
13074 0.990343
13075 0.752341
13076 0.744993
13077 0.758937
13078 0.758936
13079 0.810225
13080 0.80474
13081 0.653544
13082 0.780091
13083 0.856958
13084 0.804131
13085 0.766502
13086 0.777185
13087 0.836239
13088 0.918142
13089 0.649624
13090 0.932213
13091 0.726675
13092 0.686679
13093 0.709773
13094 0.712472
13095 0.765903
13096 0.979213
13097 0.744668
13098 0.762602
13099 0.639387
13100 0.81817
13101 0.842028
13102 0.936362
13103 0.849938
13104 0.742739
13105 0.7911
13106 0.813874
13107 0.676783
13108 0.737142
13109 0.729587
13110 0.745503
13111 0.803219
13112 0.814557
13113 0.72485
13114 0.6582
13115 0.67298
13116 0.789235
13117 0.870525
13118 0.919201
13119 0.739838
13120 0.89514
13121 0.844232
13122 0.729607
13123 0.730436
13124 0.698544
13125 0.765521
13126 0.800452
13127 0.803224
13128 0.820897
13129 0.887365
13130 0.907186
13131 0.789892
13132 0.881114
13133 0.664115
13134 0.744115
13135 0.677949
13136 0.740368
13137 0.78331
13138 0.584689
13139 0.597804
13140 0.692108
13141 0.887606
13142 0.479433
13143 0.863927
13144 0.767778
13145 0.903804
13146 0.823215
13147 0.701318
13148 0.955678
13149 0.709256
13150 0.786639
13151 0.753608
13152 0.564843
13153 0.812459
13154 0.919724
13155 0.780421
13156 0.736926
13157 0.625247
13158 0.694264
13159 0.806877
13160 0.879125
13161 0.847092
13162 0.836798
13163 0.800647
13164 0.888587
13165 0.890199
13166 0.799331
13167 0.85046
13168 0.873318
13169 0.885114
13170 0.853338
13171 0.860268
13172 0.894246
13173 0.700347
13174 0.824505
13175 0.963102
13176 0.695372
13177 0.86105
13178 0.860048
13179 0.779361
13180 0.881914
13181 0.863889
13182 0.836588
13183 0.791809
13184 0.851293
13185 0.649339
13186 0.857942
13187 0.884388
13188 0.733701
13189 0.825344
13190 0.914876
13191 0.735152
13192 0.760659
13193 0.699343
13194 0.681574
13195 0.767615
13196 0.92808
13197 0.866781
13198 0.945294
13199 0.93253
13200 0.807267
13201 0.960084
13202 0.84615
13203 0.685885
13204 0.935371
13205 0.943265
13206 0.720103
13207 0.688447
13208 0.732534
13209 0.846687
13210 0.823366
13211 0.77606
13212 0.795484
13213 0.750941
13214 0.7682
13215 0.690901
13216 0.863542
13217 0.813668
13218 0.761808
13219 0.728689
13220 0.788606
13221 0.710403
13222 0.767419
13223 0.664019
13224 0.802775
13225 0.624256
13226 0.762299
13227 0.687873
13228 0.652206
13229 0.637236
13230 0.644817
13231 0.57549
13232 0.819999
13233 0.752887
13234 0.8041
13235 0.757001
13236 0.843664
13237 0.83643
13238 0.836776
13239 0.814486
13240 0.739641
13241 0.767508
13242 0.713594
13243 0.725568
13244 0.801645
13245 0.691373
13246 0.815207
13247 0.749801
13248 0.678008
13249 0.795756
13250 0.714442
13251 0.691183
13252 0.684858
13253 0.789498
13254 0.907552
13255 0.785091
13256 0.85955
13257 0.766123
13258 0.851343
13259 0.826624
13260 0.758749
13261 0.742743
13262 0.757601
13263 0.737035
13264 0.738069
13265 0.759779
13266 0.78863
13267 0.721476
13268 0.750204
13269 0.686305
13270 0.747523
13271 0.641582
13272 0.776704
13273 0.65545
13274 0.787581
13275 0.651922
13276 0.616474
13277 0.727816
13278 0.747114
13279 0.744619
13280 0.69836
13281 0.669344
13282 0.854712
13283 0.689063
13284 0.780147
13285 0.817171
13286 0.776496
13287 0.882344
13288 0.741972
13289 0.667608
13290 0.859957
13291 0.787591
13292 0.831932
13293 0.726189
13294 0.807436
13295 0.870108
13296 0.739663
13297 0.647947
13298 0.639438
13299 0.654949
13300 0.809738
13301 0.692186
13302 0.597556
13303 0.770264
13304 0.760217
13305 0.571876
13306 0.750466
13307 0.742233
13308 0.79922
13309 0.759766
13310 0.723842
13311 0.744336
13312 0.704861
13313 0.639043
13314 0.744856
13315 0.816855
13316 0.840601
13317 0.747037
13318 0.691716
13319 0.715383
13320 0.684182
13321 0.759097
13322 0.755195
13323 0.773193
13324 0.825284
13325 0.663599
13326 0.851833
13327 0.908036
13328 0.855296
13329 0.801481
13330 0.830276
13331 0.873021
13332 0.883148
13333 0.759361
13334 0.818496
13335 0.931856
13336 0.753433
13337 0.73202
13338 0.819452
13339 0.854662
13340 0.847647
13341 0.653334
13342 0.779222
13343 0.728993
13344 0.709176
13345 0.898191
13346 0.781383
13347 0.703671
13348 0.741768
13349 0.747235
13350 0.813421
13351 0.90066
13352 0.657747
13353 0.935605
13354 0.605964
13355 0.73028
13356 0.732287
13357 0.73834
13358 0.92084
13359 0.71514
13360 0.774381
13361 0.788831
13362 0.908073
13363 0.792535
13364 0.758768
13365 0.751627
13366 0.761087
13367 0.811973
13368 0.688019
13369 0.868588
13370 0.918715
13371 0.981125
13372 0.884689
13373 0.95685
13374 0.799646
13375 0.758151
13376 0.676753
13377 0.881645
13378 0.775707
13379 0.770133
13380 0.67008
13381 0.766617
13382 0.73974
13383 0.742933
13384 0.742052
13385 0.823949
13386 0.935685
13387 0.746037
13388 0.714341
13389 0.860474
13390 0.786578
13391 0.845591
13392 0.897494
13393 0.788307
13394 0.826523
13395 0.880124
13396 0.916843
13397 0.825604
13398 0.823954
13399 0.607939
13400 0.836378
13401 0.804383
13402 0.974283
13403 0.80024
13404 0.900186
13405 0.882879
13406 0.698617
13407 0.902408
13408 0.821631
13409 0.753999
13410 0.703972
13411 0.810157
13412 0.731303
13413 0.539017
13414 0.700771
13415 0.816014
13416 0.733053
13417 0.705694
13418 0.986963
13419 0.883693
13420 0.700515
13421 0.811342
13422 0.849391
13423 0.867081
13424 0.719561
13425 0.76636
13426 0.572677
13427 0.92227
13428 0.841759
13429 0.841871
13430 0.732394
13431 0.766718
13432 0.736924
13433 0.762591
13434 0.815121
13435 0.770528
13436 0.821589
13437 0.755341
13438 0.661741
13439 0.764245
13440 0.86101
13441 0.698199
13442 0.901005
13443 0.632725
13444 0.661812
13445 0.688803
13446 0.660559
13447 0.776971
13448 0.740961
13449 0.825
13450 0.828491
13451 0.865092
13452 0.863834
13453 0.856858
13454 0.687915
13455 0.781798
13456 0.77171
13457 0.681482
13458 0.866856
13459 0.821085
13460 0.745983
13461 0.661564
13462 0.728157
13463 0.708645
13464 0.666817
13465 0.718902
13466 0.6513
13467 0.673977
13468 0.741561
13469 0.744677
13470 0.738275
13471 0.817071
13472 0.552147
13473 0.648521
13474 0.772248
13475 0.588311
13476 0.817339
13477 0.796055
13478 0.726803
13479 0.727827
13480 0.715698
13481 0.799342
13482 0.787832
13483 0.892679
13484 0.812023
13485 0.795198
13486 0.748908
13487 0.726964
13488 0.837788
13489 0.630673
13490 0.655058
13491 0.653455
13492 0.661775
13493 0.786525
13494 0.688764
13495 0.719653
13496 0.811002
13497 0.683649
13498 0.855722
13499 0.750784
13500 0.869138
13501 0.881097
13502 0.893967
13503 0.78079
13504 0.793095
13505 0.760693
13506 0.756555
13507 0.823562
13508 0.83852
13509 0.671926
13510 0.758734
13511 0.789236
13512 0.784964
13513 0.78935
13514 0.72957
13515 0.708643
13516 0.867429
13517 0.744512
13518 0.787839
13519 0.819457
13520 0.977163
13521 0.706386
13522 0.876669
13523 0.848062
13524 0.949396
13525 0.942248
13526 0.655462
13527 0.713722
13528 0.709252
13529 0.707768
13530 0.808594
13531 0.815831
13532 0.782617
13533 0.844621
13534 0.877464
13535 0.745416
13536 0.827923
13537 0.863505
13538 0.911606
13539 0.955143
13540 0.886231
13541 0.787809
13542 0.78513
13543 0.852917
13544 0.832867
13545 0.767026
13546 0.722121
13547 0.726646
13548 0.701149
13549 0.733324
13550 0.594561
13551 0.765032
13552 0.608009
13553 0.823537
13554 0.886477
13555 0.618401
13556 0.763965
13557 0.681084
13558 0.696883
13559 0.831576
13560 0.670804
13561 0.711865
13562 0.938906
13563 0.755793
13564 0.652209
13565 0.599909
13566 0.681087
13567 0.714776
13568 0.74616
13569 0.707451
13570 0.958952
13571 0.839794
13572 0.765064
13573 0.947826
13574 0.83871
13575 0.682265
13576 0.752708
13577 0.79989
13578 0.968023
13579 0.656428
13580 0.866599
13581 0.76969
13582 0.805529
13583 0.759888
13584 0.911254
13585 0.891944
13586 0.856071
13587 0.868527
13588 0.916511
13589 0.592716
13590 0.552498
13591 0.793602
13592 0.78917
13593 0.829323
13594 0.783031
13595 0.945281
13596 0.891156
13597 0.962619
13598 0.675503
13599 0.681621
13600 0.864294
13601 0.696946
13602 0.736668
13603 0.607068
13604 0.782378
13605 0.676771
13606 0.624718
13607 0.885476
13608 0.832406
13609 0.950623
13610 0.934386
13611 0.87708
13612 0.794029
13613 0.973261
13614 0.652586
13615 0.853889
13616 0.706205
13617 0.742068
13618 0.693146
13619 0.720229
13620 0.778988
13621 0.660067
13622 0.744958
13623 0.659284
13624 0.802613
13625 0.74096
13626 0.704589
13627 0.65087
13628 0.90599
13629 0.743945
13630 0.860449
13631 0.659019
13632 0.849836
13633 0.739113
13634 0.760675
13635 0.610609
13636 0.776614
13637 0.767985
13638 0.548762
13639 0.570442
13640 0.692658
13641 0.601238
13642 0.61449
13643 0.741227
13644 0.660852
13645 0.638488
13646 0.776397
13647 0.696675
13648 0.725481
13649 0.692445
13650 0.756586
13651 0.790826
13652 0.828502
13653 0.735019
13654 0.654796
13655 0.837115
13656 0.645087
13657 0.897947
13658 0.745364
13659 0.95451
13660 0.857877
13661 0.748343
13662 0.928387
13663 0.762607
13664 0.762012
13665 0.741806
13666 0.653301
13667 0.74958
13668 0.706785
13669 0.796334
13670 0.750975
13671 0.752083
13672 0.733124
13673 0.717509
13674 0.785552
13675 0.781307
13676 0.839014
13677 0.679189
13678 0.641662
13679 0.657148
13680 0.759249
13681 0.678967
13682 0.753878
13683 0.804654
13684 0.634547
13685 0.712993
13686 0.599815
13687 0.626815
13688 0.658071
13689 0.730004
13690 0.879763
13691 0.798403
13692 0.857101
13693 0.815321
13694 0.898456
13695 0.889306
13696 0.90782
13697 0.934521
13698 0.83239
13699 0.915133
13700 0.932908
13701 0.917858
13702 0.734132
13703 0.759455
13704 0.809196
13705 0.738672
13706 0.783361
13707 0.840507
13708 0.87551
13709 0.767811
13710 0.858632
13711 0.661467
13712 0.762055
13713 0.808022
13714 0.783218
13715 0.947284
13716 0.601296
13717 0.793927
13718 0.840509
13719 0.621497
13720 0.679384
13721 0.771649
13722 0.618006
13723 0.731656
13724 0.7009
13725 0.75235
13726 0.782793
13727 0.882289
13728 0.720835
13729 0.722678
13730 0.772074
13731 0.702805
13732 0.772956
13733 0.846839
13734 0.58474
13735 0.563724
13736 0.864623
13737 0.869345
13738 0.729679
13739 0.87276
13740 0.782914
13741 0.622584
13742 0.898622
13743 0.581274
13744 0.76145
13745 0.600153
13746 0.542457
13747 0.568512
13748 0.76425
13749 0.735665
13750 0.693283
13751 0.778024
13752 0.856676
13753 0.899381
13754 0.78148
13755 0.651316
13756 0.778996
13757 0.821955
13758 0.727638
13759 0.693475
13760 0.744605
13761 0.761933
13762 0.761063
13763 0.815342
13764 0.776628
13765 0.75929
13766 0.713165
13767 0.742081
13768 0.785118
13769 0.961013
13770 0.941409
13771 0.887335
13772 0.699336
13773 0.881047
13774 0.653293
13775 0.624568
13776 0.782741
13777 0.696446
13778 0.925491
13779 0.641538
13780 0.786299
13781 0.837514
13782 0.67824
13783 0.635599
13784 0.661069
13785 0.810747
13786 0.819427
13787 0.920681
13788 0.65843
13789 0.837147
13790 0.882534
13791 0.863637
13792 0.963464
13793 0.931917
13794 0.679792
13795 0.826949
13796 0.865862
13797 0.848755
13798 0.607907
13799 0.759757
13800 0.805242
13801 0.86944
13802 0.837955
13803 0.706361
13804 0.835014
13805 0.887035
13806 0.794204
13807 0.791771
13808 0.781278
13809 0.794148
13810 0.7807
13811 0.8196
13812 0.865156
13813 0.826039
13814 0.698716
13815 0.698927
13816 0.895642
13817 0.850656
13818 0.607319
13819 0.721467
13820 0.621169
13821 0.681826
13822 0.796711
13823 0.84682
13824 0.748045
13825 0.825252
13826 0.967569
13827 0.658199
13828 0.740311
13829 0.740216
13830 0.734119
13831 0.746781
13832 0.952343
13833 0.696813
13834 0.806655
13835 0.75865
13836 0.919415
13837 0.794469
13838 0.971397
13839 0.76361
13840 0.841009
13841 0.790809
13842 0.710498
13843 0.89595
13844 0.68787
13845 0.760642
13846 0.776812
13847 0.847921
13848 0.845097
13849 0.863462
13850 0.907238
13851 0.795641
13852 0.536011
13853 0.705837
13854 0.634474
13855 0.773568
13856 0.828208
13857 0.813693
13858 0.639603
13859 0.813678
13860 0.719041
13861 0.869033
13862 0.84984
13863 0.821632
13864 0.863135
13865 0.764061
13866 0.721832
13867 0.751373
13868 0.750569
13869 0.871623
13870 0.650427
13871 0.90129
13872 0.66309
13873 0.724652
13874 0.897937
13875 0.641094
13876 0.795397
13877 0.851375
13878 0.814729
13879 0.736911
13880 0.700497
13881 0.899765
13882 0.873362
13883 0.84861
13884 0.693144
13885 0.962228
13886 0.876985
13887 0.878719
13888 0.829314
13889 0.942731
13890 0.879553
13891 0.91922
13892 0.741682
13893 0.647305
13894 0.723794
13895 0.692053
13896 0.734421
13897 0.627327
13898 0.695631
13899 0.852185
13900 0.807448
13901 0.644019
13902 0.693555
13903 0.668541
13904 0.804358
13905 0.747493
13906 0.739425
13907 0.626433
13908 0.881027
13909 0.760781
13910 0.730942
13911 0.701901
13912 0.719062
13913 0.679817
13914 0.601734
13915 0.706071
13916 0.77906
13917 0.778712
13918 0.726562
13919 0.725802
13920 0.87533
13921 0.945203
13922 0.749115
13923 0.762867
13924 0.815156
13925 0.831325
13926 0.706984
13927 0.764824
13928 0.962638
13929 0.707762
13930 0.71365
13931 0.561593
13932 0.724699
13933 0.62461
13934 0.694301
13935 0.785673
13936 0.842236
13937 0.926731
13938 0.77743
13939 0.620596
13940 0.833766
13941 0.784307
13942 0.643252
13943 0.87328
13944 0.911169
13945 0.745948
13946 0.668816
13947 0.765204
13948 0.728075
13949 0.803607
13950 0.692917
13951 0.831885
13952 0.798416
13953 0.557166
13954 0.709159
13955 0.867545
13956 0.817636
13957 0.7811
13958 0.774609
13959 0.731225
13960 0.755823
13961 0.672709
13962 0.789541
13963 0.746458
13964 0.911297
13965 0.895575
13966 0.826091
13967 0.694074
13968 0.722583
13969 0.704692
13970 0.858959
13971 0.98009
13972 0.710522
13973 0.84846
13974 0.791457
13975 0.844641
13976 0.805731
13977 0.812562
13978 0.892855
13979 0.723658
13980 0.876183
13981 0.865382
13982 0.875482
13983 0.843586
13984 0.932015
13985 0.898033
13986 0.896375
13987 0.834753
13988 0.770134
13989 0.77825
13990 0.833612
13991 0.681027
13992 0.912611
13993 0.868802
13994 0.759165
13995 0.88022
13996 0.842464
13997 0.871148
13998 0.789815
13999 0.815993
14000 0.844626
14001 0.729304
14002 0.643603
14003 0.620289
14004 0.637507
14005 0.738284
14006 0.684223
14007 0.820698
14008 0.721341
14009 0.653386
14010 0.68816
14011 0.70168
14012 0.915433
14013 0.949392
14014 0.795326
14015 0.813554
14016 0.706131
14017 0.95435
14018 0.790426
14019 0.889611
14020 0.970985
14021 0.883746
14022 0.968745
14023 0.878255
14024 0.94489
14025 0.71724
14026 0.984193
14027 0.918673
14028 0.804436
14029 0.895492
14030 0.835757
14031 0.908044
14032 0.736936
14033 0.843594
14034 0.921628
14035 0.940785
14036 0.77349
14037 0.772073
14038 0.790944
14039 0.634244
14040 0.747477
14041 0.76392
14042 0.605558
14043 0.812847
14044 0.720573
14045 0.59416
14046 0.803627
14047 0.761792
14048 0.721681
14049 0.802363
14050 0.786412
14051 0.772701
14052 0.852056
14053 0.864456
14054 0.828814
14055 0.926848
14056 0.882522
14057 0.879061
14058 0.892774
14059 0.898205
14060 0.763629
14061 0.785916
14062 0.869762
14063 0.908921
14064 0.91005
14065 0.785256
14066 0.796063
14067 0.739225
14068 0.790354
14069 0.725817
14070 0.73818
14071 0.741602
14072 0.820616
14073 0.793935
14074 0.709243
14075 0.867435
14076 0.757427
14077 0.689148
14078 0.948024
14079 0.754143
14080 0.795334
14081 0.779806
14082 0.709024
14083 0.906828
14084 0.728627
14085 0.805295
14086 0.9468
14087 0.918984
14088 0.880416
14089 0.9384
14090 0.696707
14091 0.702694
14092 0.74589
14093 0.833158
14094 0.631647
14095 0.929786
14096 0.760086
14097 0.800547
14098 0.776215
14099 0.794641
14100 0.910861
14101 0.787456
14102 0.744388
14103 0.752753
14104 0.940977
14105 0.648099
14106 0.865038
14107 0.836915
14108 0.710003
14109 0.654622
14110 0.795902
14111 0.796958
14112 0.730213
14113 0.789411
14114 0.766784
14115 0.781277
14116 0.722028
14117 0.720392
14118 0.933238
14119 0.823253
14120 0.766239
14121 0.951853
14122 0.852881
14123 0.800072
14124 0.938995
14125 0.936357
14126 0.755944
14127 0.930022
14128 0.705402
14129 0.958484
14130 0.797005
14131 0.87587
14132 0.830337
14133 0.852793
14134 0.748292
14135 0.706133
14136 0.735221
14137 0.763308
14138 0.780494
14139 0.922048
14140 0.721395
14141 0.71406
14142 0.742873
14143 0.755887
14144 0.718654
14145 0.827828
14146 0.762158
14147 0.912694
14148 0.694467
14149 0.846198
14150 0.717353
14151 0.828339
14152 0.813429
14153 0.825299
14154 0.753289
14155 0.700567
14156 0.753974
14157 0.768176
14158 0.795645
14159 0.840663
14160 0.871179
14161 0.86085
14162 0.778727
14163 0.957951
14164 0.810574
14165 0.887717
14166 0.897379
14167 0.802044
14168 0.806343
14169 0.732175
14170 0.691345
14171 0.825978
14172 0.763047
14173 0.828414
14174 0.833043
14175 0.729674
14176 0.626418
14177 0.849021
14178 0.687151
14179 0.776522
14180 0.759553
14181 0.752545
14182 0.696704
14183 0.737476
14184 0.804164
14185 0.636957
14186 0.799775
14187 0.860842
14188 0.639183
14189 0.865242
14190 0.755833
14191 0.736471
14192 0.573099
14193 0.688158
14194 0.621848
14195 0.810289
14196 0.671623
14197 0.774729
14198 0.653341
14199 0.667895
14200 0.629133
14201 0.694094
14202 0.806002
14203 0.895374
14204 0.816357
14205 0.92024
14206 0.735401
14207 0.867703
14208 0.804533
14209 0.61477
14210 0.562485
14211 0.736151
14212 0.669122
14213 0.769513
14214 0.776629
14215 0.804329
14216 0.836347
14217 0.6505
14218 0.710137
14219 0.603125
14220 0.846955
14221 0.742732
14222 0.7792
14223 0.72539
14224 0.661994
14225 0.887687
14226 0.957358
14227 0.935039
14228 0.839085
14229 0.617754
14230 0.820472
14231 0.78475
14232 0.835573
14233 0.698973
14234 0.787826
14235 0.567486
14236 0.699882
14237 0.828314
14238 0.733709
14239 0.893659
14240 0.65704
14241 0.841094
14242 0.710068
14243 0.757296
14244 0.7045
14245 0.683882
14246 0.724071
14247 0.758232
14248 0.764378
14249 0.865338
14250 0.770806
14251 0.787589
14252 0.674774
14253 0.830941
14254 0.799797
14255 0.82258
14256 0.760517
14257 0.864324
14258 0.97721
14259 0.793684
14260 0.798664
14261 0.796255
14262 0.808122
14263 0.774627
14264 0.953184
14265 0.677991
14266 0.744807
14267 0.766605
14268 0.865709
14269 0.730707
14270 0.791977
14271 0.697053
14272 0.717614
14273 0.834013
14274 0.900199
14275 0.730072
14276 0.673415
14277 0.778777
14278 0.938203
14279 0.786424
14280 0.851836
14281 0.786951
14282 0.814409
14283 0.710862
14284 0.661998
14285 0.736444
14286 0.843105
14287 0.869701
14288 0.805396
14289 0.7693
14290 0.873025
14291 0.730208
14292 0.815441
14293 0.806947
14294 0.725934
14295 0.843598
14296 0.888957
14297 0.866596
14298 0.818778
14299 0.895627
14300 0.645347
14301 0.842903
14302 0.808551
14303 0.468383
14304 0.714554
14305 0.6548
14306 0.690351
14307 0.686237
14308 0.884555
14309 0.73061
14310 0.704008
14311 0.697267
14312 0.754813
14313 0.652945
14314 0.646095
14315 0.712867
14316 0.902516
14317 0.643798
14318 0.728589
14319 0.931643
14320 0.938189
14321 0.841358
14322 0.958545
14323 0.847868
14324 0.71112
14325 0.735881
14326 0.755909
14327 0.697025
14328 0.892111
14329 0.707884
14330 0.725267
14331 0.917706
14332 0.88857
14333 0.969114
14334 0.734546
14335 0.831403
14336 0.884347
14337 0.783793
14338 0.759165
14339 0.604646
14340 0.696133
14341 0.720799
14342 0.77205
14343 0.702688
14344 0.692002
14345 0.835001
14346 0.787997
14347 0.806805
14348 0.817167
14349 0.678825
14350 0.705596
14351 0.904134
14352 0.700408
14353 0.708371
14354 0.70719
14355 0.700548
14356 0.740752
14357 0.614396
14358 0.854678
14359 0.687345
14360 0.816532
14361 0.843097
14362 0.844619
14363 0.919051
14364 0.811366
14365 0.795309
14366 0.79719
14367 0.77957
14368 0.883406
14369 0.656855
14370 0.777248
14371 0.918828
14372 0.829505
14373 0.731554
14374 0.836479
14375 0.85568
14376 0.618832
14377 0.855858
14378 0.715385
14379 0.809815
14380 0.815586
14381 0.773413
14382 0.800033
14383 0.967132
14384 0.792069
14385 0.731365
14386 0.576963
14387 0.630249
14388 0.654198
14389 0.874972
14390 0.741617
14391 0.809278
14392 0.851715
14393 0.840079
14394 0.776982
14395 0.737717
14396 0.821293
14397 0.95806
14398 0.896633
14399 0.661534
14400 0.876214
14401 0.721357
14402 0.803947
14403 0.791259
14404 0.938378
14405 0.722814
14406 0.740002
14407 0.92296
14408 0.619909
14409 0.779771
14410 0.638025
14411 0.883537
14412 0.750762
14413 0.66114
14414 0.726807
14415 0.639966
14416 0.6785
14417 0.814002
14418 0.776755
14419 0.884139
14420 0.880925
14421 0.846402
14422 0.842208
14423 0.87783
14424 0.884613
14425 0.879016
14426 0.723749
14427 0.682942
14428 0.769499
14429 0.890116
14430 0.679476
14431 0.78828
14432 0.909607
14433 0.736575
14434 0.637382
14435 0.742833
14436 0.817984
14437 0.703557
14438 0.758303
14439 0.751382
14440 0.683474
14441 0.698473
14442 0.800826
14443 0.687725
14444 0.91492
14445 0.718345
14446 0.782851
14447 0.839227
14448 0.892173
14449 0.884348
14450 0.77904
14451 0.834393
14452 0.825249
14453 0.741898
14454 0.865927
14455 0.730586
14456 0.862102
14457 0.90059
14458 0.885803
14459 0.898568
14460 0.812652
14461 0.783831
14462 0.886509
14463 0.766274
14464 0.92393
14465 0.936144
14466 0.84526
14467 0.857163
14468 0.820014
14469 0.776838
14470 0.671636
14471 0.601805
14472 0.772267
14473 0.821062
14474 0.677984
14475 0.782642
14476 0.816188
14477 0.608922
14478 0.785687
14479 0.725038
14480 0.691221
14481 0.504047
14482 0.851227
14483 0.692414
14484 0.55539
14485 0.799081
14486 0.796934
14487 0.637548
14488 0.774996
14489 0.789414
14490 0.687789
14491 0.676736
14492 0.734436
14493 0.639883
14494 0.666793
14495 0.745889
14496 0.933531
14497 0.751448
14498 0.88421
14499 0.807215
14500 0.740784
14501 0.670186
14502 0.754344
14503 0.76395
14504 0.677306
14505 0.68734
14506 0.703478
14507 0.650497
14508 0.704243
14509 0.685568
14510 0.723483
14511 0.850669
14512 0.591254
14513 0.756984
14514 0.759029
14515 0.819265
14516 0.84182
14517 0.803793
14518 0.810239
14519 0.828334
14520 0.598432
14521 0.605957
14522 0.888695
14523 0.800706
14524 0.775955
14525 0.757814
14526 0.724102
14527 0.657209
14528 0.697378
14529 0.722385
14530 0.850477
14531 0.745308
14532 0.810332
14533 0.843483
14534 0.68107
14535 0.695473
14536 0.819762
14537 0.865139
14538 0.759397
14539 0.81398
14540 0.649729
14541 0.706026
14542 0.850797
14543 0.840706
14544 0.809417
14545 0.912354
14546 0.814781
14547 0.700085
14548 0.879525
14549 0.835321
14550 0.766572
14551 0.813186
14552 0.874855
14553 0.90698
14554 0.854263
14555 0.779672
14556 0.753982
14557 0.742548
14558 0.770816
14559 0.703466
14560 0.675207
14561 0.707487
14562 0.718976
14563 0.719891
14564 0.799934
14565 0.71625
14566 0.817142
14567 0.835774
14568 0.761918
14569 0.669185
14570 0.667711
14571 0.811038
14572 0.819776
14573 0.772982
14574 0.587445
14575 0.831647
14576 0.858467
14577 0.91756
14578 0.887393
14579 0.717203
14580 0.840627
14581 0.846945
14582 0.811113
14583 0.756005
14584 0.70678
14585 0.777685
14586 0.680224
14587 0.866411
14588 0.803079
14589 0.683543
14590 0.814562
14591 0.892234
14592 0.75826
14593 0.70107
14594 0.679848
14595 0.762649
14596 0.776175
14597 0.806113
14598 0.679922
14599 0.763864
14600 0.780306
14601 0.687412
14602 0.663479
14603 0.661337
14604 0.869417
14605 0.733574
14606 0.636482
14607 0.834312
14608 0.842215
14609 0.800153
14610 0.804788
14611 0.616054
14612 0.787461
14613 0.77093
14614 0.76625
14615 0.665411
14616 0.663763
14617 0.80223
14618 0.786386
14619 0.684889
14620 0.834385
14621 0.8318
14622 0.841055
14623 0.820892
14624 0.778527
14625 0.81888
14626 0.794986
14627 0.689231
14628 0.718521
14629 0.696824
14630 0.840498
14631 0.881702
14632 0.70285
14633 0.748342
14634 0.629967
14635 0.76254
14636 0.770054
14637 0.778892
14638 0.694015
14639 0.716952
14640 0.667045
14641 0.769062
14642 0.721258
14643 0.625142
14644 0.646601
14645 0.68066
14646 0.746507
14647 0.752763
14648 0.75831
14649 0.689423
14650 0.806168
14651 0.741261
14652 0.723029
14653 0.661142
14654 0.774889
14655 0.713795
14656 0.720455
14657 0.604247
14658 0.836181
14659 0.624264
14660 0.834193
14661 0.821397
14662 0.714537
14663 0.814785
14664 0.826017
14665 0.715107
14666 0.880739
14667 0.835112
14668 0.796586
14669 0.884325
14670 0.738422
14671 0.603472
14672 0.633977
14673 0.838125
14674 0.826402
14675 0.826309
14676 0.523173
14677 0.676806
14678 0.815812
14679 0.900713
14680 0.752021
14681 0.866172
14682 0.53778
14683 0.792639
14684 0.854963
14685 0.783194
14686 0.657236
14687 0.820152
14688 0.700721
14689 0.807638
14690 0.880215
14691 0.743827
14692 0.726026
14693 0.667093
14694 0.807313
14695 0.784167
14696 0.895774
14697 0.66952
14698 0.724498
14699 0.757339
14700 0.502125
14701 0.755121
14702 0.886782
14703 0.491741
14704 0.704309
14705 0.644685
14706 0.70187
14707 0.848786
14708 0.676023
14709 0.797109
14710 0.686912
14711 0.854567
14712 0.945046
14713 0.847803
14714 0.928837
14715 0.787875
14716 0.827177
14717 0.92559
14718 0.731634
14719 0.810409
14720 0.718545
14721 0.750175
14722 0.828595
14723 0.742262
14724 0.652003
14725 0.81368
14726 0.912095
14727 0.835847
14728 0.750878
14729 0.689718
14730 0.769857
14731 0.957636
14732 0.575404
14733 0.855982
14734 0.737551
14735 0.814293
14736 0.934232
14737 0.847776
14738 0.804601
14739 0.863505
14740 0.733056
14741 0.417849
14742 0.768456
14743 0.583565
14744 0.950504
14745 0.742445
14746 0.569907
14747 0.823524
14748 0.825808
14749 0.864655
14750 0.63061
14751 0.89209
14752 0.754893
14753 0.970761
14754 0.847451
14755 0.884561
14756 0.871327
14757 0.608614
14758 0.895944
14759 0.781714
14760 0.791014
14761 0.832477
14762 0.691473
14763 0.703397
14764 0.788845
14765 0.590514
14766 0.798655
14767 0.706241
14768 0.652003
14769 0.689853
14770 0.487354
14771 0.792385
14772 0.618483
14773 0.659816
14774 0.824439
14775 0.838366
14776 0.593673
14777 0.847037
14778 0.785038
14779 0.878249
14780 0.77775
14781 0.974581
14782 0.783456
14783 0.792077
14784 0.841045
14785 0.761947
14786 0.834789
14787 0.81627
14788 0.853619
14789 0.800943
14790 0.721178
14791 0.760661
14792 0.73336
14793 0.857061
14794 0.907488
14795 0.80619
14796 0.706446
14797 0.66824
14798 0.790561
14799 0.923752
14800 0.503375
14801 0.981223
14802 0.925002
14803 0.669233
14804 0.761493
14805 0.752308
14806 0.949127
14807 0.820315
14808 0.734469
14809 0.806877
14810 0.979744
14811 0.983344
14812 0.905306
14813 0.766277
14814 0.776896
14815 0.767007
14816 0.890532
14817 0.804385
14818 0.822632
14819 0.86629
14820 0.717059
14821 0.652113
14822 0.72741
14823 0.78469
14824 0.730946
14825 0.740341
14826 0.816159
14827 0.896187
14828 0.809732
14829 0.859249
14830 0.888726
14831 0.808616
14832 0.735249
14833 0.839806
14834 0.55266
14835 0.834219
14836 0.693504
14837 0.84172
14838 0.621815
14839 0.718185
14840 0.868081
14841 0.67615
14842 0.788039
14843 0.659071
14844 0.567868
14845 0.712231
14846 0.766733
14847 0.854548
14848 0.610265
14849 0.573808
14850 0.685792
14851 0.917383
14852 0.735412
14853 0.570316
14854 0.65925
14855 0.861456
14856 0.814977
14857 0.825681
14858 0.660325
14859 0.851035
14860 0.67091
14861 0.766478
14862 0.853852
14863 0.958818
14864 0.67599
14865 0.628405
14866 0.594507
14867 0.67151
14868 0.774734
14869 0.803602
14870 0.666554
14871 0.643909
14872 0.694822
14873 0.756591
14874 0.718357
14875 0.740219
14876 0.712347
14877 0.891998
14878 0.824866
14879 0.751843
14880 0.687443
14881 0.673784
14882 0.760495
14883 0.76476
14884 0.756133
14885 0.731425
14886 0.952604
14887 0.867545
14888 0.703234
14889 0.589606
14890 0.854453
14891 0.674512
14892 0.597229
14893 0.806531
14894 0.730705
14895 0.894637
14896 0.754846
14897 0.74059
14898 0.852066
14899 0.795028
14900 0.718942
14901 0.585752
14902 0.945319
14903 0.78743
14904 0.848288
14905 0.849765
14906 0.768111
14907 0.872368
14908 0.782201
14909 0.875569
14910 0.790708
14911 0.784997
14912 0.769769
14913 0.761391
14914 0.776471
14915 0.781043
14916 0.773706
14917 0.82083
14918 0.884371
14919 0.790156
14920 0.794357
14921 0.629156
14922 0.603924
14923 0.849679
14924 0.567673
14925 0.738059
14926 0.60803
14927 0.660816
14928 0.726129
14929 0.653634
14930 0.826022
14931 0.82944
14932 0.659679
14933 0.807093
14934 0.78696
14935 0.786285
14936 0.699435
14937 0.752159
14938 0.792111
14939 0.696842
14940 0.779216
14941 0.781162
14942 0.741679
14943 0.893909
14944 0.746518
14945 0.9503
14946 0.877814
14947 0.730146
14948 0.795489
14949 0.861226
14950 0.822108
14951 0.643901
14952 0.629115
14953 0.595257
14954 0.852324
14955 0.8466
14956 0.578768
14957 0.822423
14958 0.65219
14959 0.762309
14960 0.805061
14961 0.884897
14962 0.810149
14963 0.642501
14964 0.891684
14965 0.677896
14966 0.835513
14967 0.86038
14968 0.761532
14969 0.751596
14970 0.725545
14971 0.805873
14972 0.722251
14973 0.783907
14974 0.763434
14975 0.630836
14976 0.762724
14977 0.756951
14978 0.801733
14979 0.696304
14980 0.699471
14981 0.897801
14982 0.72897
14983 0.726606
14984 0.746369
14985 0.717624
14986 0.795055
14987 0.792862
14988 0.872456
14989 0.836702
14990 0.887395
14991 0.872923
14992 0.944684
14993 0.870938
14994 0.884272
14995 0.774146
14996 0.856734
14997 0.709895
14998 0.778398
14999 0.895051
15000 0.923099
15001 0.869172
15002 0.806531
15003 0.899917
15004 0.909266
15005 0.797511
15006 0.791115
15007 0.926935
15008 0.879125
15009 0.911363
15010 0.918307
15011 0.891982
15012 0.819311
15013 0.857469
15014 0.931356
15015 0.86253
15016 0.796925
15017 0.937184
15018 0.93541
15019 0.715906
15020 0.941586
15021 0.623718
15022 0.704226
15023 0.824683
15024 0.926558
15025 0.79153
15026 0.946782
15027 0.713948
15028 0.820038
15029 0.859639
15030 0.822027
15031 0.775154
15032 0.70258
15033 0.810991
15034 0.959658
15035 0.7491
15036 0.835389
15037 0.850297
15038 0.922433
15039 0.847872
15040 0.714379
15041 0.672331
15042 0.494905
15043 0.866355
15044 0.874772
15045 0.907385
15046 0.842223
15047 0.812298
15048 0.846625
15049 0.658243
15050 0.655907
15051 0.589543
15052 0.952322
15053 0.837759
15054 0.837058
15055 0.698518
15056 0.709532
15057 0.959705
15058 0.745139
15059 0.828496
15060 0.920742
15061 0.803345
15062 0.76544
15063 0.681616
15064 0.763898
15065 0.558966
15066 0.721867
15067 0.683706
15068 0.859091
15069 0.783747
15070 0.817952
15071 0.827689
15072 0.618836
15073 0.894229
15074 0.830352
15075 0.746994
15076 0.790665
15077 0.797693
15078 0.911787
15079 0.618081
15080 0.859347
15081 0.678172
15082 0.734584
15083 0.849687
15084 0.893708
15085 0.768891
15086 0.827515
15087 0.877114
15088 0.68004
15089 0.751723
15090 0.593136
15091 0.699479
15092 0.6776
15093 0.935455
15094 0.789592
15095 0.959164
15096 0.692886
15097 0.951066
15098 0.744783
15099 0.802764
15100 0.831538
15101 0.741358
15102 0.7198
15103 0.69747
15104 0.678136
15105 0.794467
15106 0.795855
15107 0.685505
15108 0.666589
15109 0.867445
15110 0.846592
15111 0.79668
15112 0.634756
15113 0.840271
15114 0.738336
15115 0.662847
15116 0.788397
15117 0.848839
15118 0.697555
15119 0.767022
15120 0.685176
15121 0.75166
15122 0.776386
15123 0.753423
15124 0.851584
15125 0.827002
15126 0.714429
15127 0.742974
15128 0.872405
15129 0.786763
15130 0.705877
15131 0.866705
15132 0.510219
15133 0.720167
15134 0.605786
15135 0.860521
15136 0.694565
15137 0.772554
15138 0.979066
15139 0.688467
15140 0.888853
15141 0.622259
15142 0.722431
15143 0.685785
15144 0.657168
15145 0.938522
15146 0.62092
15147 0.586194
15148 0.794163
15149 0.736379
15150 0.753017
15151 0.691179
15152 0.674348
15153 0.728928
15154 0.7282
15155 0.775869
15156 0.709801
15157 0.916616
15158 0.857132
15159 0.892949
15160 0.923937
15161 0.835588
15162 0.961693
15163 0.770606
15164 0.924733
15165 0.77525
15166 0.574106
15167 0.76867
15168 0.656001
15169 0.762524
15170 0.71011
15171 0.742843
15172 0.925461
15173 0.809873
15174 0.929397
15175 0.841021
15176 0.800808
15177 0.75472
15178 0.921167
15179 0.750688
15180 0.772152
15181 0.783208
15182 0.823176
15183 0.786483
15184 0.928105
15185 0.818112
15186 0.78165
15187 0.639196
15188 0.854048
15189 0.810995
15190 0.724927
15191 0.467424
15192 0.895419
15193 0.69507
15194 0.650312
15195 0.835102
15196 0.626456
15197 0.620024
15198 0.677534
15199 0.743142
15200 0.712756
15201 0.825662
15202 0.723819
15203 0.709651
15204 0.821166
15205 0.815943
15206 0.857535
15207 0.739949
15208 0.797343
15209 0.771158
15210 0.790719
15211 0.698463
15212 0.846097
15213 0.718259
15214 0.905808
15215 0.870496
15216 0.942994
15217 0.790774
15218 0.75922
15219 0.660042
15220 0.856485
15221 0.721681
15222 0.671109
15223 0.626465
15224 0.639361
15225 0.71518
15226 0.799213
15227 0.606312
15228 0.666919
15229 0.692843
15230 0.523227
15231 0.696505
15232 0.602622
15233 0.876215
15234 0.724846
15235 0.572498
15236 0.696988
15237 0.909749
15238 0.67389
15239 0.775809
15240 0.452999
15241 0.787675
15242 0.62011
15243 0.823394
15244 0.801414
15245 0.951243
15246 0.600846
15247 0.555252
15248 0.846489
15249 0.761476
15250 0.84476
15251 0.939832
15252 0.903617
15253 0.692209
15254 0.745486
15255 0.781883
15256 0.738206
15257 0.929575
15258 0.722798
15259 0.801636
15260 0.848805
15261 0.665398
15262 0.689374
15263 0.848388
15264 0.683321
15265 0.726863
15266 0.630146
15267 0.805016
15268 0.833741
15269 0.732168
15270 0.632036
15271 0.649155
15272 0.752659
15273 0.903764
15274 0.928373
15275 0.863947
15276 0.704996
15277 0.875901
15278 0.644538
15279 0.694481
15280 0.73296
15281 0.973282
15282 0.841274
15283 0.729928
15284 0.904328
15285 0.86888
15286 0.853932
15287 0.754292
15288 0.815275
15289 0.962727
15290 0.810606
15291 0.812609
15292 0.951291
15293 0.717801
15294 0.772767
15295 0.817793
15296 0.909457
15297 0.69443
15298 0.777318
15299 0.76328
15300 0.857348
15301 0.699622
15302 0.792218
15303 0.726718
15304 0.840827
15305 0.7709
15306 0.720794
15307 0.873122
15308 0.659668
15309 0.89292
15310 0.81529
15311 0.834205
15312 0.889746
15313 0.834342
15314 0.910694
15315 0.888783
15316 0.733983
15317 0.803117
15318 0.835733
15319 0.498431
15320 0.864156
15321 0.686655
15322 0.942614
15323 0.750853
15324 0.905965
15325 0.88948
15326 0.765687
15327 0.699039
15328 0.659634
15329 0.807795
15330 0.771388
15331 0.717793
15332 0.718239
15333 0.764233
15334 0.804114
15335 0.843531
15336 0.740083
15337 0.639846
15338 0.898138
15339 0.854784
15340 0.74258
15341 0.739584
15342 0.850489
15343 0.86828
15344 0.895298
15345 0.85872
15346 0.649312
15347 0.59521
15348 0.766824
15349 0.785149
15350 0.752576
15351 0.768744
15352 0.824603
15353 0.801322
15354 0.713299
15355 0.735206
15356 0.714216
15357 0.672945
15358 0.701966
15359 0.84105
15360 0.740003
15361 0.762781
15362 0.829194
15363 0.693001
15364 0.735531
15365 0.689151
15366 0.572942
15367 0.609842
15368 0.784068
15369 0.618923
15370 0.76432
15371 0.80425
15372 0.802385
15373 0.724036
15374 0.74488
15375 0.592849
15376 0.608727
15377 0.662839
15378 0.838248
15379 0.734814
15380 0.696902
15381 0.825908
15382 0.66868
15383 0.777663
15384 0.728366
15385 0.61814
15386 0.764123
15387 0.794959
15388 0.365332
15389 0.77888
15390 0.78606
15391 0.945876
15392 0.799193
15393 0.742674
15394 0.688716
15395 0.868254
15396 0.888979
15397 0.744803
15398 0.831929
15399 0.654541
15400 0.677071
15401 0.624355
15402 0.756735
15403 0.74285
15404 0.947671
15405 0.750577
15406 0.605554
15407 0.745735
15408 0.747623
15409 0.852729
15410 0.79205
15411 0.854069
15412 0.724367
15413 0.697981
15414 0.796256
15415 0.855965
15416 0.72389
15417 0.736241
15418 0.827253
15419 0.862351
15420 0.616089
15421 0.733953
15422 0.762468
15423 0.602097
15424 0.965026
15425 0.846427
15426 0.717555
15427 0.696946
15428 0.724988
15429 0.699393
15430 0.665451
15431 0.681675
15432 0.61624
15433 0.841924
15434 0.746141
15435 0.643899
15436 0.65927
15437 0.702583
15438 0.773218
15439 0.884368
15440 0.662331
15441 0.76266
15442 0.855419
15443 0.774544
15444 0.715734
15445 0.746068
15446 0.64888
15447 0.826038
15448 0.727597
15449 0.725069
15450 0.567632
15451 0.757211
15452 0.551994
15453 0.825544
15454 0.78616
15455 0.86016
15456 0.866774
15457 0.625192
15458 0.783235
15459 0.615535
15460 0.673574
15461 0.575218
15462 0.852643
15463 0.810756
15464 0.917523
15465 0.779035
15466 0.948772
15467 0.874505
15468 0.81127
15469 0.703841
15470 0.73477
15471 0.842665
15472 0.862933
15473 0.685944
15474 0.646786
15475 0.733214
15476 0.729981
15477 0.848049
15478 0.764597
15479 0.823777
15480 0.83922
15481 0.678188
15482 0.764193
15483 0.776
15484 0.782669
15485 0.763092
15486 0.805596
15487 0.658962
15488 0.689171
15489 0.865442
15490 0.587951
15491 0.591755
15492 0.727201
15493 0.724116
15494 0.677459
15495 0.692491
15496 0.857714
15497 0.609278
15498 0.654431
15499 0.671063
15500 0.783831
15501 0.792815
15502 0.873019
15503 0.853854
15504 0.856509
15505 0.699975
15506 0.598523
15507 0.592066
15508 0.783645
15509 0.786905
15510 0.797617
15511 0.83362
15512 0.475709
15513 0.696755
15514 0.626787
15515 0.762986
15516 0.641784
15517 0.840336
15518 0.792765
15519 0.914642
15520 0.818043
15521 0.598805
15522 0.835461
15523 0.752618
15524 0.811113
15525 0.825987
15526 0.645585
15527 0.930806
15528 0.56791
15529 0.63664
15530 0.612875
15531 0.735841
15532 0.666686
15533 0.735904
15534 0.712468
15535 0.672556
15536 0.750647
15537 0.886703
15538 0.800632
15539 0.87739
15540 0.867711
15541 0.905226
15542 0.84837
15543 0.847564
15544 0.821089
15545 0.882099
15546 0.812673
15547 0.892576
15548 0.738372
15549 0.709009
15550 0.657504
15551 0.830697
15552 0.68762
15553 0.677107
15554 0.672264
15555 0.681734
15556 0.634106
15557 0.650588
15558 0.670269
15559 0.83152
15560 0.770148
15561 0.680891
15562 0.768204
15563 0.778277
15564 0.848113
15565 0.842263
15566 0.782892
15567 0.835821
15568 0.852231
15569 0.890686
15570 0.807292
15571 0.83101
15572 0.701261
15573 0.776252
15574 0.881528
15575 0.727612
15576 0.624747
15577 0.874096
15578 0.849033
15579 0.965124
15580 0.756891
15581 0.971594
15582 0.769199
15583 0.843694
15584 0.811676
15585 0.842816
15586 0.843886
15587 0.647506
15588 0.777414
15589 0.877162
15590 0.7184
15591 0.648451
15592 0.828044
15593 0.689282
15594 0.824533
15595 0.641556
15596 0.726977
15597 0.758649
15598 0.83269
15599 0.556913
15600 0.913539
15601 0.712395
15602 0.886725
15603 0.70534
15604 0.666997
15605 0.73394
15606 0.800368
15607 0.711374
15608 0.658982
15609 0.732144
15610 0.83936
15611 0.757248
15612 0.739088
15613 0.750146
15614 0.718902
15615 0.689531
15616 0.744713
15617 0.950879
15618 0.921975
15619 0.872448
15620 0.896977
15621 0.903637
15622 0.831898
15623 0.625471
15624 0.76706
15625 0.87018
15626 0.783008
15627 0.766574
15628 0.506629
15629 0.762712
15630 0.640375
15631 0.629057
15632 0.806462
15633 0.863884
15634 0.743876
15635 0.671061
15636 0.592071
15637 0.60437
15638 0.715195
15639 0.640401
15640 0.820469
15641 0.810793
15642 0.879562
15643 0.853945
15644 0.858206
15645 0.738164
15646 0.735106
15647 0.414637
15648 0.79793
15649 0.66267
15650 0.750177
15651 0.774378
15652 0.704936
15653 0.793822
15654 0.762933
15655 0.743155
15656 0.657083
15657 0.743852
15658 0.80846
15659 0.690317
15660 0.789973
15661 0.865986
15662 0.773625
15663 0.895309
15664 0.776517
15665 0.958025
15666 0.869014
15667 0.856879
15668 0.96598
15669 0.73316
15670 0.648863
15671 0.530697
15672 0.938014
15673 0.73612
15674 0.880741
15675 0.924471
15676 0.712363
15677 0.926084
15678 0.662132
15679 0.619331
15680 0.658013
15681 0.743388
15682 0.879617
15683 0.714464
15684 0.838942
15685 0.878413
15686 0.824219
15687 0.680067
15688 0.677548
15689 0.706482
15690 0.79625
15691 0.918361
15692 0.721212
15693 0.74097
15694 0.398359
15695 0.636696
15696 0.840489
15697 0.683148
15698 0.738926
15699 0.656688
15700 0.661214
15701 0.818183
15702 0.793598
15703 0.900554
15704 0.844711
15705 0.810669
15706 0.763932
15707 0.709497
15708 0.835109
15709 0.753414
15710 0.67796
15711 0.888621
15712 0.627596
15713 0.739202
15714 0.955338
15715 0.655724
15716 0.818956
15717 0.681409
15718 0.78543
15719 0.718868
15720 0.708002
15721 0.705032
15722 0.734725
15723 0.881086
15724 0.590052
15725 0.818752
15726 0.772087
15727 0.731572
15728 0.810585
15729 0.804929
15730 0.814401
15731 0.883552
15732 0.900988
15733 0.783135
15734 0.795844
15735 0.745712
15736 0.753667
15737 0.792104
15738 0.839263
15739 0.781518
15740 0.638996
15741 0.729479
15742 0.700899
15743 0.706392
15744 0.802283
15745 0.903687
15746 0.681921
15747 0.733428
15748 0.730408
15749 0.863922
15750 0.632984
15751 0.809115
15752 0.623749
15753 0.718501
15754 0.894843
15755 0.619663
15756 0.725778
15757 0.585166
15758 0.729687
15759 0.618497
15760 0.811324
15761 0.632459
15762 0.718763
15763 0.716595
15764 0.759274
15765 0.711463
15766 0.727375
15767 0.722956
15768 0.726384
15769 0.825896
15770 0.719382
15771 0.715658
15772 0.784187
15773 0.770626
15774 0.766218
15775 0.883855
15776 0.708252
15777 0.916531
15778 0.814732
15779 0.724671
15780 0.718813
15781 0.786733
15782 0.912192
15783 0.644265
15784 0.79411
15785 0.60592
15786 0.635494
15787 0.752391
15788 0.737915
15789 0.778395
15790 0.673516
15791 0.639895
15792 0.742457
15793 0.847461
15794 0.973374
15795 0.856227
15796 0.834277
15797 0.749214
15798 0.816181
15799 0.872867
15800 0.810155
15801 0.82023
15802 0.786693
15803 0.675423
15804 0.949596
15805 0.734172
15806 0.898926
15807 0.915105
15808 0.893757
15809 0.887119
15810 0.91426
15811 0.689464
15812 0.727604
15813 0.622226
15814 0.700053
15815 0.841912
15816 0.758394
15817 0.759914
15818 0.795069
15819 0.81825
15820 0.765593
15821 0.635724
15822 0.783322
15823 0.774406
15824 0.613974
15825 0.76819
15826 0.826606
15827 0.826069
15828 0.780442
15829 0.684949
15830 0.820101
15831 0.782238
15832 0.693461
15833 0.841654
15834 0.791006
15835 0.641163
15836 0.89859
15837 0.85297
15838 0.823154
15839 0.68432
15840 0.675282
15841 0.709285
15842 0.698627
15843 0.84901
15844 0.897264
15845 0.851403
15846 0.642029
15847 0.751382
15848 0.621317
15849 0.73476
15850 0.765003
15851 0.799284
15852 0.739188
15853 0.7352
15854 0.830098
15855 0.699489
15856 0.750763
15857 0.652541
15858 0.746375
15859 0.896554
15860 0.879353
15861 0.932964
15862 0.7962
15863 0.804977
15864 0.767186
15865 0.652008
15866 0.610812
15867 0.75194
15868 0.733711
15869 0.928601
15870 0.955968
15871 0.815563
15872 0.884316
15873 0.743438
15874 0.848728
15875 0.888618
15876 0.861483
15877 0.829453
15878 0.840117
15879 0.706511
15880 0.656734
15881 0.742144
15882 0.771308
15883 0.650379
15884 0.792466
15885 0.878104
15886 0.759486
15887 0.779594
15888 0.800462
15889 0.886754
15890 0.87134
15891 0.848709
15892 0.840617
15893 0.842598
15894 0.860809
15895 0.739526
15896 0.717747
15897 0.67879
15898 0.711978
15899 0.833334
15900 0.947947
15901 0.568964
15902 0.781294
15903 0.830933
15904 0.626793
15905 0.755864
15906 0.715995
15907 0.89739
15908 0.943373
15909 0.86457
15910 0.712839
15911 0.743771
15912 0.888763
15913 0.852796
15914 0.853086
15915 0.726935
15916 0.850873
15917 0.534525
15918 0.873751
15919 0.766581
15920 0.838643
15921 0.812253
15922 0.697353
15923 0.792451
15924 0.808702
15925 0.614276
15926 0.652305
15927 0.556516
15928 0.622358
15929 0.914214
15930 0.693758
15931 0.747362
15932 0.705834
15933 0.72724
15934 0.812418
15935 0.654878
15936 0.874593
15937 0.883403
15938 0.738891
15939 0.677709
15940 0.889868
15941 0.789503
15942 0.69716
15943 0.639654
15944 0.789328
15945 0.806659
15946 0.744577
15947 0.853795
15948 0.797185
15949 0.662716
15950 0.620489
15951 0.801822
15952 0.848039
15953 0.603402
15954 0.587761
15955 0.633231
15956 0.756825
15957 0.608281
15958 0.763005
15959 0.84041
15960 0.922073
15961 0.74525
15962 0.78403
15963 0.768312
15964 0.732372
15965 0.783331
15966 0.649482
15967 0.713987
15968 0.735836
15969 0.900598
15970 0.900638
15971 0.80699
15972 0.91449
15973 0.955474
15974 0.763993
15975 0.854237
15976 0.87078
15977 0.767575
15978 0.838237
15979 0.754747
15980 0.829063
15981 0.971985
15982 0.858041
15983 0.866486
15984 0.722836
15985 0.771161
15986 0.707486
15987 0.744565
15988 0.591289
15989 0.898699
15990 0.628255
15991 0.862482
15992 0.7369
15993 0.883587
15994 0.775084
15995 0.769615
15996 0.772476
15997 0.753965
15998 0.752866
15999 0.684454
16000 0.764872
16001 0.740761
16002 0.768725
16003 0.889113
16004 0.609047
16005 0.679344
16006 0.696394
16007 0.819462
16008 0.775477
16009 0.933613
16010 0.760577
16011 0.890797
16012 0.928322
16013 0.912627
16014 0.907505
16015 0.887357
16016 0.801997
16017 0.871349
16018 0.752251
16019 0.736661
16020 0.793241
16021 0.853783
16022 0.770795
16023 0.700061
16024 0.67506
16025 0.828086
16026 0.837519
16027 0.7907
16028 0.699168
16029 0.789835
16030 0.785852
16031 0.719939
16032 0.71467
16033 0.708256
16034 0.833734
16035 0.788156
16036 0.869318
16037 0.881941
16038 0.732061
16039 0.822185
16040 0.75704
16041 0.767507
16042 0.779112
16043 0.670486
16044 0.594617
16045 0.795174
16046 0.731452
16047 0.617014
16048 0.785975
16049 0.802521
16050 0.711205
16051 0.749887
16052 0.693514
16053 0.694556
16054 0.944851
16055 0.945007
16056 0.672413
16057 0.702896
16058 0.712274
16059 0.739435
16060 0.723099
16061 0.677213
16062 0.695203
16063 0.718257
16064 0.773942
16065 0.817499
16066 0.818408
16067 0.778852
16068 0.761636
16069 0.745446
16070 0.958613
16071 0.843604
16072 0.879361
16073 0.80333
16074 0.921585
16075 0.853036
16076 0.748609
16077 0.89627
16078 0.910672
16079 0.905637
16080 0.781566
16081 0.788066
16082 0.595345
16083 0.813923
16084 0.818817
16085 0.708526
16086 0.826662
16087 0.795723
16088 0.841932
16089 0.94902
16090 0.710698
16091 0.683489
16092 0.966184
16093 0.750719
16094 0.812551
16095 0.878756
16096 0.832859
16097 0.723031
16098 0.742923
16099 0.825779
16100 0.801028
16101 0.675831
16102 0.754768
16103 0.632897
16104 0.759086
16105 0.776218
16106 0.822017
16107 0.723859
16108 0.846727
16109 0.736428
16110 0.773177
16111 0.742858
16112 0.790829
16113 0.739612
16114 0.691857
16115 0.723541
16116 0.632594
16117 0.834573
16118 0.781706
16119 0.837523
16120 0.721598
16121 0.840858
16122 0.863657
16123 0.791563
16124 0.80382
16125 0.961748
16126 0.767625
16127 0.753823
16128 0.765993
16129 0.765527
16130 0.931807
16131 0.775465
16132 0.941294
16133 0.806273
16134 0.902149
16135 0.815942
16136 0.69583
16137 0.524541
16138 0.726075
16139 0.761635
16140 0.685215
16141 0.638603
16142 0.642574
16143 0.678731
16144 0.81066
16145 0.674547
16146 0.778084
16147 0.736394
16148 0.751335
16149 0.708466
16150 0.759658
16151 0.81498
16152 0.703335
16153 0.742043
16154 0.719893
16155 0.870136
16156 0.73357
16157 0.785084
16158 0.63627
16159 0.587672
16160 0.636516
16161 0.817248
16162 0.531229
16163 0.488603
16164 0.591639
16165 0.788242
16166 0.635862
16167 0.660377
16168 0.649423
16169 0.622653
16170 0.802405
16171 0.882599
16172 0.568918
16173 0.83907
16174 0.776572
16175 0.815835
16176 0.635454
16177 0.793982
16178 0.678764
16179 0.737966
16180 0.688916
16181 0.618063
16182 0.751713
16183 0.615261
16184 0.719428
16185 0.874271
16186 0.838269
16187 0.715387
16188 0.717139
16189 0.791836
16190 0.768097
16191 0.817511
16192 0.896016
16193 0.650132
16194 0.81732
16195 0.886162
16196 0.912116
16197 0.851079
16198 0.755211
16199 0.700912
16200 0.8454
16201 0.882808
16202 0.860137
16203 0.899442
16204 0.710794
16205 0.854078
16206 0.622417
16207 0.67018
16208 0.829145
16209 0.877353
16210 0.631172
16211 0.8592
16212 0.672911
16213 0.858747
16214 0.650141
16215 0.76714
16216 0.710897
16217 0.873181
16218 0.600402
16219 0.841867
16220 0.799861
16221 0.740905
16222 0.60569
16223 0.690656
16224 0.887389
16225 0.886433
16226 0.844606
16227 0.801076
16228 0.671159
16229 0.758608
16230 0.830116
16231 0.800044
16232 0.779445
16233 0.733593
16234 0.830341
16235 0.623567
16236 0.852724
16237 0.74463
16238 0.818889
16239 0.737334
16240 0.598675
16241 0.668028
16242 0.778592
16243 0.755063
16244 0.803826
16245 0.7698
16246 0.836998
16247 0.804255
16248 0.779287
16249 0.647643
16250 0.650956
16251 0.662457
16252 0.720472
16253 0.724191
16254 0.738576
16255 0.662514
16256 0.692406
16257 0.64651
16258 0.679842
16259 0.598754
16260 0.733173
16261 0.779764
16262 0.661006
16263 0.66344
16264 0.638597
16265 0.680001
16266 0.80059
16267 0.778507
16268 0.725846
16269 0.7589
16270 0.77635
16271 0.703461
16272 0.707704
16273 0.815069
16274 0.767251
16275 0.80816
16276 0.844564
16277 0.652961
16278 0.733303
16279 0.713043
16280 0.754755
16281 0.586159
16282 0.75838
16283 0.769031
16284 0.695792
16285 0.655029
16286 0.735499
16287 0.782256
16288 0.88718
16289 0.733295
16290 0.710922
16291 0.667869
16292 0.786692
16293 0.552933
16294 0.856294
16295 0.720927
16296 0.613788
16297 0.749536
16298 0.734414
16299 0.774681
16300 0.642375
16301 0.787215
16302 0.920417
16303 0.875624
16304 0.917662
16305 0.705545
16306 0.779285
16307 0.698139
16308 0.796663
16309 0.855771
16310 0.530665
16311 0.644454
16312 0.67335
16313 0.577457
16314 0.877706
16315 0.880852
16316 0.841323
16317 0.840591
16318 0.836528
16319 0.634118
16320 0.839629
16321 0.922446
16322 0.847153
16323 0.695184
16324 0.926777
16325 0.646766
16326 0.659442
16327 0.846541
16328 0.836106
16329 0.692543
16330 0.678312
16331 0.442786
16332 0.746623
16333 0.927008
16334 0.668102
16335 0.822367
16336 0.705133
16337 0.573161
16338 0.644103
16339 0.72313
16340 0.844606
16341 0.736355
16342 0.733668
16343 0.668184
16344 0.685475
16345 0.723095
16346 0.770485
16347 0.815933
16348 0.741962
16349 0.799199
16350 0.808251
16351 0.701848
16352 0.909432
16353 0.788831
16354 0.966078
16355 0.636726
16356 0.833185
16357 0.836971
16358 0.829615
16359 0.914947
16360 0.741894
16361 0.768307
16362 0.734524
16363 0.69571
16364 0.677047
16365 0.716065
16366 0.792748
16367 0.671895
16368 0.672947
16369 0.535787
16370 0.536646
16371 0.886861
16372 0.704637
16373 0.652806
16374 0.945122
16375 0.898058
16376 0.796273
16377 0.792734
16378 0.693039
16379 0.924307
16380 0.585053
16381 0.778096
16382 0.693397
16383 0.532733
16384 0.962247
16385 0.709283
16386 0.798466
16387 0.751954
16388 0.822838
16389 0.663073
16390 0.903277
16391 0.937881
16392 0.606528
16393 0.666169
16394 0.755224
16395 0.67323
16396 0.752961
16397 0.966056
16398 0.881592
16399 0.911146
16400 0.869502
16401 0.752918
16402 0.76454
16403 0.769191
16404 0.743976
16405 0.749396
16406 0.797078
16407 0.862979
16408 0.872637
16409 0.744693
16410 0.848064
16411 0.769057
16412 0.557818
16413 0.606635
16414 0.784972
16415 0.765462
16416 0.765757
16417 0.794604
16418 0.74237
16419 0.850527
16420 0.825267
16421 0.741464
16422 0.833875
16423 0.669213
16424 0.672318
16425 0.72922
16426 0.731522
16427 0.75421
16428 0.759818
16429 0.844793
16430 0.788406
16431 0.828855
16432 0.626789
16433 0.630771
16434 0.594979
16435 0.697915
16436 0.873733
16437 0.847051
16438 0.654209
16439 0.725987
16440 0.820522
16441 0.586375
16442 0.755352
16443 0.651322
16444 0.75115
16445 0.664116
16446 0.742331
16447 0.802604
16448 0.91309
16449 0.841436
16450 0.886872
16451 0.831814
16452 0.820351
16453 0.596516
16454 0.761915
16455 0.802646
16456 0.607313
16457 0.61027
16458 0.852847
16459 0.945607
16460 0.836575
16461 0.738908
16462 0.771496
16463 0.769315
16464 0.767842
16465 0.776233
16466 0.744292
16467 0.783645
16468 0.728463
16469 0.729222
16470 0.851757
16471 0.620069
16472 0.810144
16473 0.653115
16474 0.908043
16475 0.640006
16476 0.80838
16477 0.732241
16478 0.813688
16479 0.747782
16480 0.804016
16481 0.814572
16482 0.877436
16483 0.889863
16484 0.912526
16485 0.7815
16486 0.851661
16487 0.602597
16488 0.539167
16489 0.668382
16490 0.751694
16491 0.847971
16492 0.809893
16493 0.893845
16494 0.820916
16495 0.557002
16496 0.664179
16497 0.675666
16498 0.595244
16499 0.772798
16500 0.791834
16501 0.809764
16502 0.92933
16503 0.914257
16504 0.903335
16505 0.908465
16506 0.905269
16507 0.658699
16508 0.764778
16509 0.727921
16510 0.605192
16511 0.953114
16512 0.653151
16513 0.718556
16514 0.868492
16515 0.800694
16516 0.718516
16517 0.687836
16518 0.852208
16519 0.7379
16520 0.715976
16521 0.713441
16522 0.706499
16523 0.679607
16524 0.619591
16525 0.576954
16526 0.677741
16527 0.635953
16528 0.68748
16529 0.795112
16530 0.61848
16531 0.872983
16532 0.727716
16533 0.765433
16534 0.953761
16535 0.827112
16536 0.864123
16537 0.73678
16538 0.794605
16539 0.763251
16540 0.836504
16541 0.79423
16542 0.690122
16543 0.665968
16544 0.898246
16545 0.87295
16546 0.928858
16547 0.80519
16548 0.742317
16549 0.745022
16550 0.716402
16551 0.705236
16552 0.808226
16553 0.72644
16554 0.740178
16555 0.880365
16556 0.862089
16557 0.7026
16558 0.615614
16559 0.620791
16560 0.851265
16561 0.788529
16562 0.676577
16563 0.789193
16564 0.740189
16565 0.902035
16566 0.827189
16567 0.715035
16568 0.621913
16569 0.863461
16570 0.652259
16571 0.792474
16572 0.80974
16573 0.819594
16574 0.845226
16575 0.92134
16576 0.741794
16577 0.752651
16578 0.548449
16579 0.796329
16580 0.786234
16581 0.778008
16582 0.608519
16583 0.754766
16584 0.749744
16585 0.556095
16586 0.762398
16587 0.831796
16588 0.718722
16589 0.896721
16590 0.596628
16591 0.874443
16592 0.944731
16593 0.777849
16594 0.907777
16595 0.890375
16596 0.807226
16597 0.788954
16598 0.896237
16599 0.927495
16600 0.837087
16601 0.831749
16602 0.64605
16603 0.660295
16604 0.725637
16605 0.892105
16606 0.807577
16607 0.869583
16608 0.774006
16609 0.76797
16610 0.82447
16611 0.83436
16612 0.804427
16613 0.709464
16614 0.557524
16615 0.930501
16616 0.620885
16617 0.713912
16618 0.740648
16619 0.702907
16620 0.768197
16621 0.752242
16622 0.754509
16623 0.797215
16624 0.781172
16625 0.792788
16626 0.742187
16627 0.736994
16628 0.884868
16629 0.642472
16630 0.87667
16631 0.956782
16632 0.720389
16633 0.843968
16634 0.724444
16635 0.643027
16636 0.687173
16637 0.761703
16638 0.706539
16639 0.76275
16640 0.732557
16641 0.681453
16642 0.882395
16643 0.704062
16644 0.746362
16645 0.804704
16646 0.807388
16647 0.688886
16648 0.708317
16649 0.69337
16650 0.654901
16651 0.748227
16652 0.680827
16653 0.666487
16654 0.800212
16655 0.716479
16656 0.722861
16657 0.745722
16658 0.672487
16659 0.724842
16660 0.751186
16661 0.773199
16662 0.810291
16663 0.830821
16664 0.7552
16665 0.695685
16666 0.68377
16667 0.705721
16668 0.714455
16669 0.638836
16670 0.712733
16671 0.626333
16672 0.743493
16673 0.716974
16674 0.811503
16675 0.70915
16676 0.79465
16677 0.887237
16678 0.779186
16679 0.669793
16680 0.774614
16681 0.716589
16682 0.61998
16683 0.818149
16684 0.587962
16685 0.80027
16686 0.738132
16687 0.804256
16688 0.712823
16689 0.639328
16690 0.862745
16691 0.805055
16692 0.773195
16693 0.915375
16694 0.863199
16695 0.742627
16696 0.797204
16697 0.859334
16698 0.883851
16699 0.90492
16700 0.519612
16701 0.650332
16702 0.679504
16703 0.80677
16704 0.904783
16705 0.733282
16706 0.827853
16707 0.633652
16708 0.702507
16709 0.738226
16710 0.871835
16711 0.807385
16712 0.793553
16713 0.791776
16714 0.844457
16715 0.893734
16716 0.754503
16717 0.745757
16718 0.848404
16719 0.812158
16720 0.847059
16721 0.7929
16722 0.831369
16723 0.791914
16724 0.778805
16725 0.92815
16726 0.821395
16727 0.917586
16728 0.940016
16729 0.948741
16730 0.509996
16731 0.688446
16732 0.778072
16733 0.70507
16734 0.887601
16735 0.780525
16736 0.654941
16737 0.812983
16738 0.68611
16739 0.714289
16740 0.551698
16741 0.738746
16742 0.747986
16743 0.790187
16744 0.818434
16745 0.860528
16746 0.767435
16747 0.864783
16748 0.798744
16749 0.933851
16750 0.803784
16751 0.651912
16752 0.887065
16753 0.864342
16754 0.673319
16755 0.749439
16756 0.785827
16757 0.81959
16758 0.702689
16759 0.774937
16760 0.778954
16761 0.703275
16762 0.796292
16763 0.893951
16764 0.764774
16765 0.644989
16766 0.892852
16767 0.627739
16768 0.836553
16769 0.853632
16770 0.866424
16771 0.737437
16772 0.768038
16773 0.644538
16774 0.781246
16775 0.694506
16776 0.918045
16777 0.730316
16778 0.561117
16779 0.873492
16780 0.767937
16781 0.900786
16782 0.881925
16783 0.902952
16784 0.905758
16785 0.773062
16786 0.798783
16787 0.633316
16788 0.705047
16789 0.673199
16790 0.782405
16791 0.884561
16792 0.74803
16793 0.810468
16794 0.697641
16795 0.744128
16796 0.790348
16797 0.715866
16798 0.614561
16799 0.631343
16800 0.624543
16801 0.815675
16802 0.920323
16803 0.76984
16804 0.813351
16805 0.561061
16806 0.680077
16807 0.861469
16808 0.672779
16809 0.634816
16810 0.840808
16811 0.818251
16812 0.71853
16813 0.89306
16814 0.771047
16815 0.755962
16816 0.810694
16817 0.785848
16818 0.724057
16819 0.693652
16820 0.708448
16821 0.734818
16822 0.815264
16823 0.79248
16824 0.69653
16825 0.685552
16826 0.726176
16827 0.708441
16828 0.769679
16829 0.681145
16830 0.749833
16831 0.78513
16832 0.730714
16833 0.977869
16834 0.979759
16835 0.75241
16836 0.668722
16837 0.787361
16838 0.7011
16839 0.633535
16840 0.840281
16841 0.865519
16842 0.690341
16843 0.738988
16844 0.723193
16845 0.663302
16846 0.663903
16847 0.636766
16848 0.588515
16849 0.625977
16850 0.739658
16851 0.671483
16852 0.635469
16853 0.800109
16854 0.794287
16855 0.714548
16856 0.820122
16857 0.825757
16858 0.607982
16859 0.342797
16860 0.750676
16861 0.902911
16862 0.740151
16863 0.775088
16864 0.693489
16865 0.717699
16866 0.680429
16867 0.713904
16868 0.676113
16869 0.577121
16870 0.724337
16871 0.695585
16872 0.847191
16873 0.689106
16874 0.630765
16875 0.837928
16876 0.860158
16877 0.730824
16878 0.88148
16879 0.841865
16880 0.932072
16881 0.67977
16882 0.771392
16883 0.55365
16884 0.823682
16885 0.820422
16886 0.668991
16887 0.712526
16888 0.657171
16889 0.69639
16890 0.8293
16891 0.863788
16892 0.826731
16893 0.872324
16894 0.803583
16895 0.885075
16896 0.6441
16897 0.832966
16898 0.788889
16899 0.827197
16900 0.776572
16901 0.722423
16902 0.836643
16903 0.72941
16904 0.941445
16905 0.709295
16906 0.858552
16907 0.732227
16908 0.631857
16909 0.8251
16910 0.802679
16911 0.753532
16912 0.788773
16913 0.896856
16914 0.674288
16915 0.781336
16916 0.653371
16917 0.79121
16918 0.79546
16919 0.774655
16920 0.776845
16921 0.820785
16922 0.859708
16923 0.665985
16924 0.952495
16925 0.753551
16926 0.677087
16927 0.630773
16928 0.67399
16929 0.823131
16930 0.799676
16931 0.835387
16932 0.833127
16933 0.906103
16934 0.79516
16935 0.794646
16936 0.863992
16937 0.785345
16938 0.708896
16939 0.788841
16940 0.781271
16941 0.667266
16942 0.819634
16943 0.604041
16944 0.701789
16945 0.829318
16946 0.748497
16947 0.737557
16948 0.687368
16949 0.805465
16950 0.737171
16951 0.717319
16952 0.536924
16953 0.573093
16954 0.665339
16955 0.765192
16956 0.65754
16957 0.721963
16958 0.7907
16959 0.645931
16960 0.857531
16961 0.663734
16962 0.841609
16963 0.659704
16964 0.856732
16965 0.812609
16966 0.729245
16967 0.825045
16968 0.841528
16969 0.764357
16970 0.674146
16971 0.62161
16972 0.785366
16973 0.674775
16974 0.779162
16975 0.77469
16976 0.903101
16977 0.691664
16978 0.518494
16979 0.754826
16980 0.768205
16981 0.492587
16982 0.768159
16983 0.822708
16984 0.925018
16985 0.898297
16986 0.815998
16987 0.827961
16988 0.624777
16989 0.727063
16990 0.792966
16991 0.734673
16992 0.628157
16993 0.673381
16994 0.486122
16995 0.540271
16996 0.707506
16997 0.673002
16998 0.590771
16999 0.543184
17000 0.701881
17001 0.766417
17002 0.691282
17003 0.616206
17004 0.771078
17005 0.80606
17006 0.68445
17007 0.790953
17008 0.787079
17009 0.812803
17010 0.919193
17011 0.747706
17012 0.940721
17013 0.949156
17014 0.701733
17015 0.806517
17016 0.761383
17017 0.830598
17018 0.868808
17019 0.6161
17020 0.646849
17021 0.576128
17022 0.824996
17023 0.792611
17024 0.787706
17025 0.731357
17026 0.790237
17027 0.770663
17028 0.797768
17029 0.84091
17030 0.681578
17031 0.664153
17032 0.702676
17033 0.693399
17034 0.848754
17035 0.897838
17036 0.755743
17037 0.854382
17038 0.798672
17039 0.774173
17040 0.824775
17041 0.503835
17042 0.754909
17043 0.854359
17044 0.58821
17045 0.7347
17046 0.781083
17047 0.611891
17048 0.730834
17049 0.851035
17050 0.797243
17051 0.792693
17052 0.912288
17053 0.835643
17054 0.803958
17055 0.637361
17056 0.676694
17057 0.84172
17058 0.789683
17059 0.578699
17060 0.786613
17061 0.553784
17062 0.715148
17063 0.766101
17064 0.724927
17065 0.826473
17066 0.865196
17067 0.676547
17068 0.737121
17069 0.846196
17070 0.876348
17071 0.674496
17072 0.737593
17073 0.854194
17074 0.712278
17075 0.784737
17076 0.728089
17077 0.815711
17078 0.841843
17079 0.838322
17080 0.89326
17081 0.9403
17082 0.820841
17083 0.939818
17084 0.756519
17085 0.939698
17086 0.760605
17087 0.741693
17088 0.840649
17089 0.953362
17090 0.894375
17091 0.891308
17092 0.704695
17093 0.568633
17094 0.609874
17095 0.721259
17096 0.75277
17097 0.804882
17098 0.740108
17099 0.717417
17100 0.627565
17101 0.883145
17102 0.667926
17103 0.79
17104 0.66809
17105 0.772172
17106 0.773342
17107 0.721669
17108 0.738678
17109 0.749292
17110 0.907556
17111 0.921968
17112 0.878695
17113 0.762015
17114 0.76255
17115 0.809718
17116 0.739001
17117 0.621513
17118 0.760265
17119 0.820544
17120 0.842644
17121 0.863298
17122 0.713371
17123 0.898649
17124 0.555354
17125 0.821239
17126 0.749004
17127 0.858632
17128 0.590856
17129 0.579884
17130 0.714258
17131 0.836018
17132 0.785461
17133 0.736497
17134 0.768793
17135 0.76276
17136 0.835155
17137 0.666558
17138 0.988708
17139 0.876522
17140 0.970461
17141 0.775246
17142 0.754291
17143 0.844084
17144 0.850888
17145 0.638518
17146 0.469984
17147 0.771241
17148 0.812595
17149 0.778065
17150 0.651965
17151 0.760907
17152 0.908622
17153 0.700906
17154 0.751928
17155 0.756724
17156 0.702045
17157 0.792596
17158 0.674571
17159 0.697221
17160 0.663229
17161 0.762396
17162 0.7508
17163 0.866152
17164 0.845821
17165 0.653874
17166 0.709498
17167 0.655435
17168 0.782224
17169 0.719077
17170 0.694504
17171 0.707936
17172 0.500742
17173 0.785657
17174 0.5163
17175 0.852571
17176 0.87255
17177 0.827073
17178 0.782677
17179 0.690501
17180 0.746585
17181 0.934218
17182 0.750386
17183 0.741829
17184 0.524458
17185 0.729676
17186 0.742375
17187 0.81549
17188 0.783601
17189 0.841618
17190 0.74165
17191 0.826871
17192 0.703524
17193 0.679175
17194 0.799428
17195 0.908956
17196 0.623612
17197 0.755949
17198 0.868803
17199 0.733105
17200 0.652834
17201 0.762857
17202 0.764573
17203 0.744241
17204 0.753855
17205 0.795658
17206 0.708251
17207 0.6943
17208 0.723082
17209 0.786459
17210 0.679698
17211 0.749121
17212 0.807116
17213 0.735826
17214 0.83169
17215 0.829037
17216 0.790889
17217 0.820109
17218 0.775603
17219 0.80894
17220 0.760648
17221 0.610854
17222 0.791915
17223 0.740377
17224 0.925474
17225 0.865805
17226 0.755533
17227 0.797729
17228 0.742393
17229 0.649608
17230 0.686262
17231 0.947835
17232 0.636602
17233 0.812624
17234 0.894723
17235 0.726583
17236 0.822269
17237 0.732171
17238 0.904627
17239 0.818785
17240 0.738245
17241 0.882829
17242 0.581188
17243 0.818168
17244 0.783966
17245 0.813342
17246 0.731566
17247 0.693366
17248 0.724947
17249 0.724548
17250 0.827564
17251 0.716255
17252 0.727469
17253 0.702183
17254 0.881813
17255 0.725971
17256 0.766466
17257 0.727932
17258 0.769298
17259 0.644073
17260 0.704195
17261 0.717182
17262 0.74114
17263 0.696678
17264 0.844142
17265 0.913245
17266 0.721739
17267 0.862148
17268 0.75443
17269 0.775393
17270 0.683954
17271 0.743138
17272 0.822829
17273 0.792154
17274 0.754349
17275 0.858133
17276 0.770311
17277 0.702392
17278 0.57653
17279 0.661674
17280 0.771189
17281 0.586676
17282 0.662089
17283 0.649221
17284 0.737313
17285 0.725977
17286 0.857946
17287 0.865023
17288 0.785679
17289 0.913339
17290 0.677743
17291 0.810373
17292 0.692938
17293 0.851037
17294 0.912862
17295 0.763241
17296 0.812432
17297 0.552819
17298 0.750117
17299 0.818181
17300 0.81092
17301 0.709789
17302 0.749976
17303 0.787234
17304 0.861283
17305 0.838685
17306 0.871414
17307 0.786461
17308 0.612632
17309 0.716544
17310 0.682916
17311 0.770725
17312 0.659079
17313 0.598845
17314 0.526876
17315 0.735441
17316 0.66953
17317 0.823132
17318 0.747611
17319 0.8598
17320 0.742329
17321 0.71409
17322 0.799489
17323 0.800086
17324 0.698501
17325 0.918635
17326 0.969931
17327 0.774779
17328 0.819717
17329 0.7407
17330 0.777508
17331 0.901436
17332 0.74541
17333 0.80886
17334 0.835135
17335 0.874783
17336 0.886794
17337 0.906743
17338 0.971309
17339 0.916417
17340 0.770995
17341 0.749369
17342 0.78706
17343 0.821352
17344 0.858396
17345 0.691862
17346 0.891666
17347 0.801311
17348 0.919191
17349 0.820236
17350 0.759424
17351 0.944762
17352 0.838694
17353 0.872748
17354 0.769717
17355 0.881612
17356 0.798312
17357 0.802962
17358 0.767565
17359 0.809219
17360 0.759756
17361 0.753228
17362 0.788375
17363 0.945157
17364 0.743787
17365 0.873754
17366 0.830756
17367 0.855839
17368 0.755077
17369 0.689528
17370 0.886005
17371 0.674347
17372 0.83317
17373 0.824142
17374 0.885357
17375 0.81683
17376 0.836892
17377 0.900194
17378 0.795401
17379 0.859147
17380 0.695364
17381 0.916119
17382 0.770125
17383 0.802128
17384 0.722318
17385 0.722962
17386 0.874652
17387 0.980554
17388 0.758705
17389 0.848812
17390 0.714961
17391 0.649228
17392 0.955199
17393 0.623472
17394 0.676016
17395 0.742051
17396 0.596009
17397 0.987175
17398 0.8892
17399 0.731863
17400 0.559302
17401 0.60013
17402 0.754928
17403 0.577686
17404 0.691845
17405 0.659995
17406 0.702194
17407 0.769023
17408 0.817853
17409 0.752104
17410 0.615604
17411 0.849132
17412 0.73795
17413 0.718183
17414 0.729085
17415 0.959404
17416 0.742819
17417 0.649078
17418 0.541458
17419 0.837875
17420 0.736267
17421 0.738228
17422 0.673238
17423 0.72045
17424 0.625429
17425 0.758389
17426 0.698769
17427 0.833971
17428 0.844601
17429 0.890585
17430 0.607759
17431 0.762723
17432 0.591109
17433 0.521527
17434 0.576787
17435 0.816722
17436 0.668397
17437 0.819152
17438 0.710082
17439 0.693746
17440 0.480568
17441 0.855613
17442 0.94237
17443 0.930661
17444 0.8415
17445 0.779924
17446 0.822378
17447 0.735245
17448 0.806052
17449 0.835905
17450 0.797837
17451 0.681422
17452 0.711644
17453 0.862988
17454 0.77163
17455 0.712437
17456 0.680763
17457 0.903101
17458 0.625015
17459 0.611808
17460 0.759568
17461 0.7234
17462 0.643202
17463 0.665632
17464 0.762545
17465 0.746258
17466 0.712161
17467 0.794436
17468 0.873289
17469 0.84822
17470 0.787699
17471 0.73234
17472 0.812102
17473 0.695093
17474 0.627078
17475 0.718123
17476 0.632995
17477 0.712102
17478 0.685255
17479 0.900338
17480 0.649656
17481 0.916471
17482 0.751081
17483 0.892477
17484 0.663458
17485 0.867482
17486 0.703961
17487 0.880956
17488 0.80172
17489 0.744954
17490 0.76104
17491 0.880415
17492 0.748545
17493 0.770395
17494 0.723659
17495 0.772261
17496 0.793743
17497 0.747978
17498 0.672838
17499 0.842766
17500 0.741167
17501 0.767729
17502 0.877032
17503 0.611647
17504 0.600825
17505 0.815042
17506 0.736701
17507 0.675099
17508 0.707903
17509 0.655637
17510 0.854046
17511 0.966097
17512 0.753621
17513 0.77106
17514 0.621543
17515 0.712432
17516 0.623376
17517 0.760715
17518 0.675342
17519 0.699928
17520 0.9665
17521 0.777086
17522 0.747914
17523 0.848851
17524 0.671631
17525 0.629211
17526 0.644134
17527 0.629245
17528 0.781883
17529 0.720485
17530 0.621353
17531 0.693677
17532 0.752651
17533 0.783965
17534 0.880573
17535 0.680339
17536 0.825293
17537 0.90959
17538 0.721975
17539 0.76175
17540 0.854192
17541 0.780417
17542 0.785935
17543 0.775037
17544 0.897652
17545 0.740342
17546 0.766273
17547 0.721532
17548 0.898163
17549 0.900478
17550 0.840922
17551 0.751435
17552 0.814481
17553 0.725745
17554 0.573536
17555 0.841431
17556 0.697573
17557 0.772971
17558 0.740786
17559 0.785132
17560 0.747812
17561 0.515141
17562 0.753774
17563 0.626617
17564 0.738816
17565 0.807434
17566 0.572433
17567 0.728263
17568 0.853315
17569 0.669591
17570 0.525235
17571 0.714446
17572 0.5972
17573 0.687801
17574 0.787575
17575 0.699518
17576 0.700936
17577 0.661314
17578 0.742595
17579 0.625557
17580 0.80802
17581 0.757282
17582 0.933393
17583 0.706824
17584 0.817577
17585 0.899168
17586 0.681833
17587 0.926812
17588 0.652503
17589 0.754005
17590 0.766044
17591 0.754373
17592 0.827587
17593 0.645503
17594 0.756256
17595 0.830369
17596 0.843824
17597 0.852379
17598 0.739573
17599 0.812343
17600 0.73452
17601 0.854664
17602 0.718512
17603 0.856632
17604 0.747012
17605 0.58308
17606 0.685093
17607 0.640757
17608 0.716297
17609 0.740112
17610 0.673203
17611 0.718275
17612 0.727751
17613 0.732642
17614 0.625748
17615 0.67852
17616 0.706894
17617 0.882905
17618 0.790684
17619 0.618871
17620 0.895998
17621 0.811752
17622 0.712668
17623 0.738998
17624 0.612113
17625 0.634393
17626 0.73462
17627 0.734863
17628 0.727535
17629 0.88014
17630 0.846896
17631 0.78936
17632 0.742882
17633 0.893051
17634 0.657522
17635 0.745021
17636 0.732654
17637 0.665124
17638 0.6852
17639 0.76652
17640 0.75575
17641 0.762528
17642 0.932063
17643 0.82816
17644 0.645676
17645 0.759996
17646 0.767107
17647 0.846982
17648 0.764261
17649 0.720185
17650 0.653086
17651 0.848157
17652 0.920577
17653 0.624304
17654 0.608928
17655 0.770501
17656 0.724404
17657 0.706851
17658 0.790977
17659 0.740585
17660 0.567141
17661 0.699899
17662 0.768201
17663 0.84477
17664 0.95422
17665 0.671718
17666 0.635495
17667 0.754755
17668 0.843953
17669 0.863068
17670 0.877694
17671 0.848469
17672 0.543373
17673 0.794035
17674 0.65251
17675 0.897651
17676 0.768427
17677 0.699304
17678 0.733321
17679 0.760059
17680 0.86483
17681 0.672867
17682 0.843785
17683 0.611583
17684 0.652899
17685 0.59401
17686 0.886578
17687 0.675042
17688 0.619974
17689 0.709179
17690 0.664241
17691 0.642691
17692 0.861768
17693 0.651724
17694 0.695519
17695 0.739501
17696 0.889338
17697 0.670086
17698 0.808437
17699 0.641118
17700 0.817576
17701 0.7256
17702 0.797678
17703 0.845695
17704 0.903402
17705 0.807841
17706 0.815344
17707 0.916108
17708 0.839884
17709 0.880895
17710 0.76098
17711 0.6825
17712 0.62523
17713 0.763986
17714 0.796467
17715 0.70622
17716 0.669491
17717 0.678981
17718 0.934066
17719 0.724146
17720 0.850322
17721 0.829268
17722 0.666108
17723 0.770568
17724 0.750601
17725 0.889166
17726 0.951876
17727 0.906465
17728 0.927408
17729 0.72683
17730 0.806976
17731 0.85845
17732 0.853055
17733 0.77684
17734 0.89825
17735 0.512925
17736 0.635163
17737 0.874666
17738 0.765339
17739 0.666988
17740 0.666036
17741 0.750707
17742 0.923253
17743 0.760445
17744 0.959042
17745 0.694955
17746 0.722712
17747 0.721381
17748 0.794799
17749 0.735578
17750 0.728886
17751 0.72731
17752 0.701422
17753 0.786707
17754 0.76091
17755 0.812799
17756 0.767046
17757 0.718257
17758 0.657915
17759 0.898763
17760 0.84649
17761 0.753173
17762 0.723432
17763 0.722115
17764 0.687432
17765 0.773466
17766 0.638439
17767 0.624698
17768 0.877982
17769 0.803807
17770 0.722304
17771 0.626022
17772 0.700824
17773 0.58463
17774 0.687968
17775 0.855196
17776 0.780594
17777 0.789405
17778 0.591102
17779 0.571135
17780 0.953664
17781 0.693665
17782 0.902698
17783 0.722836
17784 0.727934
17785 0.697778
17786 0.687
17787 0.688615
17788 0.719369
17789 0.775756
17790 0.708271
17791 0.691081
17792 0.663887
17793 0.806703
17794 0.80269
17795 0.793339
17796 0.767492
17797 0.931641
17798 0.718532
17799 0.569354
17800 0.68218
17801 0.793718
17802 0.814607
17803 0.846584
17804 0.907432
17805 0.763686
17806 0.693164
17807 0.688216
17808 0.832281
17809 0.883804
17810 0.783921
17811 0.897263
17812 0.776384
17813 0.74865
17814 0.632657
17815 0.686131
17816 0.838265
17817 0.835902
17818 0.773868
17819 0.81164
17820 0.654863
17821 0.592758
17822 0.799346
17823 0.742098
17824 0.649388
17825 0.640016
17826 0.670209
17827 0.527363
17828 0.802472
17829 0.821924
17830 0.79728
17831 0.853805
17832 0.810348
17833 0.877346
17834 0.868827
17835 0.82899
17836 0.792751
17837 0.744708
17838 0.73373
17839 0.641878
17840 0.804571
17841 0.676994
17842 0.671538
17843 0.610658
17844 0.895676
17845 0.62577
17846 0.457539
17847 0.891192
17848 0.694823
17849 0.947177
17850 0.730251
17851 0.75918
17852 0.87824
17853 0.77708
17854 0.893131
17855 0.812592
17856 0.775018
17857 0.87285
17858 0.802021
17859 0.855347
17860 0.792756
17861 0.874765
17862 0.665497
17863 0.938125
17864 0.875807
17865 0.873486
17866 0.830336
17867 0.754369
17868 0.842514
17869 0.754613
17870 0.659527
17871 0.716252
17872 0.776033
17873 0.672511
17874 0.647966
17875 0.848285
17876 0.652806
17877 0.814401
17878 0.936519
17879 0.641303
17880 0.747789
17881 0.755602
17882 0.804144
17883 0.751019
17884 0.724986
17885 0.855346
17886 0.780789
17887 0.805108
17888 0.885661
17889 0.842426
17890 0.642812
17891 0.764548
17892 0.785595
17893 0.882882
17894 0.873093
17895 0.938966
17896 0.791866
17897 0.590654
17898 0.785759
17899 0.859948
17900 0.779885
17901 0.830195
17902 0.980456
17903 0.801336
17904 0.673745
17905 0.792475
17906 0.713321
17907 0.782425
17908 0.764076
17909 0.791888
17910 0.710689
17911 0.680168
17912 0.916479
17913 0.909648
17914 0.696697
17915 0.669854
17916 0.63009
17917 0.736811
17918 0.810563
17919 0.643514
17920 0.886588
17921 0.66661
17922 0.721251
17923 0.830616
17924 0.587406
17925 0.67137
17926 0.877368
17927 0.875604
17928 0.695006
17929 0.771221
17930 0.788698
17931 0.797309
17932 0.702384
17933 0.710853
17934 0.79936
17935 0.646223
17936 0.657318
17937 0.873068
17938 0.827033
17939 0.772247
17940 0.824088
17941 0.794314
17942 0.689141
17943 0.751529
17944 0.849794
17945 0.801076
17946 0.789284
17947 0.718016
17948 0.825229
17949 0.886184
17950 0.853651
17951 0.892483
17952 0.833895
17953 0.821034
17954 0.939664
17955 0.885949
17956 0.780155
17957 0.760038
17958 0.59673
17959 0.937864
17960 0.685989
17961 0.610382
17962 0.78634
17963 0.621968
17964 0.954808
17965 0.675506
17966 0.846741
17967 0.756541
17968 0.920575
17969 0.644686
17970 0.794366
17971 0.903727
17972 0.737943
17973 0.818359
17974 0.642729
17975 0.81916
17976 0.745691
17977 0.890388
17978 0.862848
17979 0.804648
17980 0.860657
17981 0.808258
17982 0.967122
17983 0.760945
17984 0.970971
17985 0.731367
17986 0.645244
17987 0.702989
17988 0.670734
17989 0.763544
17990 0.723429
17991 0.69032
17992 0.705711
17993 0.775864
17994 0.724101
17995 0.7194
17996 0.720488
17997 0.731605
17998 0.681415
17999 0.681537
18000 0.681785
18001 0.588466
18002 0.82124
18003 0.612181
18004 0.715236
18005 0.836488
18006 0.787607
18007 0.796387
18008 0.653731
18009 0.726026
18010 0.69846
18011 0.804555
18012 0.663513
18013 0.735401
18014 0.664084
18015 0.947474
18016 0.741259
18017 0.772987
18018 0.779533
18019 0.637897
18020 0.813839
18021 0.846143
18022 0.862688
18023 0.876065
18024 0.906642
18025 0.92986
18026 0.956134
18027 0.888874
18028 0.861575
18029 0.864877
18030 0.526979
18031 0.874002
18032 0.844453
18033 0.814249
18034 0.671523
18035 0.619189
18036 0.76345
18037 0.783597
18038 0.767894
18039 0.94945
18040 0.744692
18041 0.751558
18042 0.701925
18043 0.771098
18044 0.637217
18045 0.910636
18046 0.77855
18047 0.721434
18048 0.734672
18049 0.745902
18050 0.9
18051 0.833057
18052 0.724394
18053 0.712298
18054 0.689066
18055 0.597572
18056 0.682489
18057 0.776508
18058 0.714215
18059 0.684185
18060 0.792882
18061 0.723331
18062 0.816396
18063 0.730146
18064 0.680628
18065 0.744344
18066 0.709812
18067 0.931362
18068 0.671138
18069 0.752906
18070 0.784746
18071 0.696878
18072 0.683677
18073 0.663033
18074 0.849614
18075 0.726983
18076 0.671643
18077 0.707808
18078 0.724526
18079 0.776308
18080 0.741285
18081 0.762855
18082 0.638548
18083 0.782592
18084 0.557505
18085 0.786191
18086 0.797777
18087 0.807487
18088 0.640481
18089 0.77339
18090 0.861314
18091 0.802328
18092 0.896361
18093 0.909442
18094 0.881055
18095 0.916074
18096 0.658272
18097 0.877277
18098 0.642266
18099 0.713876
18100 0.749875
18101 0.636587
18102 0.749198
18103 0.616412
18104 0.736625
18105 0.742149
18106 0.709324
18107 0.912862
18108 0.806935
18109 0.807493
18110 0.767488
18111 0.832978
18112 0.840339
18113 0.832121
18114 0.801658
18115 0.790173
18116 0.766182
18117 0.787233
18118 0.721579
18119 0.800761
18120 0.878462
18121 0.830085
18122 0.800027
18123 0.796903
18124 0.879228
18125 0.865695
18126 0.828254
18127 0.837967
18128 0.804532
18129 0.741771
18130 0.883309
18131 0.652522
18132 0.871469
18133 0.862937
18134 0.794638
18135 0.851064
18136 0.70364
18137 0.762983
18138 0.603391
18139 0.728123
18140 0.839552
18141 0.776453
18142 0.868825
18143 0.939559
18144 0.653588
18145 0.669954
18146 0.800269
18147 0.805726
18148 0.707831
18149 0.70536
18150 0.81093
18151 0.801533
18152 0.784677
18153 0.87456
18154 0.65902
18155 0.737782
18156 0.584347
18157 0.880765
18158 0.902636
18159 0.855322
18160 0.81417
18161 0.690365
18162 0.789614
18163 0.82412
18164 0.753503
18165 0.816152
18166 0.734215
18167 0.688301
18168 0.840528
18169 0.599896
18170 0.752094
18171 0.575527
18172 0.67985
18173 0.810468
18174 0.799485
18175 0.688546
18176 0.800318
18177 0.686532
18178 0.767003
18179 0.802151
18180 0.604273
18181 0.598959
18182 0.799505
18183 0.932459
18184 0.687104
18185 0.733006
18186 0.759147
18187 0.600512
18188 0.683693
18189 0.718227
18190 0.873967
18191 0.940742
18192 0.748779
18193 0.746927
18194 0.752795
18195 0.712383
18196 0.699192
18197 0.778309
18198 0.8325
18199 0.602178
18200 0.829714
18201 0.831128
18202 0.860605
18203 0.758382
18204 0.781722
18205 0.711108
18206 0.797826
18207 0.708057
18208 0.601949
18209 0.842366
18210 0.862031
18211 0.720289
18212 0.70079
18213 0.66627
18214 0.661056
18215 0.739535
18216 0.642326
18217 0.698398
18218 0.791386
18219 0.661032
18220 0.761455
18221 0.741938
18222 0.75524
18223 0.709297
18224 0.676003
18225 0.784749
18226 0.828436
18227 0.965571
18228 0.822207
18229 0.780619
18230 0.717199
18231 0.978354
18232 0.951758
18233 0.632522
18234 0.793942
18235 0.928652
18236 0.893669
18237 0.841825
18238 0.624143
18239 0.776045
18240 0.789016
18241 0.865484
18242 0.81489
18243 0.848213
18244 0.56497
18245 0.85863
18246 0.763131
18247 0.857416
18248 0.649564
18249 0.66432
18250 0.70917
18251 0.63077
18252 0.801383
18253 0.831484
18254 0.566007
18255 0.631661
18256 0.780439
18257 0.82247
18258 0.681676
18259 0.823906
18260 0.894554
18261 0.810203
18262 0.704963
18263 0.582637
18264 0.746832
18265 0.681636
18266 0.86128
18267 0.833599
18268 0.799921
18269 0.807021
18270 0.80057
18271 0.883023
18272 0.878779
18273 0.735022
18274 0.809473
18275 0.704012
18276 0.565918
18277 0.619278
18278 0.697943
18279 0.740995
18280 0.645121
18281 0.815651
18282 0.828322
18283 0.745052
18284 0.688832
18285 0.766845
18286 0.617231
18287 0.655355
18288 0.850156
18289 0.638793
18290 0.693975
18291 0.580802
18292 0.661836
18293 0.738977
18294 0.881296
18295 0.932095
18296 0.818272
18297 0.625784
18298 0.758098
18299 0.761309
18300 0.744038
18301 0.842336
18302 0.84299
18303 0.664335
18304 0.689002
18305 0.597002
18306 0.740887
18307 0.906834
18308 0.682146
18309 0.626333
18310 0.694454
18311 0.838501
18312 0.701326
18313 0.728143
18314 0.670473
18315 0.723942
18316 0.558175
18317 0.644597
18318 0.759088
18319 0.567716
18320 0.537086
18321 0.747534
18322 0.733768
18323 0.612079
18324 0.733727
18325 0.624303
18326 0.859166
18327 0.823745
18328 0.749426
18329 0.809666
18330 0.743517
18331 0.664832
18332 0.788526
18333 0.764444
18334 0.715651
18335 0.850383
18336 0.690436
18337 0.679952
18338 0.925046
18339 0.915849
18340 0.811397
18341 0.76327
18342 0.744119
18343 0.701026
18344 0.972635
18345 0.678004
18346 0.693746
18347 0.78807
18348 0.698321
18349 0.79981
18350 0.871867
18351 0.713288
18352 0.778309
18353 0.80781
18354 0.810806
18355 0.759225
18356 0.814617
18357 0.639016
18358 0.731983
18359 0.776424
18360 0.707112
18361 0.726082
18362 0.549674
18363 0.64914
18364 0.599321
18365 0.736499
18366 0.644881
18367 0.859894
18368 0.916946
18369 0.777718
18370 0.675471
18371 0.672915
18372 0.875666
18373 0.697528
18374 0.630967
18375 0.624259
18376 0.635916
18377 0.700568
18378 0.795934
18379 0.873196
18380 0.796256
18381 0.817351
18382 0.776134
18383 0.862393
18384 0.822433
18385 0.728915
18386 0.729325
18387 0.800576
18388 0.762215
18389 0.78027
18390 0.684635
18391 0.672512
18392 0.816581
18393 0.754478
18394 0.837473
18395 0.86251
18396 0.733683
18397 0.67975
18398 0.745515
18399 0.845972
18400 0.765096
18401 0.667754
18402 0.925251
18403 0.76628
18404 0.827152
18405 0.693058
18406 0.818595
18407 0.731165
18408 0.963737
18409 0.838605
18410 0.798126
18411 0.734362
18412 0.943147
18413 0.734431
18414 0.859481
18415 0.770445
18416 0.66912
18417 0.716543
18418 0.748908
18419 0.737591
18420 0.656297
18421 0.678647
18422 0.802069
18423 0.813196
18424 0.836725
18425 0.572537
18426 0.746433
18427 0.872324
18428 0.801248
18429 0.626228
18430 0.847452
18431 0.767638
18432 0.726035
18433 0.722272
18434 0.753228
18435 0.714593
18436 0.579699
18437 0.526322
18438 0.749745
18439 0.770902
18440 0.694901
18441 0.684977
18442 0.649126
18443 0.801324
18444 0.723528
18445 0.758576
18446 0.842905
18447 0.77412
18448 0.79199
18449 0.630511
18450 0.552757
18451 0.811164
18452 0.731912
18453 0.797717
18454 0.695761
18455 0.843483
18456 0.82435
18457 0.771844
18458 0.680162
18459 0.624957
18460 0.743534
18461 0.66154
18462 0.929416
18463 0.916173
18464 0.735781
18465 0.890422
18466 0.7465
18467 0.47227
18468 0.566293
18469 0.562973
18470 0.783961
18471 0.760894
18472 0.704958
18473 0.737092
18474 0.864962
18475 0.594627
18476 0.659358
18477 0.756277
18478 0.642847
18479 0.88312
18480 0.685038
18481 0.841285
18482 0.699872
18483 0.771625
18484 0.738194
18485 0.848877
18486 0.664607
18487 0.953868
18488 0.857694
18489 0.850254
18490 0.863769
18491 0.917603
18492 0.8379
18493 0.832927
18494 0.832896
18495 0.751025
18496 0.754213
18497 0.772354
18498 0.835368
18499 0.792647
18500 0.75034
18501 0.732978
18502 0.792339
18503 0.867727
18504 0.750886
18505 0.805452
18506 0.743717
18507 0.745297
18508 0.773674
18509 0.801765
18510 0.800939
18511 0.799041
18512 0.784134
18513 0.830798
18514 0.607404
18515 0.701702
18516 0.638028
18517 0.696073
18518 0.800297
18519 0.816973
18520 0.766096
18521 0.594763
18522 0.666346
18523 0.706681
18524 0.809187
18525 0.721483
18526 0.635402
18527 0.669161
18528 0.75154
18529 0.824133
18530 0.878273
18531 0.673288
18532 0.545356
18533 0.649258
18534 0.745615
18535 0.846286
18536 0.814525
18537 0.711036
18538 0.637604
18539 0.709088
18540 0.673052
18541 0.737259
18542 0.757341
18543 0.74714
18544 0.832426
18545 0.692867
18546 0.690445
18547 0.771134
18548 0.661628
18549 0.795874
18550 0.717002
18551 0.702403
18552 0.707762
18553 0.72974
18554 0.76019
18555 0.683503
18556 0.645303
18557 0.819501
18558 0.77445
18559 0.803409
18560 0.82322
18561 0.955797
18562 0.835591
18563 0.819779
18564 0.746538
18565 0.819318
18566 0.705087
18567 0.895412
18568 0.915172
18569 0.91036
18570 0.794902
18571 0.890989
18572 0.852906
18573 0.661947
18574 0.747505
18575 0.653245
18576 0.752824
18577 0.653872
18578 0.628596
18579 0.701099
18580 0.568861
18581 0.749246
18582 0.842642
18583 0.688187
18584 0.719898
18585 0.608657
18586 0.712653
18587 0.826784
18588 0.675086
18589 0.784373
18590 0.545554
18591 0.701463
18592 0.550053
18593 0.656601
18594 0.694312
18595 0.704133
18596 0.780734
18597 0.706821
18598 0.653264
18599 0.73734
18600 0.654681
18601 0.604354
18602 0.729591
18603 0.765583
18604 0.771173
18605 0.69678
18606 0.821698
18607 0.808765
18608 0.682641
18609 0.803755
18610 0.813037
18611 0.689899
18612 0.641841
18613 0.890411
18614 0.680355
18615 0.81967
18616 0.70233
18617 0.89825
18618 0.551537
18619 0.840481
18620 0.884602
18621 0.807465
18622 0.697189
18623 0.91644
18624 0.516473
18625 0.765301
18626 0.668445
18627 0.795609
18628 0.640349
18629 0.787703
18630 0.72319
18631 0.70046
18632 0.771656
18633 0.648589
18634 0.672439
18635 0.807598
18636 0.614034
18637 0.698596
18638 0.888971
18639 0.753455
18640 0.766956
18641 0.838688
18642 0.555439
18643 0.579994
18644 0.825238
18645 0.597119
18646 0.780837
18647 0.716135
18648 0.893425
18649 0.780312
18650 0.854806
18651 0.807711
18652 0.754387
18653 0.835378
18654 0.804443
18655 0.672409
18656 0.667279
18657 0.874953
18658 0.602401
18659 0.869697
18660 0.909125
18661 0.892359
18662 0.85444
18663 0.988005
18664 0.836702
18665 0.959368
18666 0.893416
18667 0.639941
18668 0.778389
18669 0.704531
18670 0.817527
18671 0.733065
18672 0.617615
18673 0.678276
18674 0.832972
18675 0.663258
18676 0.714295
18677 0.657174
18678 0.714611
18679 0.868124
18680 0.753898
18681 0.902999
18682 0.826063
18683 0.69414
18684 0.880002
18685 0.878764
18686 0.799509
18687 0.730892
18688 0.804392
18689 0.820233
18690 0.73841
18691 0.706676
18692 0.761719
18693 0.821747
18694 0.917182
18695 0.786136
18696 0.676994
18697 0.760898
18698 0.81715
18699 0.732595
18700 0.737048
18701 0.795633
18702 0.670268
18703 0.739599
18704 0.670986
18705 0.640122
18706 0.678197
18707 0.702252
18708 0.728587
18709 0.652757
18710 0.746791
18711 0.681084
18712 0.748151
18713 0.810799
18714 0.730501
18715 0.956588
18716 0.851498
18717 0.810001
18718 0.868542
18719 0.8313
18720 0.643665
18721 0.815393
18722 0.646271
18723 0.893252
18724 0.838858
18725 0.743848
18726 0.78462
18727 0.767521
18728 0.792438
18729 0.846659
18730 0.744369
18731 0.709768
18732 0.777018
18733 0.69823
18734 0.848393
18735 0.750075
18736 0.621139
18737 0.581354
18738 0.676136
18739 0.704778
18740 0.859311
18741 0.728148
18742 0.669196
18743 0.820632
18744 0.71567
18745 0.750076
18746 0.816657
18747 0.718765
18748 0.894116
18749 0.68313
18750 0.693806
18751 0.897064
18752 0.877142
18753 0.544331
18754 0.870858
18755 0.933863
18756 0.854224
18757 0.844864
18758 0.810114
18759 0.84438
18760 0.926722
18761 0.933776
18762 0.854246
18763 0.907723
18764 0.764252
18765 0.901875
18766 0.935977
18767 0.964061
18768 0.885163
18769 0.655951
18770 0.715163
18771 0.991099
18772 0.644279
18773 0.935375
18774 0.85956
18775 0.905286
18776 0.907455
18777 0.830029
18778 0.822765
18779 0.772045
18780 0.764998
18781 0.568967
18782 0.823483
18783 0.838089
18784 0.686592
18785 0.782394
18786 0.896741
18787 0.735143
18788 0.829938
18789 0.767207
18790 0.863547
18791 0.719938
18792 0.81154
18793 0.714414
18794 0.761474
18795 0.782053
18796 0.769074
18797 0.793031
18798 0.621671
18799 0.78314
18800 0.699855
18801 0.754211
18802 0.686678
18803 0.902131
18804 0.697728
18805 0.71096
18806 0.662964
18807 0.814718
18808 0.829856
18809 0.811086
18810 0.834017
18811 0.874552
18812 0.801773
18813 0.584202
18814 0.775059
18815 0.617386
18816 0.697316
18817 0.835214
18818 0.711032
18819 0.788792
18820 0.735631
18821 0.748282
18822 0.820727
18823 0.797639
18824 0.819152
18825 0.682328
18826 0.593037
18827 0.632193
18828 0.806246
18829 0.711452
18830 0.730937
18831 0.643342
18832 0.677912
18833 0.711967
18834 0.648448
18835 0.670428
18836 0.655465
18837 0.823726
18838 0.796534
18839 0.8637
18840 0.820357
18841 0.7124
18842 0.916151
18843 0.832695
18844 0.709149
18845 0.70498
18846 0.786732
18847 0.887899
18848 0.811715
18849 0.850868
18850 0.734039
18851 0.955432
18852 0.669718
18853 0.607664
18854 0.840828
18855 0.743388
18856 0.897496
18857 0.764433
18858 0.638366
18859 0.703107
18860 0.788282
18861 0.78986
18862 0.78225
18863 0.674216
18864 0.627435
18865 0.685191
18866 0.691351
18867 0.673231
18868 0.874412
18869 0.809462
18870 0.65061
18871 0.630198
18872 0.692188
18873 0.733817
18874 0.71991
18875 0.862155
18876 0.889648
18877 0.890893
18878 0.735584
18879 0.561093
18880 0.623043
18881 0.733846
18882 0.681667
18883 0.804094
18884 0.825566
18885 0.696137
18886 0.788176
18887 0.690205
18888 0.67472
18889 0.564717
18890 0.743424
18891 0.681621
18892 0.800332
18893 0.690074
18894 0.651208
18895 0.804146
18896 0.721512
18897 0.915049
18898 0.785911
18899 0.803918
18900 0.439205
18901 0.762986
18902 0.698597
18903 0.87364
18904 0.68323
18905 0.68683
18906 0.796177
18907 0.714514
18908 0.919528
18909 0.920225
18910 0.791657
18911 0.766856
18912 0.804072
18913 0.802839
18914 0.860418
18915 0.804343
18916 0.750545
18917 0.634425
18918 0.800819
18919 0.602822
18920 0.73614
18921 0.79263
18922 0.740242
18923 0.825821
18924 0.749063
18925 0.844531
18926 0.785308
18927 0.778151
18928 0.794983
18929 0.598472
18930 0.732863
18931 0.651453
18932 0.835065
18933 0.648094
18934 0.939971
18935 0.704097
18936 0.559221
18937 0.742751
18938 0.575921
18939 0.576294
18940 0.71361
18941 0.644961
18942 0.909001
18943 0.925104
18944 0.908218
18945 0.826297
18946 0.734823
18947 0.644631
18948 0.704251
18949 0.692861
18950 0.661302
18951 0.682562
18952 0.681479
18953 0.659671
18954 0.701914
18955 0.674731
18956 0.799062
18957 0.801878
18958 0.676892
18959 0.957995
18960 0.819881
18961 0.63969
18962 0.948755
18963 0.891821
18964 0.800102
18965 0.764085
18966 0.937895
18967 0.872911
18968 0.978921
18969 0.813381
18970 0.628543
18971 0.695739
18972 0.775261
18973 0.728597
18974 0.739827
18975 0.769866
18976 0.669108
18977 0.793286
18978 0.886773
18979 0.660357
18980 0.679298
18981 0.717687
18982 0.92158
18983 0.674396
18984 0.801409
18985 0.637638
18986 0.916579
18987 0.689581
18988 0.743016
18989 0.790024
18990 0.604076
18991 0.815089
18992 0.661473
18993 0.755874
18994 0.8689
18995 0.782084
18996 0.725584
18997 0.654228
18998 0.812832
18999 0.662145
19000 0.614808
19001 0.708278
19002 0.791914
19003 0.700692
19004 0.888112
19005 0.706765
19006 0.619657
19007 0.776614
19008 0.878506
19009 0.68366
19010 0.72917
19011 0.701463
19012 0.806149
19013 0.7576
19014 0.641926
19015 0.843328
19016 0.768168
19017 0.688895
19018 0.727239
19019 0.711857
19020 0.74292
19021 0.808021
19022 0.861055
19023 0.780428
19024 0.680532
19025 0.724406
19026 0.943658
19027 0.850514
19028 0.739833
19029 0.680274
19030 0.871856
19031 0.751683
19032 0.795131
19033 0.888436
19034 0.844684
19035 0.83994
19036 0.787962
19037 0.774843
19038 0.691885
19039 0.788735
19040 0.899775
19041 0.718716
19042 0.876686
19043 0.800186
19044 0.780087
19045 0.709319
19046 0.823823
19047 0.879825
19048 0.864827
19049 0.85729
19050 0.685365
19051 0.778601
19052 0.852392
19053 0.783392
19054 0.699439
19055 0.822494
19056 0.823173
19057 0.696568
19058 0.771763
19059 0.759171
19060 0.666424
19061 0.723526
19062 0.865526
19063 0.725916
19064 0.85951
19065 0.801907
19066 0.812395
19067 0.905709
19068 0.785409
19069 0.615748
19070 0.827414
19071 0.870085
19072 0.623813
19073 0.719601
19074 0.519446
19075 0.662345
19076 0.772979
19077 0.710183
19078 0.753119
19079 0.744124
19080 0.807255
19081 0.821855
19082 0.672136
19083 0.878277
19084 0.843985
19085 0.82099
19086 0.941675
19087 0.783755
19088 0.790677
19089 0.741716
19090 0.862934
19091 0.774757
19092 0.795217
19093 0.926722
19094 0.773468
19095 0.806044
19096 0.695465
19097 0.673522
19098 0.754568
19099 0.785133
19100 0.722032
19101 0.696321
19102 0.861775
19103 0.765749
19104 0.719887
19105 0.905797
19106 0.826871
19107 0.838653
19108 0.728461
19109 0.894049
19110 0.829963
19111 0.919159
19112 0.700536
19113 0.809344
19114 0.787037
19115 0.719328
19116 0.618568
19117 0.753267
19118 0.678549
19119 0.807451
19120 0.750248
19121 0.62857
19122 0.754352
19123 0.707396
19124 0.874032
19125 0.766387
19126 0.641056
19127 0.700989
19128 0.575788
19129 0.757531
19130 0.590406
19131 0.574019
19132 0.747513
19133 0.801697
19134 0.842768
19135 0.779566
19136 0.820075
19137 0.82804
19138 0.644253
19139 0.682687
19140 0.70144
19141 0.818115
19142 0.850972
19143 0.76923
19144 0.799332
19145 0.892175
19146 0.928243
19147 0.859379
19148 0.783263
19149 0.716787
19150 0.844862
19151 0.698817
19152 0.89844
19153 0.718926
19154 0.792733
19155 0.823691
19156 0.652813
19157 0.686408
19158 0.716949
19159 0.911293
19160 0.840263
19161 0.775937
19162 0.736579
19163 0.829737
19164 0.808761
19165 0.789867
19166 0.867896
19167 0.76802
19168 0.745787
19169 0.802793
19170 0.862651
19171 0.827167
19172 0.933262
19173 0.747651
19174 0.810739
19175 0.655188
19176 0.785096
19177 0.597387
19178 0.695071
19179 0.754585
19180 0.790972
19181 0.827863
19182 0.657162
19183 0.921071
19184 0.749201
19185 0.781202
19186 0.920157
19187 0.827503
19188 0.784927
19189 0.775406
19190 0.644067
19191 0.785883
19192 0.676795
19193 0.657101
19194 0.712872
19195 0.754374
19196 0.838237
19197 0.846023
19198 0.750255
19199 0.880075
19200 0.952292
19201 0.831337
19202 0.812587
19203 0.645515
19204 0.946433
19205 0.984336
19206 0.829422
19207 0.85966
19208 0.83284
19209 0.930197
19210 0.880703
19211 0.852452
19212 0.91074
19213 0.815034
19214 0.895878
19215 0.894259
19216 0.790142
19217 0.876257
19218 0.688891
19219 0.738856
19220 0.909787
19221 0.925059
19222 0.978866
19223 0.834403
19224 0.731102
19225 0.855433
19226 0.896136
19227 0.883605
19228 0.880526
19229 0.835822
19230 0.638592
19231 0.887282
19232 0.815417
19233 0.785957
19234 0.89632
19235 0.764901
19236 0.852756
19237 0.642395
19238 0.722326
19239 0.822217
19240 0.89283
19241 0.958523
19242 0.724776
19243 0.856189
19244 0.82416
19245 0.915126
19246 0.660407
19247 0.729481
19248 0.738356
19249 0.947665
19250 0.828318
19251 0.634997
19252 0.752947
19253 0.769535
19254 0.754786
19255 0.923752
19256 0.893358
19257 0.826021
19258 0.967207
19259 0.801521
19260 0.759934
19261 0.784026
19262 0.894315
19263 0.732981
19264 0.834728
19265 0.773197
19266 0.829125
19267 0.609114
19268 0.831009
19269 0.861719
19270 0.9212
19271 0.95059
19272 0.817925
19273 0.84133
19274 0.866313
19275 0.628439
19276 0.883307
19277 0.954833
19278 0.801709
19279 0.888807
19280 0.863341
19281 0.853498
19282 0.853509
19283 0.810235
19284 0.743725
19285 0.963812
19286 0.87949
19287 0.892843
19288 0.729548
19289 0.790098
19290 0.874596
19291 0.955062
19292 0.817125
19293 0.851515
19294 0.899297
19295 0.714308
19296 0.893604
19297 0.870998
19298 0.918463
19299 0.834715
19300 0.847591
19301 0.722113
19302 0.770369
19303 0.782823
19304 0.952405
19305 0.925594
19306 0.650686
19307 0.914213
19308 0.874066
19309 0.889472
19310 0.899935
19311 0.854884
19312 0.842513
19313 0.638384
19314 0.908952
19315 0.802194
19316 0.855456
19317 0.562806
19318 0.842831
19319 0.701969
19320 0.932159
19321 0.863129
19322 0.81236
19323 0.614139
19324 0.883159
19325 0.906911
19326 0.949509
19327 0.567293
19328 0.748836
19329 0.558339
19330 0.720548
19331 0.603699
19332 0.693848
19333 0.903113
19334 0.803249
19335 0.920004
19336 0.876101
19337 0.437824
19338 0.93416
19339 0.87723
19340 0.803598
19341 0.854527
19342 0.910608
19343 0.967958
19344 0.963145
19345 0.84864
19346 0.803038
19347 0.792653
19348 0.819095
19349 0.837993
19350 0.838393
19351 0.712068
19352 0.936564
19353 0.699213
19354 0.82894
19355 0.617307
19356 0.89693
19357 0.804726
19358 0.604845
19359 0.87408
19360 0.888864
19361 0.8482
19362 0.672497
19363 0.89629
19364 0.658406
19365 0.924296
19366 0.78807
19367 0.742285
19368 0.716034
19369 0.780913
19370 0.924058
19371 0.808687
19372 0.886169
19373 0.898335
19374 0.780228
19375 0.704326
19376 0.932056
19377 0.77282
19378 0.786253
19379 0.777481
19380 0.614106
19381 0.862311
19382 0.690391
19383 0.855674
19384 0.757634
19385 0.887054
19386 0.747916
19387 0.854531
19388 0.849913
19389 0.818126
19390 0.774088
19391 0.727873
19392 0.943153
19393 0.782213
19394 0.82343
19395 0.753462
19396 0.65912
19397 0.965036
19398 0.857598
19399 0.798032
19400 0.903815
19401 0.792083
19402 0.717
19403 0.870108
19404 0.858973
19405 0.819643
19406 0.779699
19407 0.835288
19408 0.815762
19409 0.817825
19410 0.838908
19411 0.716951
19412 0.927514
19413 0.806184
19414 0.874715
19415 0.914236
19416 0.81608
19417 0.914305
19418 0.886583
19419 0.911421
19420 0.672227
19421 0.898336
19422 0.812486
19423 0.878129
19424 0.884286
19425 0.884449
19426 0.769368
19427 0.87933
19428 0.816942
19429 0.894368
19430 0.585703
19431 0.782446
19432 0.714498
19433 0.743649
19434 0.724175
19435 0.836389
19436 0.95061
19437 0.952603
19438 0.841437
19439 0.916062
19440 0.802315
19441 0.913396
19442 0.822087
19443 0.779009
19444 0.847456
19445 0.789396
19446 0.875532
19447 0.899387
19448 0.764516
19449 0.851338
19450 0.733316
19451 0.847001
19452 0.693932
19453 0.790309
19454 0.829313
19455 0.834672
19456 0.685857
19457 0.80757
19458 0.92481
19459 0.904048
19460 0.953742
19461 0.762131
19462 0.684047
19463 0.950915
19464 0.92675
19465 0.883045
19466 0.844017
19467 0.947556
19468 0.984148
19469 0.772539
19470 0.686441
19471 0.757931
19472 0.742754
19473 0.905544
19474 0.802393
19475 0.904742
19476 0.811416
19477 0.7619
19478 0.73656
19479 0.963064
19480 0.813134
19481 0.9524
19482 0.888495
19483 0.847768
19484 0.889321
19485 0.8131
19486 0.697915
19487 0.7353
19488 0.68086
19489 0.816625
19490 0.694639
19491 0.85881
19492 0.92417
19493 0.781361
19494 0.607638
19495 0.946599
19496 0.775411
19497 0.756771
19498 0.606327
19499 0.603567
19500 0.722349
19501 0.907207
19502 0.714653
19503 0.64837
19504 0.758792
19505 0.792478
19506 0.631352
19507 0.635139
19508 0.690826
19509 0.775525
19510 0.67972
19511 0.896966
19512 0.923276
19513 0.630902
19514 0.790824
19515 0.710642
19516 0.644385
19517 0.590155
19518 0.784013
19519 0.904258
19520 0.749608
19521 0.797965
19522 0.690275
19523 0.649857
19524 0.86461
19525 0.827145
19526 0.792428
19527 0.7579
19528 0.777376
19529 0.793855
19530 0.631418
19531 0.813904
19532 0.851413
19533 0.610485
19534 0.803976
19535 0.734837
19536 0.690058
19537 0.533161
19538 0.647658
19539 0.726055
19540 0.486504
19541 0.446854
19542 0.736384
19543 0.614149
19544 0.81457
19545 0.953049
19546 0.804348
19547 0.876932
19548 0.867566
19549 0.71984
19550 0.927052
19551 0.903593
19552 0.821519
19553 0.594218
19554 0.708397
19555 0.779067
19556 0.763461
19557 0.443968
19558 0.820579
19559 0.917282
19560 0.618492
19561 0.939944
19562 0.771735
19563 0.622654
19564 0.676877
19565 0.819823
19566 0.703561
19567 0.775328
19568 0.828943
19569 0.771991
19570 0.857432
19571 0.965641
19572 0.662369
19573 0.593667
19574 0.495465
19575 0.709316
19576 0.841457
19577 0.668173
19578 0.768838
19579 0.657227
19580 0.736797
19581 0.618147
19582 0.5074
19583 0.697003
19584 0.852442
19585 0.807359
19586 0.930249
19587 0.885256
19588 0.815351
19589 0.674713
19590 0.811827
19591 0.822284
19592 0.700541
19593 0.807971
19594 0.785603
19595 0.785304
19596 0.714575
19597 0.775378
19598 0.726507
19599 0.7493
19600 0.897437
19601 0.811437
19602 0.8
19603 0.513207
19604 0.848286
19605 0.916693
19606 0.896364
19607 0.733019
19608 0.836726
19609 0.785202
19610 0.694813
19611 0.8412
19612 0.723712
19613 0.888135
19614 0.659881
19615 0.789416
19616 0.658872
19617 0.877153
19618 0.876871
19619 0.626317
19620 0.48157
19621 0.785134
19622 0.798788
19623 0.796167
19624 0.780882
19625 0.727058
19626 0.77343
19627 0.961756
19628 0.699617
19629 0.95782
19630 0.919552
19631 0.818341
19632 0.745775
19633 0.84634
19634 0.806332
19635 0.822382
19636 0.862501
19637 0.905477
19638 0.940002
19639 0.87453
19640 0.914751
19641 0.814821
19642 0.866718
19643 0.734792
19644 0.893422
19645 0.711635
19646 0.749793
19647 0.652493
19648 0.675198
19649 0.640717
19650 0.882075
19651 0.651697
19652 0.694741
19653 0.72643
19654 0.731306
19655 0.827965
19656 0.725269
19657 0.791319
19658 0.867418
19659 0.950977
19660 0.905004
19661 0.722052
19662 0.908476
19663 0.73764
19664 0.7956
19665 0.977593
19666 0.910836
19667 0.761093
19668 0.693234
19669 0.676346
19670 0.667563
19671 0.758801
19672 0.907021
19673 0.743832
19674 0.824823
19675 0.757658
19676 0.693386
19677 0.824482
19678 0.666438
19679 0.744322
19680 0.884941
19681 0.770054
19682 0.800656
19683 0.771256
19684 0.767802
19685 0.779023
19686 0.742051
19687 0.983093
19688 0.825435
19689 0.788641
19690 0.73351
19691 0.594284
19692 0.648911
19693 0.811755
19694 0.715542
19695 0.694222
19696 0.863133
19697 0.661826
19698 0.669544
19699 0.646601
19700 0.642696
19701 0.651452
19702 0.647146
19703 0.799108
19704 0.654784
19705 0.798118
19706 0.927426
19707 0.787969
19708 0.825744
19709 0.753839
19710 0.726998
19711 0.867737
19712 0.589705
19713 0.775787
19714 0.718322
19715 0.781477
19716 0.619309
19717 0.720667
19718 0.790419
19719 0.745011
19720 0.902866
19721 0.821
19722 0.67411
19723 0.642229
19724 0.797938
19725 0.894739
19726 0.79928
19727 0.93174
19728 0.973802
19729 0.897602
19730 0.908064
19731 0.882864
19732 0.769153
19733 0.84154
19734 0.85157
19735 0.576985
19736 0.55451
19737 0.791247
19738 0.804765
19739 0.743511
19740 0.791109
19741 0.848548
19742 0.590455
19743 0.714257
19744 0.687955
19745 0.566599
19746 0.654186
19747 0.898615
19748 0.805881
19749 0.847074
19750 0.570096
19751 0.894911
19752 0.853793
19753 0.703329
19754 0.709715
19755 0.719684
19756 0.73715
19757 0.698437
19758 0.766378
19759 0.647893
19760 0.769872
19761 0.76106
19762 0.812089
19763 0.546888
19764 0.71358
19765 0.846894
19766 0.845319
19767 0.812939
19768 0.748952
19769 0.800404
19770 0.730735
19771 0.762806
19772 0.887802
19773 0.911037
19774 0.858408
19775 0.75743
19776 0.685105
19777 0.648583
19778 0.874618
19779 0.808789
19780 0.660974
19781 0.945729
19782 0.841399
19783 0.667324
19784 0.8932
19785 0.658688
19786 0.761195
19787 0.852835
19788 0.671202
19789 0.621024
19790 0.739643
19791 0.683094
19792 0.77985
19793 0.70353
19794 0.651949
19795 0.830428
19796 0.695394
19797 0.717266
19798 0.706402
19799 0.672888
19800 0.718036
19801 0.821101
19802 0.695006
19803 0.707496
19804 0.643789
19805 0.649855
19806 0.819123
19807 0.972587
19808 0.738679
19809 0.343591
19810 0.897266
19811 0.417514
19812 0.70654
19813 0.864218
19814 0.721206
19815 0.690265
19816 0.822671
19817 0.920493
19818 0.943689
19819 0.658668
19820 0.876193
19821 0.643727
19822 0.698679
19823 0.817866
19824 0.683275
19825 0.867953
19826 0.630383
19827 0.923552
19828 0.967292
19829 0.90087
19830 0.846126
19831 0.855081
19832 0.784692
19833 0.975783
19834 0.874463
19835 0.812805
19836 0.949021
19837 0.841524
19838 0.680363
19839 0.855394
19840 0.795242
19841 0.662228
19842 0.833188
19843 0.661833
19844 0.667514
19845 0.705424
19846 0.771741
19847 0.836739
19848 0.681998
19849 0.769701
19850 0.736516
19851 0.865151
19852 0.678809
19853 0.840618
19854 0.849937
19855 0.943063
19856 0.761433
19857 0.893217
19858 0.807956
19859 0.928472
19860 0.75679
19861 0.963166
19862 0.759296
19863 0.931047
19864 0.734105
19865 0.679906
19866 0.843265
19867 0.819434
19868 0.775488
19869 0.799364
19870 0.918729
19871 0.929194
19872 0.748694
19873 0.874881
19874 0.876084
19875 0.692777
19876 0.675695
19877 0.886146
19878 0.806861
19879 0.792715
19880 0.92234
19881 0.725074
19882 0.780557
19883 0.814336
19884 0.672615
19885 0.803039
19886 0.904103
19887 0.939497
19888 0.923154
19889 0.649599
19890 0.889749
19891 0.608535
19892 0.839815
19893 0.735828
19894 0.878432
19895 0.650994
19896 0.833226
19897 0.832005
19898 0.770657
19899 0.783813
19900 0.837374
19901 0.928884
19902 0.889992
19903 0.830147
19904 0.820495
19905 0.871043
19906 0.94193
19907 0.974375
19908 0.760395
19909 0.61457
19910 0.667928
19911 0.893033
19912 0.849774
19913 0.714524
19914 0.723334
19915 0.665565
19916 0.655351
19917 0.879141
19918 0.740968
19919 0.852901
19920 0.787491
19921 0.84664
19922 0.772651
19923 0.859164
19924 0.875686
19925 0.732304
19926 0.859781
19927 0.828458
19928 0.82894
19929 0.91529
19930 0.740145
19931 0.875631
19932 0.816584
19933 0.689825
19934 0.835314
19935 0.920649
19936 0.778077
19937 0.893534
19938 0.84435
19939 0.888946
19940 0.892936
19941 0.909203
19942 0.704983
19943 0.810367
19944 0.782854
19945 0.713831
19946 0.884601
19947 0.773684
19948 0.81194
19949 0.935657
19950 0.908348
19951 0.935928
19952 0.906713
19953 0.816838
19954 0.600982
19955 0.877218
19956 0.805424
19957 0.783704
19958 0.598642
19959 0.789546
19960 0.873117
19961 0.596692
19962 0.714897
19963 0.783231
19964 0.728367
19965 0.847625
19966 0.686047
19967 0.832383
19968 0.598497
19969 0.927226
19970 0.9216
19971 0.752717
19972 0.801276
19973 0.920548
19974 0.909572
19975 0.845884
19976 0.739026
19977 0.699363
19978 0.796769
19979 0.906528
19980 0.904147
19981 0.788773
19982 0.881121
19983 0.830153
19984 0.899619
19985 0.785177
19986 0.823197
19987 0.651381
19988 0.927666
19989 0.800575
19990 0.724212
19991 0.75165
19992 0.851382
19993 0.747206
19994 0.79945
19995 0.759718
19996 0.735522
19997 0.8438
19998 0.881585
19999 0.802198
20000 0.859031
20001 0.760527
20002 0.917358
20003 0.841263
20004 0.871878
20005 0.788176
20006 0.84526
20007 0.62993
20008 0.848452
20009 0.871511
20010 0.787672
20011 0.813162
20012 0.818323
20013 0.849256
20014 0.633544
20015 0.830548
20016 0.870548
20017 0.79744
20018 0.901686
20019 0.692355
20020 0.78193
20021 0.827265
20022 0.836582
20023 0.896399
20024 0.780251
20025 0.743969
20026 0.835207
20027 0.851484
20028 0.887265
20029 0.706773
20030 0.819611
20031 0.712895
20032 0.913789
20033 0.931535
20034 0.950191
20035 0.844812
20036 0.779432
20037 0.752307
20038 0.704737
20039 0.857126
20040 0.725949
20041 0.688199
20042 0.847498
20043 0.744486
20044 0.786828
20045 0.790535
20046 0.745148
20047 0.843403
20048 0.793227
20049 0.659826
20050 0.704433
20051 0.716624
20052 0.983487
20053 0.51614
20054 0.774232
20055 0.759239
20056 0.752176
20057 0.733465
20058 0.77439
20059 0.856179
20060 0.850067
20061 0.917761
20062 0.645808
20063 0.799552
20064 0.77342
20065 0.794336
20066 0.857631
20067 0.787721
20068 0.90539
20069 0.911977
20070 0.95174
20071 0.764943
20072 0.780775
20073 0.671414
20074 0.772943
20075 0.678247
20076 0.644336
20077 0.898091
20078 0.919208
20079 0.955175
20080 0.848115
20081 0.587484
20082 0.800804
20083 0.797095
20084 0.770838
20085 0.970834
20086 0.661218
20087 0.763306
20088 0.847973
20089 0.910136
20090 0.610237
20091 0.744929
20092 0.834772
20093 0.930403
20094 0.649478
20095 0.793745
20096 0.760668
20097 0.940959
20098 0.816715
20099 0.753085
20100 0.839825
20101 0.864908
20102 0.658911
20103 0.684425
20104 0.758529
20105 0.883361
20106 0.759266
20107 0.960661
20108 0.922135
20109 0.792223
20110 0.843962
20111 0.716833
20112 0.572677
20113 0.731576
20114 0.806199
20115 0.589982
20116 0.727661
20117 0.817627
20118 0.882017
20119 0.816822
20120 0.897963
20121 0.854115
20122 0.804576
20123 0.870251
20124 0.686603
20125 0.6347
20126 0.837338
20127 0.858558
20128 0.72156
20129 0.915233
20130 0.693554
20131 0.630946
20132 0.961037
20133 0.914781
20134 0.933392
20135 0.640433
20136 0.89436
20137 0.931013
20138 0.954274
20139 0.593567
20140 0.840065
20141 0.830134
20142 0.823082
20143 0.738235
20144 0.957074
20145 0.865357
20146 0.856655
20147 0.789732
20148 0.778158
20149 0.732652
20150 0.589144
20151 0.855439
20152 0.911535
20153 0.658128
20154 0.896611
20155 0.852355
20156 0.650865
20157 0.731081
20158 0.726973
20159 0.579368
20160 0.798755
20161 0.705646
20162 0.748497
20163 0.80904
20164 0.882874
20165 0.833017
20166 0.920736
20167 0.849076
20168 0.921255
20169 0.61599
20170 0.820261
20171 0.843886
20172 0.710518
20173 0.751851
20174 0.75131
20175 0.913186
20176 0.956337
20177 0.761173
20178 0.704083
20179 0.724592
20180 0.6251
20181 0.848136
20182 0.8923
20183 0.604993
20184 0.803776
20185 0.582524
20186 0.887202
20187 0.70534
20188 0.836054
20189 0.8353
20190 0.938984
20191 0.303585
20192 0.593638
20193 0.959657
20194 0.8345
20195 0.915313
20196 0.704273
20197 0.811614
20198 0.800037
20199 0.888564
20200 0.961523
20201 0.850899
20202 0.919677
20203 0.931283
20204 0.670643
20205 0.925286
20206 0.804038
20207 0.783428
20208 0.649898
20209 0.690304
20210 0.878343
20211 0.925672
20212 0.534469
20213 0.974795
20214 0.707274
20215 0.929714
20216 0.920507
20217 0.94787
20218 0.514843
20219 0.811119
20220 0.656098
20221 0.771823
20222 0.756514
20223 0.941468
20224 0.849702
20225 0.700569
20226 0.953036
20227 0.876075
20228 0.604515
20229 0.835967
20230 0.925049
20231 0.758907
20232 0.812236
20233 0.511502
20234 0.686185
20235 0.684876
20236 0.81844
20237 0.72845
20238 0.598659
20239 0.809146
20240 0.84747
20241 0.712639
20242 0.918165
20243 0.858
20244 0.518227
20245 0.978939
20246 0.912448
20247 0.749001
20248 0.907955
20249 0.782463
20250 0.654968
20251 0.86731
20252 0.688458
20253 0.759188
20254 0.886758
20255 0.610596
20256 0.588083
20257 0.826815
20258 0.936964
20259 0.733828
20260 0.797349
20261 0.798669
20262 0.896576
20263 0.719763
20264 0.90545
20265 0.617026
20266 0.855081
20267 0.778039
20268 0.861405
20269 0.855553
20270 0.71406
20271 0.82543
20272 0.766794
20273 0.805346
20274 0.681056
20275 0.928382
20276 0.642658
20277 0.773994
20278 0.908133
20279 0.941745
20280 0.872668
20281 0.963283
20282 0.721777
20283 0.74912
20284 0.936683
20285 0.944009
20286 0.761636
20287 0.913263
20288 0.645164
20289 0.798851
20290 0.61098
20291 0.891638
20292 0.881149
20293 0.848407
20294 0.916233
20295 0.979488
20296 0.654605
20297 0.89598
20298 0.830341
20299 0.891849
20300 0.940836
20301 0.677369
20302 0.93886
20303 0.808307
20304 0.807061
20305 0.679365
20306 0.831759
20307 0.9089
20308 0.643721
20309 0.910719
20310 0.710055
20311 0.84665
20312 0.746288
20313 0.77331
20314 0.842428
20315 0.840016
20316 0.868259
20317 0.955913
20318 0.934619
20319 0.901693
20320 0.578591
20321 0.786412
20322 0.89868
20323 0.533715
20324 0.927532
20325 0.914185
20326 0.855869
20327 0.967762
20328 0.890614
20329 0.810199
20330 0.60488
20331 0.877351
20332 0.93545
20333 0.887713
20334 0.845523
20335 0.785428
20336 0.554166
20337 0.857002
20338 0.963039
20339 0.659492
20340 0.947227
20341 0.856092
20342 0.768878
20343 0.924912
20344 0.623366
20345 0.864589
20346 0.746057
20347 0.826152
20348 0.670354
20349 0.814524
20350 0.913182
20351 0.894885
20352 0.960356
20353 0.764448
20354 0.748999
20355 0.806449
20356 0.681266
20357 0.736161
20358 0.837896
20359 0.907742
20360 0.69666
20361 0.809648
20362 0.770962
20363 0.798546
20364 0.83287
20365 0.957749
20366 0.742635
20367 0.950928
20368 0.824009
20369 0.720139
20370 0.826202
20371 0.922603
20372 0.904942
20373 0.95912
20374 0.731274
20375 0.89619
20376 0.663105
20377 0.676719
20378 0.761211
20379 0.659667
20380 0.751624
20381 0.845064
20382 0.664927
20383 0.823144
20384 0.807445
20385 0.824246
20386 0.941625
20387 0.936157
20388 0.956468
20389 0.810598
20390 0.729265
20391 0.765033
20392 0.553724
20393 0.916202
20394 0.889458
20395 0.856681
20396 0.850502
20397 0.844397
20398 0.583259
20399 0.928434
20400 0.896953
20401 0.931787
20402 0.901815
20403 0.75
20404 0.873086
20405 0.928127
20406 0.751447
20407 0.790657
20408 0.875529
20409 0.732134
20410 0.910006
20411 0.888907
20412 0.783124
20413 0.80676
20414 0.928678
20415 0.804659
20416 0.677019
20417 0.859167
20418 0.910088
20419 0.960525
20420 0.667592
20421 0.465969
20422 0.813282
20423 0.810122
20424 0.796278
20425 0.881746
20426 0.761102
20427 0.629366
20428 0.885513
20429 0.617741
20430 0.776667
20431 0.754884
20432 0.705646
20433 0.692994
20434 0.89781
20435 0.838617
20436 0.899731
20437 0.890428
20438 0.842132
20439 0.936693
20440 0.843098
20441 0.941549
20442 0.915851
20443 0.932477
20444 0.657607
20445 0.855065
20446 0.767316
20447 0.851175
20448 0.920892
20449 0.918507
20450 0.784536
20451 0.925243
20452 0.905699
20453 0.767724
20454 0.787601
20455 0.844924
20456 0.870367
20457 0.785761
20458 0.916141
20459 0.956032
20460 0.747554
20461 0.799378
20462 0.862714
20463 0.813112
20464 0.860449
20465 0.928849
20466 0.904978
20467 0.986489
20468 0.573007
20469 0.855752
20470 0.688939
20471 0.848885
20472 0.875027
20473 0.961265
20474 0.717127
20475 0.820736
20476 0.904395
20477 0.905728
20478 0.885298
20479 0.89584
20480 0.739024
20481 0.90877
20482 0.759657
20483 0.665496
20484 0.87
20485 0.929394
20486 0.888153
20487 0.819759
20488 0.720346
20489 0.753329
20490 0.87483
20491 0.717382
20492 0.689306
20493 0.675216
20494 0.854252
20495 0.86252
20496 0.649267
20497 0.780324
20498 0.899771
20499 0.952445
20500 0.760925
20501 0.94255
20502 0.97536
20503 0.907741
20504 0.89678
20505 0.831843
20506 0.879459
20507 0.900859
20508 0.71461
20509 0.834965
20510 0.791378
20511 0.93658
20512 0.827581
20513 0.666215
20514 0.888883
20515 0.882126
20516 0.909481
20517 0.839314
20518 0.963543
20519 0.964058
20520 0.933477
20521 0.913292
20522 0.893466
20523 0.961716
20524 0.829968
20525 0.874625
20526 0.746571
20527 0.73927
20528 0.699165
20529 0.587633
20530 0.990769
20531 0.79409
20532 0.819692
20533 0.822122
20534 0.710065
20535 0.782775
20536 0.734673
20537 0.868605
20538 0.736768
20539 0.707198
20540 0.924738
20541 0.792319
20542 0.890085
20543 0.699822
20544 0.824969
20545 0.904097
20546 0.787409
20547 0.728801
20548 0.716728
20549 0.767768
20550 0.864443
20551 0.914957
20552 0.717657
20553 0.770467
20554 0.741902
20555 0.91444
20556 0.820376
20557 0.752152
20558 0.546382
20559 0.846371
20560 0.796643
20561 0.762426
20562 0.697024
20563 0.665624
20564 0.769712
20565 0.76777
20566 0.716269
20567 0.740255
20568 0.68018
20569 0.73752
20570 0.802557
20571 0.801748
20572 0.754637
20573 0.694662
20574 0.709202
20575 0.794389
20576 0.817907
20577 0.751934
20578 0.84407
20579 0.724857
20580 0.836235
20581 0.752836
20582 0.959915
20583 0.665139
20584 0.616319
20585 0.637113
20586 0.804676
20587 0.640012
20588 0.827156
20589 0.658653
20590 0.61317
20591 0.85813
20592 0.664707
20593 0.889984
20594 0.671598
20595 0.776102
20596 0.806884
20597 0.879298
20598 0.844867
20599 0.842327
20600 0.942086
20601 0.803214
20602 0.8233
20603 0.771245
20604 0.935268
20605 0.95052
20606 0.893654
20607 0.845845
20608 0.971317
20609 0.804589
20610 0.784382
20611 0.812297
20612 0.831561
20613 0.771163
20614 0.834933
20615 0.883667
20616 0.65334
20617 0.842277
20618 0.846654
20619 0.84216
20620 0.700635
20621 0.767135
20622 0.835368
20623 0.797469
20624 0.872933
20625 0.618387
20626 0.841326
20627 0.858811
20628 0.659044
20629 0.723453
20630 0.931251
20631 0.738038
20632 0.784701
20633 0.98564
20634 0.616096
20635 0.720531
20636 0.7754
20637 0.785142
20638 0.87562
20639 0.913433
20640 0.942399
20641 0.816432
20642 0.633671
20643 0.915647
20644 0.685048
20645 0.827633
20646 0.980745
20647 0.850472
20648 0.725735
20649 0.851234
20650 0.858983
20651 0.813238
20652 0.873353
20653 0.707401
20654 0.761405
20655 0.72844
20656 0.881941
20657 0.813827
20658 0.871223
20659 0.907615
20660 0.868796
20661 0.741393
20662 0.719604
20663 0.887828
20664 0.621577
20665 0.793047
20666 0.829306
20667 0.815913
20668 0.579948
20669 0.819401
20670 0.820856
20671 0.996202
20672 0.881538
20673 0.636195
20674 0.936412
20675 0.794019
20676 0.871716
20677 0.967685
20678 0.785764
20679 0.973677
20680 0.788361
20681 0.947208
20682 0.586354
20683 0.774847
20684 0.890385
20685 0.948273
20686 0.819527
20687 0.822516
20688 0.6627
20689 0.801635
20690 0.733782
20691 0.967501
20692 0.749895
20693 0.773179
20694 0.846579
20695 0.677824
20696 0.760386
20697 0.841401
20698 0.81373
20699 0.576959
20700 0.841238
20701 0.559883
20702 0.971816
20703 0.73653
20704 0.766008
20705 0.934034
20706 0.836225
20707 0.809059
20708 0.809096
20709 0.665943
20710 0.790185
20711 0.870009
20712 0.668561
20713 0.706842
20714 0.683841
20715 0.475121
20716 0.647294
20717 0.820107
20718 0.695689
20719 0.968746
20720 0.641527
20721 0.811398
20722 0.843806
20723 0.859742
20724 0.777341
20725 0.680037
20726 0.773014
20727 0.823812
20728 0.823379
20729 0.731709
20730 0.772967
20731 0.727999
20732 0.775119
20733 0.714824
20734 0.929873
20735 0.829199
20736 0.687961
20737 0.913551
20738 0.918673
20739 0.723213
20740 0.976434
20741 0.850535
20742 0.72768
20743 0.572827
20744 0.838664
20745 0.750586
20746 0.70486
20747 0.771945
20748 0.878027
20749 0.872907
20750 0.688986
20751 0.911384
20752 0.621322
20753 0.790512
20754 0.943636
20755 0.870237
20756 0.844978
20757 0.820723
20758 0.633156
20759 0.863573
20760 0.771076
20761 0.72983
20762 0.703604
20763 0.857334
20764 0.884469
20765 0.879674
20766 0.877262
20767 0.885159
20768 0.767038
20769 0.93447
20770 0.764485
20771 0.752867
20772 0.790489
20773 0.777323
20774 0.810693
20775 0.639749
20776 0.611073
20777 0.884711
20778 0.932708
20779 0.953763
20780 0.811065
20781 0.919647
20782 0.660243
20783 0.772106
20784 0.56755
20785 0.915444
20786 0.864491
20787 0.838828
20788 0.808289
20789 0.722734
20790 0.827389
20791 0.67241
20792 0.74049
20793 0.94391
20794 0.838052
20795 0.876024
20796 0.846502
20797 0.808169
20798 0.638043
20799 0.864422
20800 0.947296
20801 0.812221
20802 0.71929
20803 0.879564
20804 0.739895
20805 0.831431
20806 0.775601
20807 0.903864
20808 0.86551
20809 0.86257
20810 0.901777
20811 0.845517
20812 0.778537
20813 0.673771
20814 0.801071
20815 0.61742
20816 0.760178
20817 0.928834
20818 0.880811
20819 0.831052
20820 0.838551
20821 0.80269
20822 0.786419
20823 0.66393
20824 0.76576
20825 0.814852
20826 0.748154
20827 0.724097
20828 0.880272
20829 0.937876
20830 0.896355
20831 0.757484
20832 0.631213
20833 0.56896
20834 0.856333
20835 0.672795
20836 0.677294
20837 0.640019
20838 0.865551
20839 0.746648
20840 0.735184
20841 0.760395
20842 0.871227
20843 0.887832
20844 0.913209
20845 0.846643
20846 0.804672
20847 0.72179
20848 0.890896
20849 0.776951
20850 0.697693
20851 0.88984
20852 0.689849
20853 0.620519
20854 0.817556
20855 0.823415
20856 0.752375
20857 0.791684
20858 0.905644
20859 0.775529
20860 0.809446
20861 0.856907
20862 0.735938
20863 0.564136
20864 0.722358
20865 0.728174
20866 0.83081
20867 0.75916
20868 0.712027
20869 0.790821
20870 0.803363
20871 0.59661
20872 0.557983
20873 0.731268
20874 0.658336
20875 0.724113
20876 0.834879
20877 0.866238
20878 0.779166
20879 0.546407
20880 0.785767
20881 0.919939
20882 0.687974
20883 0.697296
20884 0.64985
20885 0.901893
20886 0.698211
20887 0.871045
20888 0.727985
20889 0.754181
20890 0.830487
20891 0.716583
20892 0.758022
20893 0.790047
20894 0.847387
20895 0.842933
20896 0.620543
20897 0.608757
20898 0.880279
20899 0.931821
20900 0.824317
20901 0.822414
20902 0.933065
20903 0.717209
20904 0.828058
20905 0.813064
20906 0.955651
20907 0.964355
20908 0.697122
20909 0.785207
20910 0.861105
20911 0.76552
20912 0.850429
20913 0.750565
20914 0.865119
20915 0.771349
20916 0.882751
20917 0.689615
20918 0.931637
20919 0.621619
20920 0.795911
20921 0.606642
20922 0.908779
20923 0.929987
20924 0.742526
20925 0.744996
20926 0.705979
20927 0.608541
20928 0.983068
20929 0.594518
20930 0.733415
20931 0.499557
20932 0.746597
20933 0.882804
20934 0.757799
20935 0.738011
20936 0.961601
20937 0.856782
20938 0.642626
20939 0.709063
20940 0.691433
20941 0.731289
20942 0.779888
20943 0.708626
20944 0.779834
20945 0.604903
20946 0.815739
20947 0.629175
20948 0.582998
20949 0.860837
20950 0.691416
20951 0.767341
20952 0.839281
20953 0.775034
20954 0.694314
20955 0.755123
20956 0.581521
20957 0.649416
20958 0.803133
20959 0.781831
20960 0.751589
20961 0.844695
20962 0.905357
20963 0.555932
20964 0.725527
20965 0.912825
20966 0.671815
20967 0.960286
20968 0.808234
20969 0.722784
20970 0.726226
20971 0.844474
20972 0.823064
20973 0.890081
20974 0.768228
20975 0.939613
20976 0.698231
20977 0.881019
20978 0.857662
20979 0.935626
20980 0.852351
20981 0.599943
20982 0.492736
20983 0.751128
20984 0.719988
20985 0.878577
20986 0.905409
20987 0.958332
20988 0.869445
20989 0.650999
20990 0.697455
20991 0.7864
20992 0.908703
20993 0.6903
20994 0.880618
20995 0.700945
20996 0.865587
20997 0.739716
20998 0.648822
20999 0.794498
21000 0.610416
21001 0.583229
21002 0.680256
21003 0.522478
21004 0.831088
21005 0.584752
21006 0.859102
21007 0.820863
21008 0.872036
21009 0.889656
21010 0.928717
21011 0.919546
21012 0.742975
21013 0.64591
21014 0.886095
21015 0.600605
21016 0.930308
21017 0.825442
21018 0.59337
21019 0.905783
21020 0.718167
21021 0.759086
21022 0.633868
21023 0.638989
21024 0.830031
21025 0.822427
21026 0.794865
21027 0.714097
21028 0.807333
21029 0.614809
21030 0.82169
21031 0.663917
21032 0.875634
21033 0.78747
21034 0.780314
21035 0.571154
21036 0.643344
21037 0.856394
21038 0.595244
21039 0.880852
21040 0.889466
21041 0.959363
21042 0.833571
21043 0.825286
21044 0.620695
21045 0.898438
21046 0.948733
21047 0.681422
21048 0.659266
21049 0.904942
21050 0.74833
21051 0.681378
21052 0.761741
21053 0.824571
21054 0.742262
21055 0.944169
21056 0.771036
21057 0.779172
21058 0.716012
21059 0.884129
21060 0.963272
21061 0.801903
21062 0.833917
21063 0.882957
21064 0.541502
21065 0.818769
21066 0.720723
21067 0.739695
21068 0.943031
21069 0.665846
21070 0.90678
21071 0.654821
21072 0.828657
21073 0.891073
21074 0.764156
21075 0.766635
21076 0.71114
21077 0.762549
21078 0.768178
21079 0.841735
21080 0.764138
21081 0.835186
21082 0.741745
21083 0.694835
21084 0.684319
21085 0.761168
21086 0.419685
21087 0.826845
21088 0.938343
21089 0.660561
21090 0.912263
21091 0.660168
21092 0.78005
21093 0.779462
21094 0.983604
21095 0.927819
21096 0.77696
21097 0.833958
21098 0.812766
21099 0.777119
21100 0.791808
21101 0.896825
21102 0.70241
21103 0.675029
21104 0.798391
21105 0.777266
21106 0.652718
21107 0.782999
21108 0.890029
21109 0.648923
21110 0.666376
21111 0.674185
21112 0.881107
21113 0.559912
21114 0.685138
21115 0.93074
21116 0.789042
21117 0.633762
21118 0.850858
21119 0.823708
21120 0.837993
21121 0.862308
21122 0.785276
21123 0.747928
21124 0.791936
21125 0.710119
21126 0.791893
21127 0.796257
21128 0.730276
21129 0.847422
21130 0.805376
21131 0.758243
21132 0.744031
21133 0.735854
21134 0.936324
21135 0.769823
21136 0.656452
21137 0.828278
21138 0.70373
21139 0.794898
21140 0.688548
21141 0.536835
21142 0.869439
21143 0.802445
21144 0.77784
21145 0.618123
21146 0.833235
21147 0.736683
21148 0.834233
21149 0.848768
21150 0.690426
21151 0.790257
21152 0.789303
21153 0.709322
21154 0.717691
21155 0.642935
21156 0.937739
21157 0.73986
21158 0.919792
21159 0.796167
21160 0.620225
21161 0.919062
21162 0.779453
21163 0.641294
21164 0.760095
21165 0.638123
21166 0.718394
21167 0.768575
21168 0.749613
21169 0.870114
21170 0.785852
21171 0.729626
21172 0.795671
21173 0.882426
21174 0.720958
21175 0.64766
21176 0.79932
21177 0.701192
21178 0.871962
21179 0.665505
21180 0.855151
21181 0.692458
21182 0.74893
21183 0.66989
21184 0.83127
21185 0.71829
21186 0.732848
21187 0.785656
21188 0.792351
21189 0.747463
21190 0.863864
21191 0.96533
21192 0.63709
21193 0.873623
21194 0.788733
21195 0.704921
21196 0.719885
21197 0.706809
21198 0.820693
21199 0.70725
21200 0.8759
21201 0.782349
21202 0.833621
21203 0.891675
21204 0.83258
21205 0.847708
21206 0.704589
21207 0.929491
21208 0.722861
21209 0.870464
21210 0.766685
21211 0.787079
21212 0.475614
21213 0.832443
21214 0.820408
21215 0.654738
21216 0.781572
21217 0.806109
21218 0.663514
21219 0.658171
21220 0.874878
21221 0.625413
21222 0.728396
21223 0.936611
21224 0.685996
21225 0.93207
21226 0.708645
21227 0.736747
21228 0.932558
21229 0.825929
21230 0.879889
21231 0.823514
21232 0.813864
21233 0.775949
21234 0.827031
21235 0.866045
21236 0.896651
21237 0.707399
21238 0.766908
21239 0.830741
21240 0.901963
21241 0.754061
21242 0.852335
21243 0.686728
21244 0.701119
21245 0.77211
21246 0.874257
21247 0.786118
21248 0.742943
21249 0.811326
21250 0.905501
21251 0.700583
21252 0.926767
21253 0.767132
21254 0.740037
21255 0.822568
21256 0.780309
21257 0.923506
21258 0.854481
21259 0.592298
21260 0.758767
21261 0.826898
21262 0.742266
21263 0.779492
21264 0.81366
21265 0.871195
21266 0.92052
21267 0.722774
21268 0.981954
21269 0.526081
21270 0.916619
21271 0.787
21272 0.930449
21273 0.784525
21274 0.864955
21275 0.75859
21276 0.799832
21277 0.800388
21278 0.744906
21279 0.770426
21280 0.719662
21281 0.725413
21282 0.885396
21283 0.838131
21284 0.73162
21285 0.840002
21286 0.889063
21287 0.883103
21288 0.582744
21289 0.476338
21290 0.918353
21291 0.93516
21292 0.785797
21293 0.684738
21294 0.800364
21295 0.674207
21296 0.850303
21297 0.759594
21298 0.67321
21299 0.509617
21300 0.888209
21301 0.714083
21302 0.579094
21303 0.623058
21304 0.676774
21305 0.749328
21306 0.858343
21307 0.677434
21308 0.574693
21309 0.769998
21310 0.748264
21311 0.793605
21312 0.722659
21313 0.728887
21314 0.747895
21315 0.984297
21316 0.608865
21317 0.707254
21318 0.917939
21319 0.765209
21320 0.764236
21321 0.843794
21322 0.83774
21323 0.856379
21324 0.829737
21325 0.726132
21326 0.739757
21327 0.969366
21328 0.746034
21329 0.767399
21330 0.800256
21331 0.878951
21332 0.671113
21333 0.781089
21334 0.964015
21335 0.602961
21336 0.737966
21337 0.754877
21338 0.904543
21339 0.760226
21340 0.8442
21341 0.772756
21342 0.820351
21343 0.708467
21344 0.658102
21345 0.805877
21346 0.776509
21347 0.869335
21348 0.821221
21349 0.647412
21350 0.693908
21351 0.635535
21352 0.66808
21353 0.705645
21354 0.655988
21355 0.831374
21356 0.819098
21357 0.849478
21358 0.790584
21359 0.718332
21360 0.81462
21361 0.691576
21362 0.754463
21363 0.84486
21364 0.777277
21365 0.787602
21366 0.786756
21367 0.683704
21368 0.791358
21369 0.753863
21370 0.756133
21371 0.94486
21372 0.874555
21373 0.915501
21374 0.734771
21375 0.675093
21376 0.872788
21377 0.818973
21378 0.688704
21379 0.868515
21380 0.549831
21381 0.915458
21382 0.789453
21383 0.726145
21384 0.913018
21385 0.744186
21386 0.789629
21387 0.844897
21388 0.822736
21389 0.760417
21390 0.836757
21391 0.783974
21392 0.739014
21393 0.760603
21394 0.628631
21395 0.762774
21396 0.768009
21397 0.801896
21398 0.861819
21399 0.889609
21400 0.76784
21401 0.832855
21402 0.755386
21403 0.843307
21404 0.632889
21405 0.588212
21406 0.70768
21407 0.732409
21408 0.807134
21409 0.785122
21410 0.438379
21411 0.873842
21412 0.747705
21413 0.669851
21414 0.709429
21415 0.92962
21416 0.675128
21417 0.734883
21418 0.62878
21419 0.861372
21420 0.755156
21421 0.837951
21422 0.906369
21423 0.784267
21424 0.790669
21425 0.810973
21426 0.617869
21427 0.810985
21428 0.891215
21429 0.852747
21430 0.896775
21431 0.876866
21432 0.810926
21433 0.666715
21434 0.737217
21435 0.896547
21436 0.634491
21437 0.870668
21438 0.792358
21439 0.836217
21440 0.771227
21441 0.692418
21442 0.751195
21443 0.761624
21444 0.888656
21445 0.68244
21446 0.721859
21447 0.626701
21448 0.78551
21449 0.8616
21450 0.484991
21451 0.592337
21452 0.675159
21453 0.652409
21454 0.915493
21455 0.845166
21456 0.891197
21457 0.808175
21458 0.897717
21459 0.81207
21460 0.697408
21461 0.830815
21462 0.705833
21463 0.701584
21464 0.926198
21465 0.643991
21466 0.824336
21467 0.896143
21468 0.839741
21469 0.797667
21470 0.747676
21471 0.812169
21472 0.771795
21473 0.682154
21474 0.873708
21475 0.773563
21476 0.955651
21477 0.848084
21478 0.794186
21479 0.678004
21480 0.721383
21481 0.793675
21482 0.780404
21483 0.865605
21484 0.920947
21485 0.828373
21486 0.765129
21487 0.789345
21488 0.743329
21489 0.836637
21490 0.788912
21491 0.931834
21492 0.761666
21493 0.908228
21494 0.712005
21495 0.695684
21496 0.796248
21497 0.522839
21498 0.850837
21499 0.609409
21500 0.9612
21501 0.676263
21502 0.817798
21503 0.968448
21504 0.961168
21505 0.76379
21506 0.854117
21507 0.789283
21508 0.836645
21509 0.797727
21510 0.914358
21511 0.672149
21512 0.89797
21513 0.629717
21514 0.754486
21515 0.921574
21516 0.602669
21517 0.4296
21518 0.695807
21519 0.729898
21520 0.891638
21521 0.718123
21522 0.646718
21523 0.926712
21524 0.71256
21525 0.883658
21526 0.724942
21527 0.738898
21528 0.841659
21529 0.874759
21530 0.732643
21531 0.619895
21532 0.667058
21533 0.918565
21534 0.950032
21535 0.843671
21536 0.652351
21537 0.925926
21538 0.668854
21539 0.846374
21540 0.562653
21541 0.90654
21542 0.816067
21543 0.721107
21544 0.858297
21545 0.655306
21546 0.869499
21547 0.925799
21548 0.78073
21549 0.751767
21550 0.748447
21551 0.729826
21552 0.80523
21553 0.729122
21554 0.73853
21555 0.757406
21556 0.204541
21557 0.739476
21558 0.864052
21559 0.881536
21560 0.752257
21561 0.750259
21562 0.793853
21563 0.841532
21564 0.856407
21565 0.60946
21566 0.659175
21567 0.794895
21568 0.758885
21569 0.863988
21570 0.883849
21571 0.868901
21572 0.733556
21573 0.853512
21574 0.742298
21575 0.787203
21576 0.957288
21577 0.917718
21578 0.831005
21579 0.940104
21580 0.681322
21581 0.914559
21582 0.862044
21583 0.700093
21584 0.843575
21585 0.733697
21586 0.696668
21587 0.904379
21588 0.834783
21589 0.867639
21590 0.632244
21591 0.850418
21592 0.876539
21593 0.778856
21594 0.800473
21595 0.913203
21596 0.790561
21597 0.866978
21598 0.77587
21599 0.660646
21600 0.833348
21601 0.779229
21602 0.770189
21603 0.703755
21604 0.943169
21605 0.671398
21606 0.605562
21607 0.75578
21608 0.844903
21609 0.779094
21610 0.678063
21611 0.689101
21612 0.795594
21613 0.709131
21614 0.627697
21615 0.889955
21616 0.754407
21617 0.718012
21618 0.732324
21619 0.933528
21620 0.922627
21621 0.72845
21622 0.851214
21623 0.805159
21624 0.882631
21625 0.729231
21626 0.710398
21627 0.638727
21628 0.857273
21629 0.69214
21630 0.924405
21631 0.822968
21632 0.933902
21633 0.761108
21634 0.871128
21635 0.77511
21636 0.895121
21637 0.834126
21638 0.60001
21639 0.80781
21640 0.636771
21641 0.921021
21642 0.74989
21643 0.816137
21644 0.78586
21645 0.894017
21646 0.715748
21647 0.812232
21648 0.842063
21649 0.714928
21650 0.843115
21651 0.762333
21652 0.696908
21653 0.713092
21654 0.710084
21655 0.825959
21656 0.947405
21657 0.647481
21658 0.650011
21659 0.884859
21660 0.60877
21661 0.793904
21662 0.829583
21663 0.860923
21664 0.80067
21665 0.728219
21666 0.926504
21667 0.77843
21668 0.709272
21669 0.856452
21670 0.708902
21671 0.833179
21672 0.950129
21673 0.830773
21674 0.539101
21675 0.882523
21676 0.785975
21677 0.899007
21678 0.573983
21679 0.847102
21680 0.903328
21681 0.73709
21682 0.736922
21683 0.654529
21684 0.785716
21685 0.881298
21686 0.929752
21687 0.833602
21688 0.805449
21689 0.748408
21690 0.937199
21691 0.707814
21692 0.946487
21693 0.72285
21694 0.720239
21695 0.900017
21696 0.939501
21697 0.961235
21698 0.893912
21699 0.909981
21700 0.900725
21701 0.790042
21702 0.728611
21703 0.905271
21704 0.973452
21705 0.87905
21706 0.731162
21707 0.939269
21708 0.636084
21709 0.612293
21710 0.863717
21711 0.641879
21712 0.845041
21713 0.795888
21714 0.9384
21715 0.870475
21716 0.788122
21717 0.864095
21718 0.950748
21719 0.83177
21720 0.838304
21721 0.631568
21722 0.703323
21723 0.760382
21724 0.744545
21725 0.921534
21726 0.770328
21727 0.788285
21728 0.869563
21729 0.857325
21730 0.904738
21731 0.669388
21732 0.709376
21733 0.801305
21734 0.880153
21735 0.832639
21736 0.763789
21737 0.919718
21738 0.89132
21739 0.832077
21740 0.895369
21741 0.916903
21742 0.903574
21743 0.775026
21744 0.703728
21745 0.908096
21746 0.628556
21747 0.884722
21748 0.817435
21749 0.879994
21750 0.9026
21751 0.502944
21752 0.686308
21753 0.943648
21754 0.87085
21755 0.741223
21756 0.797489
21757 0.850354
21758 0.752672
21759 0.856166
21760 0.831362
21761 0.918214
21762 0.812287
21763 0.566074
21764 0.700162
21765 0.722834
21766 0.901612
21767 0.79345
21768 0.781637
21769 0.72876
21770 0.861283
21771 0.685194
21772 0.836307
21773 0.760574
21774 0.761686
21775 0.889813
21776 0.672461
21777 0.896615
21778 0.797646
21779 0.671384
21780 0.909042
21781 0.899042
21782 0.822644
21783 0.747335
21784 0.691029
21785 0.740543
21786 0.898085
21787 0.680807
21788 0.743048
21789 0.881124
21790 0.765918
21791 0.885853
21792 0.73723
21793 0.913328
21794 0.704804
21795 0.921963
21796 0.803079
21797 0.929824
21798 0.74273
21799 0.820973
21800 0.634332
21801 0.893333
21802 0.733945
21803 0.755329
21804 0.791349
21805 0.985489
21806 0.852478
21807 0.844144
21808 0.853573
21809 0.764695
21810 0.806895
21811 0.717036
21812 0.713695
21813 0.767495
21814 0.750253
21815 0.712791
21816 0.668418
21817 0.751092
21818 0.771015
21819 0.814316
21820 0.793364
21821 0.775518
21822 0.687992
21823 0.523989
21824 0.88548
21825 0.696095
21826 0.688913
21827 0.749434
21828 0.610442
21829 0.669004
21830 0.718045
21831 0.724055
21832 0.783561
21833 0.701754
21834 0.826325
21835 0.655339
21836 0.833943
21837 0.721998
21838 0.723289
21839 0.749137
21840 0.779668
21841 0.944496
21842 0.607798
21843 0.846365
21844 0.843918
21845 0.767705
21846 0.798767
21847 0.733916
21848 0.770548
21849 0.909146
21850 0.847459
21851 0.699686
21852 0.701551
21853 0.776661
21854 0.76732
21855 0.754558
21856 0.987022
21857 0.673392
21858 0.713173
21859 0.865231
21860 0.663303
21861 0.779954
21862 0.928155
21863 0.674886
21864 0.755259
21865 0.647833
21866 0.726236
21867 0.754782
21868 0.878764
21869 0.7468
21870 0.717975
21871 0.80888
21872 0.759322
21873 0.70735
21874 0.704665
21875 0.616443
21876 0.702146
21877 0.761289
21878 0.784632
21879 0.854952
21880 0.735711
21881 0.854871
21882 0.78521
21883 0.848203
21884 0.769485
21885 0.609388
21886 0.693101
21887 0.591231
21888 0.794948
21889 0.759574
21890 0.868339
21891 0.81832
21892 0.729824
21893 0.863648
21894 0.826513
21895 0.921214
21896 0.786828
21897 0.751346
21898 0.824119
21899 0.687229
21900 0.753869
21901 0.926221
21902 0.83447
21903 0.673879
21904 0.93019
21905 0.833729
21906 0.799081
21907 0.749361
21908 0.83855
21909 0.732842
21910 0.844522
21911 0.715945
21912 0.794205
21913 0.84415
21914 0.737611
21915 0.798311
21916 0.628182
21917 0.764132
21918 0.809073
21919 0.799972
21920 0.845288
21921 0.630262
21922 0.805429
21923 0.855119
21924 0.835723
21925 0.740705
21926 0.72382
21927 0.848279
21928 0.656544
21929 0.742627
21930 0.591974
21931 0.832736
21932 0.7579
21933 0.89576
21934 0.698677
21935 0.856069
21936 0.768263
21937 0.690922
21938 0.92071
21939 0.726738
21940 0.892312
21941 0.897604
21942 0.84793
21943 0.833979
21944 0.754489
21945 0.658963
21946 0.718074
21947 0.562255
21948 0.776409
21949 0.680913
21950 0.823209
21951 0.784462
21952 0.903803
21953 0.773105
21954 0.805041
21955 0.682181
21956 0.770376
21957 0.91414
21958 0.801956
21959 0.753253
21960 0.586346
21961 0.883805
21962 0.743089
21963 0.914324
21964 0.756847
21965 0.809511
21966 0.856085
21967 0.67205
21968 0.889327
21969 0.742711
21970 0.650482
21971 0.667165
21972 0.799419
21973 0.956723
21974 0.906904
21975 0.685991
21976 0.75237
21977 0.836497
21978 0.827109
21979 0.529391
21980 0.822536
21981 0.766227
21982 0.597926
21983 0.807896
21984 0.902367
21985 0.904188
21986 0.728225
21987 0.721652
21988 0.653675
21989 0.675882
21990 0.898254
21991 0.735226
21992 0.548429
21993 0.653996
21994 0.720897
21995 0.954461
21996 0.916111
21997 0.7124
21998 0.673992
21999 0.800766
22000 0.848835
22001 0.725728
22002 0.946297
22003 0.675453
22004 0.806789
22005 0.648185
22006 0.833137
22007 0.734208
22008 0.817297
22009 0.974415
22010 0.668543
22011 0.733613
22012 0.825104
22013 0.811701
22014 0.746465
22015 0.866592
22016 0.816188
22017 0.638656
22018 0.764212
22019 0.638978
22020 0.830803
22021 0.779824
22022 0.915971
22023 0.921161
22024 0.747355
22025 0.892097
22026 0.801898
22027 0.805778
22028 0.836239
22029 0.896076
22030 0.733229
22031 0.611751
22032 0.885273
22033 0.781565
22034 0.751811
22035 0.829312
22036 0.654384
22037 0.746461
22038 0.930187
22039 0.622624
22040 0.828738
22041 0.721266
22042 0.647379
22043 0.968133
22044 0.751213
22045 0.805725
22046 0.797372
22047 0.811637
22048 0.949543
22049 0.941325
22050 0.639029
22051 0.68274
22052 0.866396
22053 0.805934
22054 0.597569
22055 0.734638
22056 0.833552
22057 0.667631
22058 0.588357
22059 0.956391
22060 0.896092
22061 0.646505
22062 0.761601
22063 0.773547
22064 0.825697
22065 0.829726
22066 0.676695
22067 0.727212
22068 0.769388
22069 0.943586
22070 0.856737
22071 0.869733
22072 0.858141
22073 0.706206
22074 0.826635
22075 0.716673
22076 0.906218
22077 0.616433
22078 0.722759
22079 0.841786
22080 0.685761
22081 0.565667
22082 0.776236
22083 0.520115
22084 0.702139
22085 0.574929
22086 0.576668
22087 0.643659
22088 0.678522
22089 0.584462
22090 0.849946
22091 0.790391
22092 0.685435
22093 0.861036
22094 0.671831
22095 0.717538
22096 0.913646
22097 0.747542
22098 0.761099
22099 0.863894
22100 0.807149
22101 0.732084
22102 0.933454
22103 0.892925
22104 0.637624
22105 0.745491
22106 0.920459
22107 0.812375
22108 0.715593
22109 0.659924
22110 0.792009
22111 0.840076
22112 0.832945
22113 0.671698
22114 0.909042
22115 0.836024
22116 0.880931
22117 0.844081
22118 0.863132
22119 0.634519
22120 0.709167
22121 0.602164
22122 0.692399
22123 0.677908
22124 0.816661
22125 0.967628
22126 0.955668
22127 0.729343
22128 0.912412
22129 0.735125
22130 0.65736
22131 0.829292
22132 0.921705
22133 0.854088
22134 0.855835
22135 0.825287
22136 0.844452
22137 0.750004
22138 0.823407
22139 0.712493
22140 0.806638
22141 0.900957
22142 0.778701
22143 0.772717
22144 0.58854
22145 0.8186
22146 0.674474
22147 0.653331
22148 0.693785
22149 0.991359
22150 0.923488
22151 0.820116
22152 0.685795
22153 0.734357
22154 0.687764
22155 0.910639
22156 0.762488
22157 0.742523
22158 0.668925
22159 0.782979
22160 0.490448
22161 0.742017
22162 0.903737
22163 0.556496
22164 0.693592
22165 0.817176
22166 0.849637
22167 0.683652
22168 0.721441
22169 0.781083
22170 0.724954
22171 0.710109
22172 0.714067
22173 0.872117
22174 0.674943
22175 0.741958
22176 0.713434
22177 0.790195
22178 0.755571
22179 0.817197
22180 0.911942
22181 0.883897
22182 0.765005
22183 0.86235
22184 0.805789
22185 0.882461
22186 0.834571
22187 0.632889
22188 0.704949
22189 0.728338
22190 0.691358
22191 0.923111
22192 0.830941
22193 0.922086
22194 0.773418
22195 0.825849
22196 0.752544
22197 0.782812
22198 0.885083
22199 0.617891
22200 0.943615
22201 0.916393
22202 0.55785
22203 0.751624
22204 0.655586
22205 0.84219
22206 0.723161
22207 0.793977
22208 0.887365
22209 0.688362
22210 0.662958
22211 0.918206
22212 0.850833
22213 0.621281
22214 0.920054
22215 0.785704
22216 0.811775
22217 0.925347
22218 0.690035
22219 0.779409
22220 0.969503
22221 0.93958
22222 0.844601
22223 0.91077
22224 0.662258
22225 0.877127
22226 0.685542
22227 0.803346
22228 0.703346
22229 0.822093
22230 0.91311
22231 0.961925
22232 0.738446
22233 0.823139
22234 0.748094
22235 0.954182
22236 0.85371
22237 0.67421
22238 0.920512
22239 0.932974
22240 0.754446
22241 0.751215
22242 0.729463
22243 0.733623
22244 0.655837
22245 0.885361
22246 0.88191
22247 0.793272
22248 0.76952
22249 0.556128
22250 0.870781
22251 0.744155
22252 0.848148
22253 0.63609
22254 0.713783
22255 0.793903
22256 0.936542
22257 0.885843
22258 0.956794
22259 0.872674
22260 0.859564
22261 0.77885
22262 0.831178
22263 0.811886
22264 0.751078
22265 0.835438
22266 0.78636
22267 0.714284
22268 0.907902
22269 0.978513
22270 0.752961
22271 0.66033
22272 0.74051
22273 0.685857
22274 0.756925
22275 0.739987
22276 0.688813
22277 0.830515
22278 0.777639
22279 0.734566
22280 0.866675
22281 0.821973
22282 0.901509
22283 0.730402
22284 0.939365
22285 0.876657
22286 0.822099
22287 0.697442
22288 0.73065
22289 0.797489
22290 0.85396
22291 0.864878
22292 0.71473
22293 0.721651
22294 0.900688
22295 0.914187
22296 0.814484
22297 0.702959
22298 0.688692
22299 0.446515
22300 0.852072
22301 0.756763
22302 0.792317
22303 0.890973
22304 0.83796
22305 0.866662
22306 0.707426
22307 0.820073
22308 0.8257
22309 0.90899
22310 0.87319
22311 0.806508
22312 0.605818
22313 0.923631
22314 0.658158
22315 0.766881
22316 0.85382
22317 0.748401
22318 0.820492
22319 0.954199
22320 0.742638
22321 0.65048
22322 0.727384
22323 0.714477
22324 0.665129
22325 0.895835
22326 0.727551
22327 0.756361
22328 0.681438
22329 0.804523
22330 0.866953
22331 0.785303
22332 0.834464
22333 0.864539
22334 0.79833
22335 0.659805
22336 0.785709
22337 0.814371
22338 0.892768
22339 0.717334
22340 0.567509
22341 0.887431
22342 0.75806
22343 0.783542
22344 0.661809
22345 0.686598
22346 0.855599
22347 0.612846
22348 0.859097
22349 0.707136
22350 0.680826
22351 0.79236
22352 0.704803
22353 0.776479
22354 0.809011
22355 0.864198
22356 0.775363
22357 0.732518
22358 0.948568
22359 0.787565
22360 0.673135
22361 0.571357
22362 0.802863
22363 0.758206
22364 0.841195
22365 0.637794
22366 0.675097
22367 0.852289
22368 0.896797
22369 0.843795
22370 0.850386
22371 0.805488
22372 0.743903
22373 0.759003
22374 0.747284
22375 0.881365
22376 0.852016
22377 0.887328
22378 0.750124
22379 0.92257
22380 0.942788
22381 0.86941
22382 0.739058
22383 0.822456
22384 0.866619
22385 0.790554
22386 0.79055
22387 0.728607
22388 0.860087
22389 0.871302
22390 0.815113
22391 0.774832
22392 0.777776
22393 0.802724
22394 0.67106
22395 0.6753
22396 0.783978
22397 0.923922
22398 0.763048
22399 0.766306
22400 0.950241
22401 0.834395
22402 0.844809
22403 0.632502
22404 0.737931
22405 0.613765
22406 0.781886
22407 0.823901
22408 0.869503
22409 0.877586
22410 0.510562
22411 0.621006
22412 0.86144
22413 0.512681
22414 0.82262
22415 0.767797
22416 0.874903
22417 0.908421
22418 0.865014
22419 0.740766
22420 0.77966
22421 0.672765
22422 0.670088
22423 0.929163
22424 0.855062
22425 0.771531
22426 0.883317
22427 0.962064
22428 0.817636
22429 0.905147
22430 0.701484
22431 0.921049
22432 0.790661
22433 0.818877
22434 0.809089
22435 0.804554
22436 0.678569
22437 0.75761
22438 0.779918
22439 0.905778
22440 0.633975
22441 0.911365
22442 0.839637
22443 0.652057
22444 0.874487
22445 0.892626
22446 0.73294
22447 0.604714
22448 0.910636
22449 0.792066
22450 0.719965
22451 0.854969
22452 0.888294
22453 0.755339
22454 0.821036
22455 0.918405
22456 0.81493
22457 0.610187
22458 0.994713
22459 0.654489
22460 0.655055
22461 0.845246
22462 0.913595
22463 0.948156
22464 0.829578
22465 0.397017
22466 0.811457
22467 0.747129
22468 0.871871
22469 0.779922
22470 0.863269
22471 0.787065
22472 0.85949
22473 0.755239
22474 0.564656
22475 0.987
22476 0.80825
22477 0.705413
22478 0.756424
22479 0.953114
22480 0.808884
22481 0.783412
22482 0.640992
22483 0.633394
22484 0.837044
22485 0.61431
22486 0.896833
22487 0.826227
22488 0.843715
22489 0.724244
22490 0.820987
22491 0.893759
22492 0.830434
22493 0.899951
22494 0.643417
22495 0.830441
22496 0.801175
22497 0.749048
22498 0.859528
22499 0.569347
22500 0.805581
22501 0.690547
22502 0.781037
22503 0.982072
22504 0.784353
22505 0.703672
22506 0.824315
22507 0.8589
22508 0.869519
22509 0.865453
22510 0.462763
22511 0.929128
22512 0.781806
22513 0.779506
22514 0.919785
22515 0.852206
22516 0.879976
22517 0.815564
22518 0.85309
22519 0.831694
22520 0.672506
22521 0.695482
22522 0.531017
22523 0.812881
22524 0.655842
22525 0.87992
22526 0.972006
22527 0.943249
22528 0.63141
22529 0.712352
22530 0.700878
22531 0.988953
22532 0.87805
22533 0.809341
22534 0.701503
22535 0.73755
22536 0.777067
22537 0.806992
22538 0.827537
22539 0.974886
22540 0.785231
22541 0.656195
22542 0.738458
22543 0.775596
22544 0.962512
22545 0.814311
22546 0.832395
22547 0.944939
22548 0.702922
22549 0.906631
22550 0.736577
22551 0.882815
22552 0.822424
22553 0.758535
22554 0.790017
22555 0.882707
22556 0.942153
22557 0.883921
22558 0.932051
22559 0.70691
22560 0.756384
22561 0.687912
22562 0.643435
22563 0.877554
22564 0.855598
22565 0.714095
22566 0.837536
22567 0.891706
22568 0.581846
22569 0.887481
22570 0.958627
22571 0.932088
22572 0.704234
22573 0.829857
22574 0.893964
22575 0.751497
22576 0.724657
22577 0.801188
22578 0.649154
22579 0.790087
22580 0.793847
22581 0.919755
22582 0.732217
22583 0.7176
22584 0.768515
22585 0.815891
22586 0.761827
22587 0.693626
22588 0.774756
22589 0.730789
22590 0.753371
22591 0.766716
22592 0.723803
22593 0.577884
22594 0.769247
22595 0.486239
22596 0.784823
22597 0.866353
22598 0.497392
22599 0.848942
22600 0.894955
22601 0.676248
22602 0.764591
22603 0.75546
22604 0.833126
22605 0.647558
22606 0.779816
22607 0.76081
22608 0.872072
22609 0.844801
22610 0.633451
22611 0.783165
22612 0.798983
22613 0.737263
22614 0.8173
22615 0.572276
22616 0.89298
22617 0.840207
22618 0.853184
22619 0.694185
22620 0.744212
22621 0.768294
22622 0.877547
22623 0.657021
22624 0.879529
22625 0.8054
22626 0.779595
22627 0.714198
22628 0.865118
22629 0.89531
22630 0.820135
22631 0.839266
22632 0.894536
22633 0.700307
22634 0.719048
22635 0.748608
22636 0.651997
22637 0.822151
22638 0.787339
22639 0.910234
22640 0.480246
22641 0.831777
22642 0.732921
22643 0.929576
22644 0.812638
22645 0.830584
22646 0.823161
22647 0.912296
22648 0.897588
22649 0.777977
22650 0.858204
22651 0.891407
22652 0.74319
22653 0.770129
22654 0.846006
22655 0.72173
22656 0.711321
22657 0.750363
22658 0.80125
22659 0.887351
22660 0.975972
22661 0.763386
22662 0.795798
22663 0.745971
22664 0.669909
22665 0.849532
22666 0.834916
22667 0.772727
22668 0.794378
22669 0.727341
22670 0.699141
22671 0.685037
22672 0.438289
22673 0.915068
22674 0.784039
22675 0.811058
22676 0.851496
22677 0.670709
22678 0.858485
22679 0.7962
22680 0.923712
22681 0.721079
22682 0.737379
22683 0.841049
22684 0.783462
22685 0.880526
22686 0.660869
22687 0.641653
22688 0.587338
22689 0.802485
22690 0.984268
22691 0.753645
22692 0.779392
22693 0.734531
22694 0.781038
22695 0.65014
22696 0.700441
22697 0.806932
22698 0.721069
22699 0.596347
22700 0.931342
22701 0.692105
22702 0.596397
22703 0.812183
22704 0.667483
22705 0.667541
22706 0.715712
22707 0.827464
22708 0.786275
22709 0.93119
22710 0.936643
22711 0.889862
22712 0.855505
22713 0.766574
22714 0.767152
22715 0.877683
22716 0.816421
22717 0.633714
22718 0.886487
22719 0.918575
22720 0.608596
22721 0.750036
22722 0.88817
22723 0.811099
22724 0.85113
22725 0.749214
22726 0.822339
22727 0.858244
22728 0.802564
22729 0.711379
22730 0.670768
22731 0.866655
22732 0.908088
22733 0.751255
22734 0.784682
22735 0.779558
22736 0.78059
22737 0.656185
22738 0.775025
22739 0.711641
22740 0.705278
22741 0.97044
22742 0.832243
22743 0.734035
22744 0.863134
22745 0.670255
22746 0.9134
22747 0.701284
22748 0.816604
22749 0.891545
22750 0.572353
22751 0.79218
22752 0.840109
22753 0.747325
22754 0.621458
22755 0.77487
22756 0.810647
22757 0.883041
22758 0.770769
22759 0.811423
22760 0.69561
22761 0.836635
22762 0.788505
22763 0.783327
22764 0.86616
22765 0.810166
22766 0.665015
22767 0.958218
22768 0.864885
22769 0.824386
22770 0.857842
22771 0.766198
22772 0.880592
22773 0.838243
22774 0.845958
22775 0.690217
22776 0.718012
22777 0.760248
22778 0.658726
22779 0.804859
22780 0.670546
22781 0.889446
22782 0.992177
22783 0.747137
22784 0.823888
22785 0.616322
22786 0.576703
22787 0.849577
22788 0.815625
22789 0.696318
22790 0.880322
22791 0.942249
22792 0.690905
22793 0.840382
22794 0.78162
22795 0.803789
22796 0.731958
22797 0.952307
22798 0.873053
22799 0.592111
22800 0.912615
22801 0.793153
22802 0.711889
22803 0.739409
22804 0.724906
22805 0.79882
22806 0.788478
22807 0.780984
22808 0.915873
22809 0.803622
22810 0.784227
22811 0.648618
22812 0.808951
22813 0.64578
22814 0.811486
22815 0.72263
22816 0.670729
22817 0.807141
22818 0.86179
22819 0.89006
22820 0.891822
22821 0.839213
22822 0.643569
22823 0.819241
22824 0.903507
22825 0.649124
22826 0.792318
22827 0.889957
22828 0.756445
22829 0.867306
22830 0.87456
22831 0.82535
22832 0.671766
22833 0.750046
22834 0.665706
22835 0.793382
22836 0.772342
22837 0.668607
22838 0.674505
22839 0.710453
22840 0.883079
22841 0.807197
22842 0.714129
22843 0.684453
22844 0.845282
22845 0.843411
22846 0.814307
22847 0.695508
22848 0.633205
22849 0.744307
22850 0.774675
22851 0.790326
22852 0.820861
22853 0.701063
22854 0.873633
22855 0.931389
22856 0.862562
22857 0.917373
22858 0.810989
22859 0.835579
22860 0.637304
22861 0.647243
22862 0.886986
22863 0.698181
22864 0.845818
22865 0.824828
22866 0.925726
22867 0.721313
22868 0.956921
22869 0.941008
22870 0.959114
22871 0.846028
22872 0.748897
22873 0.764516
22874 0.831794
22875 0.924824
22876 0.844714
22877 0.77229
22878 0.78376
22879 0.858814
22880 0.840638
22881 0.86986
22882 0.834838
22883 0.731152
22884 0.849673
22885 0.714366
22886 0.749449
22887 0.722037
22888 0.690524
22889 0.698634
22890 0.692969
22891 0.917435
22892 0.837738
22893 0.874786
22894 0.687353
22895 0.994869
22896 0.813136
22897 0.739815
22898 0.676637
22899 0.97974
22900 0.753997
22901 0.641118
22902 0.727814
22903 0.790028
22904 0.657156
22905 0.853183
22906 0.979267
22907 0.794945
22908 0.739469
22909 0.827003
22910 0.734908
22911 0.708237
22912 0.876827
22913 0.67719
22914 0.97819
22915 0.73532
22916 0.674524
22917 0.764722
22918 0.858045
22919 0.699051
22920 0.790945
22921 0.883346
22922 0.863251
22923 0.781374
22924 0.833199
22925 0.743017
22926 0.650945
22927 0.728252
22928 0.7436
22929 0.78628
22930 0.839972
22931 0.787527
22932 0.699988
22933 0.878965
22934 0.783669
22935 0.742843
22936 0.867619
22937 0.828116
22938 0.823813
22939 0.772311
22940 0.779841
22941 0.760576
22942 0.959997
22943 0.759833
22944 0.759274
22945 0.77161
22946 0.788376
22947 0.849403
22948 0.854348
22949 0.55459
22950 0.827982
22951 0.867399
22952 0.750207
22953 0.609025
22954 0.824064
22955 0.815589
22956 0.889254
22957 0.689989
22958 0.811171
22959 0.839855
22960 0.741997
22961 0.840397
22962 0.754244
22963 0.970784
22964 0.787769
22965 0.940323
22966 0.762159
22967 0.66184
22968 0.779858
22969 0.804676
22970 0.73633
22971 0.735343
22972 0.797352
22973 0.71422
22974 0.795958
22975 0.787391
22976 0.855594
22977 0.688517
22978 0.819878
22979 0.783111
22980 0.830842
22981 0.680458
22982 0.801392
22983 0.71759
22984 0.885214
22985 0.947805
22986 0.615695
22987 0.917816
22988 0.788885
22989 0.794265
22990 0.746417
22991 0.705493
22992 0.723545
22993 0.859229
22994 0.886226
22995 0.887579
22996 0.788117
22997 0.747052
22998 0.749213
22999 0.770603
23000 0.921082
23001 0.819885
23002 0.930916
23003 0.856341
23004 0.530806
23005 0.681841
23006 0.814386
23007 0.822151
23008 0.846887
23009 0.760923
23010 0.724257
23011 0.852011
23012 0.734506
23013 0.986625
23014 0.657303
23015 0.747393
23016 0.794553
23017 0.758448
23018 0.706778
23019 0.966951
23020 0.952708
23021 0.859515
23022 0.870937
23023 0.825046
23024 0.829944
23025 0.802865
23026 0.738832
23027 0.852683
23028 0.779362
23029 0.908
23030 0.823102
23031 0.876268
23032 0.825672
23033 0.753099
23034 0.935619
23035 0.749025
23036 0.867093
23037 0.869406
23038 0.96687
23039 0.879744
23040 0.813033
23041 0.981309
23042 0.763151
23043 0.693207
23044 0.833467
23045 0.738689
23046 0.632511
23047 0.702171
23048 0.825103
23049 0.641155
23050 0.851289
23051 0.802243
23052 0.671943
23053 0.88869
23054 0.811974
23055 0.730258
23056 0.732203
23057 0.745118
23058 0.519106
23059 0.794625
23060 0.64418
23061 0.820481
23062 0.829285
23063 0.758666
23064 0.775929
23065 0.637544
23066 0.817016
23067 0.831711
23068 0.765016
23069 0.876353
23070 0.793106
23071 0.916356
23072 0.910708
23073 0.797441
23074 0.738684
23075 0.74767
23076 0.923972
23077 0.927519
23078 0.798921
23079 0.801704
23080 0.704387
23081 0.836895
23082 0.646537
23083 0.862061
23084 0.876223
23085 0.827999
23086 0.708604
23087 0.801062
23088 0.830387
23089 0.679477
23090 0.689298
23091 0.864404
23092 0.98075
23093 0.543316
23094 0.903742
23095 0.921311
23096 0.855511
23097 0.969153
23098 0.803268
23099 0.738378
23100 0.850451
23101 0.956109
23102 0.758729
23103 0.893161
23104 0.724843
23105 0.818676
23106 0.579366
23107 0.550907
23108 0.83147
23109 0.856505
23110 0.795896
23111 0.919963
23112 0.783615
23113 0.793537
23114 0.783567
23115 0.916352
23116 0.973071
23117 0.624974
23118 0.603984
23119 0.712585
23120 0.81823
23121 0.925966
23122 0.828226
23123 0.736037
23124 0.755858
23125 0.748176
23126 0.76681
23127 0.732089
23128 0.793863
23129 0.637697
23130 0.763977
23131 0.85577
23132 0.711597
23133 0.522296
23134 0.941256
23135 0.653518
23136 0.679479
23137 0.63039
23138 0.880191
23139 0.875162
23140 0.839395
23141 0.95365
23142 0.791599
23143 0.730856
23144 0.904153
23145 0.713881
23146 0.748453
23147 0.847433
23148 0.747103
23149 0.752404
23150 0.845635
23151 0.987194
23152 0.804328
23153 0.814347
23154 0.801335
23155 0.831747
23156 0.696781
23157 0.844416
23158 0.953364
23159 0.790866
23160 0.596471
23161 0.775013
23162 0.710408
23163 0.785063
23164 0.616104
23165 0.651641
23166 0.826866
23167 0.685369
23168 0.875868
23169 0.85569
23170 0.751955
23171 0.779038
23172 0.789236
23173 0.831883
23174 0.893991
23175 0.739532
23176 0.579698
23177 0.795648
23178 0.871403
23179 0.606367
23180 0.86905
23181 0.878948
23182 0.773174
23183 0.883547
23184 0.742593
23185 0.72496
23186 0.865816
23187 0.905256
23188 0.802751
23189 0.512028
23190 0.683682
23191 0.964756
23192 0.858269
23193 0.746198
23194 0.590312
23195 0.68705
23196 0.679547
23197 0.870976
23198 0.829684
23199 0.703378
23200 0.689724
23201 0.751289
23202 0.807675
23203 0.840468
23204 0.615211
23205 0.738499
23206 0.730426
23207 0.862685
23208 0.698832
23209 0.617525
23210 0.656611
23211 0.782802
23212 0.701852
23213 0.883672
23214 0.762421
23215 0.707676
23216 0.68407
23217 0.952779
23218 0.767037
23219 0.541198
23220 0.767576
23221 0.642069
23222 0.783434
23223 0.941808
23224 0.886563
23225 0.735051
23226 0.665813
23227 0.765784
23228 0.617714
23229 0.842233
23230 0.769771
23231 0.867478
23232 0.803942
23233 0.595782
23234 0.864122
23235 0.864917
23236 0.902724
23237 0.646808
23238 0.733527
23239 0.93643
23240 0.814668
23241 0.666113
23242 0.823155
23243 0.769966
23244 0.749943
23245 0.87496
23246 0.886813
23247 0.744753
23248 0.798696
23249 0.806751
23250 0.701892
23251 0.84346
23252 0.744023
23253 0.931034
23254 0.749101
23255 0.698163
23256 0.670154
23257 0.749848
23258 0.705125
23259 0.699406
23260 0.796899
23261 0.833104
23262 0.69817
23263 0.845755
23264 0.548743
23265 0.854983
23266 0.581963
23267 0.858257
23268 0.847525
23269 0.663103
23270 0.752954
23271 0.800984
23272 0.800997
23273 0.555814
23274 0.860005
23275 0.922932
23276 0.670021
23277 0.830846
23278 0.951307
23279 0.711487
23280 0.740902
23281 0.629064
23282 0.919732
23283 0.629696
23284 0.835626
23285 0.61821
23286 0.829445
23287 0.782157
23288 0.82188
23289 0.920104
23290 0.970722
23291 0.850598
23292 0.943863
23293 0.674386
23294 0.692408
23295 0.686472
23296 0.772325
23297 0.811232
23298 0.882077
23299 0.705982
23300 0.807823
23301 0.877105
23302 0.652894
23303 0.935737
23304 0.775305
23305 0.823829
23306 0.88435
23307 0.875721
23308 0.733958
23309 0.758321
23310 0.842956
23311 0.772783
23312 0.723282
23313 0.771058
23314 0.668992
23315 0.861872
23316 0.81523
23317 0.670579
23318 0.787783
23319 0.598565
23320 0.849916
23321 0.891155
23322 0.910332
23323 0.799294
23324 0.675244
23325 0.571491
23326 0.86796
23327 0.628005
23328 0.894774
23329 0.822032
23330 0.827241
23331 0.56435
23332 0.721689
23333 0.801312
23334 0.906755
23335 0.673956
23336 0.874328
23337 0.709884
23338 0.80056
23339 0.679709
23340 0.852165
23341 0.78513
23342 0.74005
23343 0.810872
23344 0.653697
23345 0.863299
23346 0.876718
23347 0.685915
23348 0.644166
23349 0.569777
23350 0.78626
23351 0.764371
23352 0.671941
23353 0.680813
23354 0.838498
23355 0.77284
23356 0.931489
23357 0.95056
23358 0.736942
23359 0.890477
23360 0.699655
23361 0.710425
23362 0.714907
23363 0.897699
23364 0.766737
23365 0.592242
23366 0.953013
23367 0.732018
23368 0.810567
23369 0.931415
23370 0.507457
23371 0.875162
23372 0.924937
23373 0.829023
23374 0.741128
23375 0.840682
23376 0.850046
23377 0.765447
23378 0.614281
23379 0.982267
23380 0.787393
23381 0.701781
23382 0.721619
23383 0.906637
23384 0.832686
23385 0.846529
23386 0.755095
23387 0.632968
23388 0.77832
23389 0.698563
23390 0.783328
23391 0.752781
23392 0.918526
23393 0.770101
23394 0.799108
23395 0.780587
23396 0.96703
23397 0.783975
23398 0.750109
23399 0.695575
23400 0.820166
23401 0.890085
23402 0.971113
23403 0.559395
23404 0.573262
23405 0.772719
23406 0.81558
23407 0.838613
23408 0.743453
23409 0.780394
23410 0.857264
23411 0.821277
23412 0.862689
23413 0.789306
23414 0.752648
23415 0.787806
23416 0.760022
23417 0.850123
23418 0.895574
23419 0.860497
23420 0.752743
23421 0.846422
23422 0.987562
23423 0.599577
23424 0.73558
23425 0.798866
23426 0.698501
23427 0.657135
23428 0.808301
23429 0.904981
23430 0.862629
23431 0.781094
23432 0.670537
23433 0.755636
23434 0.699892
23435 0.738007
23436 0.856647
23437 0.772151
23438 0.756739
23439 0.865325
23440 0.848849
23441 0.875545
23442 0.953639
23443 0.687493
23444 0.808784
23445 0.972487
23446 0.772417
23447 0.740495
23448 0.799695
23449 0.749464
23450 0.809332
23451 0.886972
23452 0.770576
23453 0.548606
23454 0.745089
23455 0.758444
23456 0.747197
23457 0.615652
23458 0.746087
23459 0.744861
23460 0.887701
23461 0.776726
23462 0.805434
23463 0.761416
23464 0.786252
23465 0.731128
23466 0.900393
23467 0.898864
23468 0.555534
23469 0.950855
23470 0.980777
23471 0.708169
23472 0.717992
23473 0.788354
23474 0.76287
23475 0.774331
23476 0.726423
23477 0.84595
23478 0.935398
23479 0.767483
23480 0.944571
23481 0.982393
23482 0.625083
23483 0.874282
23484 0.705055
23485 0.872805
23486 0.714426
23487 0.748874
23488 0.70652
23489 0.871658
23490 0.770512
23491 0.802847
23492 0.810003
23493 0.826801
23494 0.755832
23495 0.81437
23496 0.961679
23497 0.766479
23498 0.640085
23499 0.735121
23500 0.514787
23501 0.910731
23502 0.975932
23503 0.758633
23504 0.76039
23505 0.83324
23506 0.876144
23507 0.756603
23508 0.793319
23509 0.774126
23510 0.90941
23511 0.754781
23512 0.772616
23513 0.825271
23514 0.932374
23515 0.807784
23516 0.941419
23517 0.780693
23518 0.833548
23519 0.657008
23520 0.92499
23521 0.754856
23522 0.609395
23523 0.714269
23524 0.745486
23525 0.893378
23526 0.791305
23527 0.831031
23528 0.831862
23529 0.768201
23530 0.905541
23531 0.756552
23532 0.581461
23533 0.87595
23534 0.770078
23535 0.673846
23536 0.84351
23537 0.74178
23538 0.784709
23539 0.948125
23540 0.874288
23541 0.681466
23542 0.89418
23543 0.92011
23544 0.921892
23545 0.6879
23546 0.837731
23547 0.822041
23548 0.846826
23549 0.786624
23550 0.563058
23551 0.852115
23552 0.671862
23553 0.857491
23554 0.882323
23555 0.576724
23556 0.817003
23557 0.620238
23558 0.819488
23559 0.724379
23560 0.788096
23561 0.890514
23562 0.81874
23563 0.630309
23564 0.70356
23565 0.688454
23566 0.936454
23567 0.793323
23568 0.858186
23569 0.877226
23570 0.819168
23571 0.89573
23572 0.860777
23573 0.824406
23574 0.689068
23575 0.603413
23576 0.868735
23577 0.744993
23578 0.859613
23579 0.883893
23580 0.796017
23581 0.811019
23582 0.620044
23583 0.863868
23584 0.603412
23585 0.928429
23586 0.866637
23587 0.8581
23588 0.729344
23589 0.780247
23590 0.798596
23591 0.855083
23592 0.779821
23593 0.933747
23594 0.603478
23595 0.905146
23596 0.770499
23597 0.865922
23598 0.885388
23599 0.666014
23600 0.674699
23601 0.695196
23602 0.77375
23603 0.731886
23604 0.696282
23605 0.783182
23606 0.618782
23607 0.799205
23608 0.681853
23609 0.865712
23610 0.679108
23611 0.829131
23612 0.82947
23613 0.873654
23614 0.829849
23615 0.802523
23616 0.722523
23617 0.659766
23618 0.794002
23619 0.794798
23620 0.927599
23621 0.987389
23622 0.825351
23623 0.8937
23624 0.95696
23625 0.836075
23626 0.838696
23627 0.659066
23628 0.724496
23629 0.666549
23630 0.949505
23631 0.76331
23632 0.775117
23633 0.869924
23634 0.780933
23635 0.837196
23636 0.633732
23637 0.842892
23638 0.855574
23639 0.733615
23640 0.875349
23641 0.89193
23642 0.802912
23643 0.59056
23644 0.841299
23645 0.516133
23646 0.844252
23647 0.813037
23648 0.8147
23649 0.604129
23650 0.847953
23651 0.833583
23652 0.894924
23653 0.763366
23654 0.800434
23655 0.759775
23656 0.758356
23657 0.795309
23658 0.780349
23659 0.78819
23660 0.877301
23661 0.953267
23662 0.573479
23663 0.711343
23664 0.621832
23665 0.739751
23666 0.708021
23667 0.680862
23668 0.762031
23669 0.785923
23670 0.854324
23671 0.890362
23672 0.909385
23673 0.687157
23674 0.727473
23675 0.756702
23676 0.727839
23677 0.737125
23678 0.725423
23679 0.797181
23680 0.733333
23681 0.787348
23682 0.666088
23683 0.766335
23684 0.938443
23685 0.862302
23686 0.814877
23687 0.841098
23688 0.670571
23689 0.77207
23690 0.701795
23691 0.733664
23692 0.721957
23693 0.663162
23694 0.766487
23695 0.913473
23696 0.771572
23697 0.879981
23698 0.604384
23699 0.932568
23700 0.808391
23701 0.879836
23702 0.926278
23703 0.477633
23704 0.733003
23705 0.751673
23706 0.834242
23707 0.888878
23708 0.861155
23709 0.767608
23710 0.872112
23711 0.715577
23712 0.75949
23713 0.927769
23714 0.775728
23715 0.711346
23716 0.919222
23717 0.893476
23718 0.842856
23719 0.755845
23720 0.912814
23721 0.984342
23722 0.976675
23723 0.869824
23724 0.845302
23725 0.825126
23726 0.68698
23727 0.735105
23728 0.536858
23729 0.752642
23730 0.766813
23731 0.855197
23732 0.936088
23733 0.771784
23734 0.855073
23735 0.889614
23736 0.691511
23737 0.811195
23738 0.723558
23739 0.614601
23740 0.64031
23741 0.672461
23742 0.671281
23743 0.742696
23744 0.798937
23745 0.811085
23746 0.728135
23747 0.717309
23748 0.697824
23749 0.861482
23750 0.71271
23751 0.718291
23752 0.915939
23753 0.62224
23754 0.884448
23755 0.780338
23756 0.818889
23757 0.916195
23758 0.890745
23759 0.799615
23760 0.986982
23761 0.694011
23762 0.79995
23763 0.588363
23764 0.652777
23765 0.723305
23766 0.764691
23767 0.707381
23768 0.731055
23769 0.89712
23770 0.851942
23771 0.826628
23772 0.910988
23773 0.75258
23774 0.892756
23775 0.97866
23776 0.928491
23777 0.884485
23778 0.68687
23779 0.66102
23780 0.597547
23781 0.830878
23782 0.797268
23783 0.695614
23784 0.743454
23785 0.707617
23786 0.899227
23787 0.893825
23788 0.795632
23789 0.801706
23790 0.85888
23791 0.748166
23792 0.844011
23793 0.853966
23794 0.934695
23795 0.689196
23796 0.775065
23797 0.881386
23798 0.968179
23799 0.76894
23800 0.815408
23801 0.848062
23802 0.630693
23803 0.624825
23804 0.988029
23805 0.810138
23806 0.88077
23807 0.83029
23808 0.824411
23809 0.764546
23810 0.842076
23811 0.741101
23812 0.670704
23813 0.638836
23814 0.750597
23815 0.834305
23816 0.825292
23817 0.844355
23818 0.765676
23819 0.817418
23820 0.919725
23821 0.725158
23822 0.602349
23823 0.777458
23824 0.776924
23825 0.742767
23826 0.778384
23827 0.742725
23828 0.658601
23829 0.801142
23830 0.596007
23831 0.906499
23832 0.938255
23833 0.789362
23834 0.63181
23835 0.646424
23836 0.645777
23837 0.724472
23838 0.803442
23839 0.684159
23840 0.655084
23841 0.7527
23842 0.634148
23843 0.768646
23844 0.825855
23845 0.820698
23846 0.840704
23847 0.760359
23848 0.778704
23849 0.69236
23850 0.857155
23851 0.815435
23852 0.544102
23853 0.874593
23854 0.807836
23855 0.853252
23856 0.770538
23857 0.96974
23858 0.779906
23859 0.915699
23860 0.760573
23861 0.915439
23862 0.768367
23863 0.681779
23864 0.859618
23865 0.790774
23866 0.932239
23867 0.717174
23868 0.645029
23869 0.734887
23870 0.649625
23871 0.620338
23872 0.747019
23873 0.810279
23874 0.603207
23875 0.617453
23876 0.644932
23877 0.919967
23878 0.974437
23879 0.896074
23880 0.922134
23881 0.767071
23882 0.926993
23883 0.92739
23884 0.694537
23885 0.612512
23886 0.744485
23887 0.875407
23888 0.662888
23889 0.815114
23890 0.794637
23891 0.725969
23892 0.784004
23893 0.717882
23894 0.717554
23895 0.890734
23896 0.737126
23897 0.75458
23898 0.760416
23899 0.850672
23900 0.753226
23901 0.949607
23902 0.942268
23903 0.693045
23904 0.669067
23905 0.798243
23906 0.639863
23907 0.83615
23908 0.790352
23909 0.823869
23910 0.825139
23911 0.641916
23912 0.655419
23913 0.6181
23914 0.683867
23915 0.846781
23916 0.635844
23917 0.703102
23918 0.694653
23919 0.825967
23920 0.866863
23921 0.598625
23922 0.708763
23923 0.613275
23924 0.823859
23925 0.966869
23926 0.750093
23927 0.731466
23928 0.743694
23929 0.939659
23930 0.856866
23931 0.962575
23932 0.909191
23933 0.604207
23934 0.842002
23935 0.961322
23936 0.788974
23937 0.811938
23938 0.857991
23939 0.707055
23940 0.856923
23941 0.842765
23942 0.706676
23943 0.825511
23944 0.87491
23945 0.762878
23946 0.799687
23947 0.951064
23948 0.894764
23949 0.915675
23950 0.833671
23951 0.732838
23952 0.795469
23953 0.932039
23954 0.867586
23955 0.772583
23956 0.851327
23957 0.591428
23958 0.889882
23959 0.619073
23960 0.64205
23961 0.650601
23962 0.97619
23963 0.722824
23964 0.756434
23965 0.840375
23966 0.903251
23967 0.739659
23968 0.532749
23969 0.843573
23970 0.7214
23971 0.674052
23972 0.807192
23973 0.656682
23974 0.764538
23975 0.600736
23976 0.642318
23977 0.737367
23978 0.728777
23979 0.888237
23980 0.79866
23981 0.689437
23982 0.793037
23983 0.836627
23984 0.859892
23985 0.73198
23986 0.668396
23987 0.905544
23988 0.74778
23989 0.8404
23990 0.803591
23991 0.736994
23992 0.70854
23993 0.759589
23994 0.776696
23995 0.602572
23996 0.735397
23997 0.710289
23998 0.821918
23999 0.687584
24000 0.773095
24001 0.775803
24002 0.889931
24003 0.782965
24004 0.822069
24005 0.477669
24006 0.808481
24007 0.810661
24008 0.768925
24009 0.615396
24010 0.783211
24011 0.779228
24012 0.756311
24013 0.936728
24014 0.975586
24015 0.696791
24016 0.795823
24017 0.717333
24018 0.695778
24019 0.928287
24020 0.788105
24021 0.815435
24022 0.822182
24023 0.838118
24024 0.909488
24025 0.725829
24026 0.900007
24027 0.871516
24028 0.893041
24029 0.710295
24030 0.884957
24031 0.862596
24032 0.829704
24033 0.841425
24034 0.961129
24035 0.956213
24036 0.859743
24037 0.831615
24038 0.716129
24039 0.771391
24040 0.798545
24041 0.81215
24042 0.637332
24043 0.823568
24044 0.707351
24045 0.68961
24046 0.76402
24047 0.961051
24048 0.750965
24049 0.903076
24050 0.732683
24051 0.921665
24052 0.816706
24053 0.78276
24054 0.491984
24055 0.934358
24056 0.924333
24057 0.766943
24058 0.711081
24059 0.798245
24060 0.932636
24061 0.809103
24062 0.8272
24063 0.835551
24064 0.756626
24065 0.889293
24066 0.695349
24067 0.889267
24068 0.826003
24069 0.585609
24070 0.768224
24071 0.768933
24072 0.936574
24073 0.801691
24074 0.73625
24075 0.861518
24076 0.834802
24077 0.571507
24078 0.653848
24079 0.708338
24080 0.745654
24081 0.739341
24082 0.530733
24083 0.74474
24084 0.569139
24085 0.782661
24086 0.780786
24087 0.543198
24088 0.808647
24089 0.872231
24090 0.839994
24091 0.84205
24092 0.635278
24093 0.8504
24094 0.895651
24095 0.908737
24096 0.6252
24097 0.697107
24098 0.755558
24099 0.757186
24100 0.765774
24101 0.577948
24102 0.740479
24103 0.688965
24104 0.698362
24105 0.90184
24106 0.786674
24107 0.913155
24108 0.917422
24109 0.935682
24110 0.761764
24111 0.776945
24112 0.820737
24113 0.88641
24114 0.860852
24115 0.795267
24116 0.54768
24117 0.898917
24118 0.786245
24119 0.793811
24120 0.871619
24121 0.80756
24122 0.877913
24123 0.821355
24124 0.8043
24125 0.848608
24126 0.612348
24127 0.659312
24128 0.682541
24129 0.777593
24130 0.724417
24131 0.920279
24132 0.715096
24133 0.696032
24134 0.938311
24135 0.752066
24136 0.621198
24137 0.926386
24138 0.937852
24139 0.732085
24140 0.530887
24141 0.744932
24142 0.679427
24143 0.88181
24144 0.90059
24145 0.81927
24146 0.630787
24147 0.889489
24148 0.74053
24149 0.888138
24150 0.916067
24151 0.891642
24152 0.877268
24153 0.702412
24154 0.881914
24155 0.700956
24156 0.655184
24157 0.82693
24158 0.855033
24159 0.677586
24160 0.840048
24161 0.796234
24162 0.782195
24163 0.641839
24164 0.653729
24165 0.703641
24166 0.815774
24167 0.768434
24168 0.69284
24169 0.600157
24170 0.814544
24171 0.666307
24172 0.8866
24173 0.774866
24174 0.858013
24175 0.814303
24176 0.708974
24177 0.460804
24178 0.921874
24179 0.651537
24180 0.852655
24181 0.910773
24182 0.971072
24183 0.796762
24184 0.755767
24185 0.626286
24186 0.684244
24187 0.762231
24188 0.70177
24189 0.780666
24190 0.698243
24191 0.690595
24192 0.750802
24193 0.685236
24194 0.824254
24195 0.66314
24196 0.613573
24197 0.76152
24198 0.660189
24199 0.751698
24200 0.811412
24201 0.742585
24202 0.75704
24203 0.685057
24204 0.750181
24205 0.900938
24206 0.755227
24207 0.917849
24208 0.917077
24209 0.902716
24210 0.694451
24211 0.829757
24212 0.754451
24213 0.837864
24214 0.93965
24215 0.745783
24216 0.805807
24217 0.893281
24218 0.695628
24219 0.9337
24220 0.736823
24221 0.889819
24222 0.693159
24223 0.706415
24224 0.731896
24225 0.854544
24226 0.583776
24227 0.972151
24228 0.776072
24229 0.863735
24230 0.688093
24231 0.666009
24232 0.784939
24233 0.832288
24234 0.746793
24235 0.776113
24236 0.637241
24237 0.84882
24238 0.59653
24239 0.765185
24240 0.633605
24241 0.720202
24242 0.751342
24243 0.88195
24244 0.737977
24245 0.888172
24246 0.881576
24247 0.676322
24248 0.896629
24249 0.716419
24250 0.703272
24251 0.796749
24252 0.689759
24253 0.681266
24254 0.669045
24255 0.813406
24256 0.870687
24257 0.845339
24258 0.968714
24259 0.832972
24260 0.698602
24261 0.86731
24262 0.788322
24263 0.699122
24264 0.875728
24265 0.744819
24266 0.86709
24267 0.848638
24268 0.865091
24269 0.871215
24270 0.743766
24271 0.83001
24272 0.820343
24273 0.734445
24274 0.864392
24275 0.634077
24276 0.671005
24277 0.746257
24278 0.812035
24279 0.654988
24280 0.598566
24281 0.669094
24282 0.80853
24283 0.68188
24284 0.862577
24285 0.783126
24286 0.761299
24287 0.736642
24288 0.810646
24289 0.814885
24290 0.709735
24291 0.634283
24292 0.714278
24293 0.881926
24294 0.754392
24295 0.94929
24296 0.74432
24297 0.81238
24298 0.778642
24299 0.68023
24300 0.935259
24301 0.837868
24302 0.879857
24303 0.835651
24304 0.897715
24305 0.653094
24306 0.600812
24307 0.869594
24308 0.908686
24309 0.821429
24310 0.757336
24311 0.409225
24312 0.788545
24313 0.875392
24314 0.620985
24315 0.844998
24316 0.837012
24317 0.86276
24318 0.756363
24319 0.718999
24320 0.793494
24321 0.961357
24322 0.781225
24323 0.769911
24324 0.817367
24325 0.800602
24326 0.862439
24327 0.829363
24328 0.799632
24329 0.786229
24330 0.667464
24331 0.730091
24332 0.814105
24333 0.872108
24334 0.780894
24335 0.947809
24336 0.977761
24337 0.769598
24338 0.652809
24339 0.815855
24340 0.776957
24341 0.837158
24342 0.754249
24343 0.900762
24344 0.475918
24345 0.895738
24346 0.918503
24347 0.683519
24348 0.735843
24349 0.838965
24350 0.738453
24351 0.847971
24352 0.549729
24353 0.794531
24354 0.808296
24355 0.833116
24356 0.895239
24357 0.905014
24358 0.938915
24359 0.852852
24360 0.587545
24361 0.937568
24362 0.673149
24363 0.536814
24364 0.682153
24365 0.829533
24366 0.635378
24367 0.778142
24368 0.868926
24369 0.726255
24370 0.709343
24371 0.861436
24372 0.641333
24373 0.800252
24374 0.847615
24375 0.73695
24376 0.675374
24377 0.866032
24378 0.736999
24379 0.687192
24380 0.828494
24381 0.83435
24382 0.896743
24383 0.794744
24384 0.909458
24385 0.770491
24386 0.748461
24387 0.619348
24388 0.876786
24389 0.777249
24390 0.636824
24391 0.666244
24392 0.651568
24393 0.843615
24394 0.876967
24395 0.807515
24396 0.812138
24397 0.810133
24398 0.807913
24399 0.629225
24400 0.938385
24401 0.858551
24402 0.835742
24403 0.831528
24404 0.867281
24405 0.779232
24406 0.744767
24407 0.766924
24408 0.685653
24409 0.779514
24410 0.712092
24411 0.98891
24412 0.827339
24413 0.626849
24414 0.685877
24415 0.789511
24416 0.862735
24417 0.775324
24418 0.979201
24419 0.890961
24420 0.95981
24421 0.692508
24422 0.729217
24423 0.711148
24424 0.787437
24425 0.747673
24426 0.840221
24427 0.637252
24428 0.990615
24429 0.745704
24430 0.712053
24431 0.720238
24432 0.753426
24433 0.758566
24434 0.751574
24435 0.489231
24436 0.846686
24437 0.684153
24438 0.722671
24439 0.8552
24440 0.577026
24441 0.723567
24442 0.875844
24443 0.888595
24444 0.855804
24445 0.898366
24446 0.793785
24447 0.785262
24448 0.740946
24449 0.763711
24450 0.744711
24451 0.844781
24452 0.662286
24453 0.79695
24454 0.838989
24455 0.785925
24456 0.808268
24457 0.874168
24458 0.934341
24459 0.769147
24460 0.78547
24461 0.920348
24462 0.763611
24463 0.780218
24464 0.803545
24465 0.578181
24466 0.521784
24467 0.758154
24468 0.804261
24469 0.719244
24470 0.830776
24471 0.774716
24472 0.929754
24473 0.710825
24474 0.727553
24475 0.704038
24476 0.867693
24477 0.789562
24478 0.715779
24479 0.818729
24480 0.730848
24481 0.858577
24482 0.658059
24483 0.778737
24484 0.685727
24485 0.813233
24486 0.876726
24487 0.624651
24488 0.963619
24489 0.680011
24490 0.973398
24491 0.711308
24492 0.835698
24493 0.939782
24494 0.837666
24495 0.768566
24496 0.745492
24497 0.762234
24498 0.767927
24499 0.667428
24500 0.821497
24501 0.928064
24502 0.797032
24503 0.763139
24504 0.572902
24505 0.855668
24506 0.826913
24507 0.71062
24508 0.972244
24509 0.900898
24510 0.663685
24511 0.790464
24512 0.607347
24513 0.817076
24514 0.762322
24515 0.69377
24516 0.553678
24517 0.536063
24518 0.913893
24519 0.778788
24520 0.906175
24521 0.942492
24522 0.89462
24523 0.859808
24524 0.979459
24525 0.942621
24526 0.820605
24527 0.841617
24528 0.828788
24529 0.791706
24530 0.704631
24531 0.712964
24532 0.752448
24533 0.904683
24534 0.723375
24535 0.757656
24536 0.843911
24537 0.909264
24538 0.957042
24539 0.846928
24540 0.554794
24541 0.635447
24542 0.806965
24543 0.960768
24544 0.534813
24545 0.658917
24546 0.832391
24547 0.874198
24548 0.799026
24549 0.721588
24550 0.67452
24551 0.834351
24552 0.531163
24553 0.743411
24554 0.87651
24555 0.883767
24556 0.923314
24557 0.741786
24558 0.668095
24559 0.883394
24560 0.646299
24561 0.60976
24562 0.90155
24563 0.697181
24564 0.832339
24565 0.781857
24566 0.791415
24567 0.718435
24568 0.667895
24569 0.944658
24570 0.843906
24571 0.796016
24572 0.890458
24573 0.766709
24574 0.620126
24575 0.710557
24576 0.832897
24577 0.578312
24578 0.54727
24579 0.673969
24580 0.600053
24581 0.749549
24582 0.818764
24583 0.692107
24584 0.844593
24585 0.681229
24586 0.625386
24587 0.601583
24588 0.730359
24589 0.677195
24590 0.769098
24591 0.783359
24592 0.586533
24593 0.921121
24594 0.675492
24595 0.744749
24596 0.758163
24597 0.852443
24598 0.776395
24599 0.767256
24600 0.80226
24601 0.876096
24602 0.850767
24603 0.602288
24604 0.694518
24605 0.867759
24606 0.76711
24607 0.866938
24608 0.765439
24609 0.855102
24610 0.876565
24611 0.616195
24612 0.811897
24613 0.862304
24614 0.752067
24615 0.943206
24616 0.651637
24617 0.791838
24618 0.782413
24619 0.734679
24620 0.756321
24621 0.885798
24622 0.671648
24623 0.552715
24624 0.775416
24625 0.831386
24626 0.735381
24627 0.777998
24628 0.817298
24629 0.80557
24630 0.725405
24631 0.784419
24632 0.676384
24633 0.575101
24634 0.979608
24635 0.79952
24636 0.894742
24637 0.782257
24638 0.876564
24639 0.703684
24640 0.834411
24641 0.822093
24642 0.632495
24643 0.797508
24644 0.699573
24645 0.777288
24646 0.735588
24647 0.954085
24648 0.959676
24649 0.853771
24650 0.842497
24651 0.604355
24652 0.685479
24653 0.858783
24654 0.873422
24655 0.962118
24656 0.724349
24657 0.689938
24658 0.71947
24659 0.9854
24660 0.899223
24661 0.706604
24662 0.662208
24663 0.730567
24664 0.745065
24665 0.854206
24666 0.823127
24667 0.854825
24668 0.775816
24669 0.793916
24670 0.881965
24671 0.710475
24672 0.736146
24673 0.968365
24674 0.550491
24675 0.687662
24676 0.688823
24677 0.753176
24678 0.911194
24679 0.908314
24680 0.671193
24681 0.737004
24682 0.750106
24683 0.673906
24684 0.759908
24685 0.706903
24686 0.857755
24687 0.828833
24688 0.796217
24689 0.649206
24690 0.949682
24691 0.850332
24692 0.569125
24693 0.803047
24694 0.632365
24695 0.750207
24696 0.932263
24697 0.726875
24698 0.958893
24699 0.630887
24700 0.689429
24701 0.62869
24702 0.810064
24703 0.803551
24704 0.704748
24705 0.71893
24706 0.678011
24707 0.707136
24708 0.904001
24709 0.909256
24710 0.740566
24711 0.834087
24712 0.682511
24713 0.803175
24714 0.627435
24715 0.72505
24716 0.857464
24717 0.775031
24718 0.856071
24719 0.686223
24720 0.774485
24721 0.832773
24722 0.645169
24723 0.622513
24724 0.885183
24725 0.623788
24726 0.939871
24727 0.598481
24728 0.920887
24729 0.768864
24730 0.728925
24731 0.894479
24732 0.68171
24733 0.803422
24734 0.980228
24735 0.90138
24736 0.689852
24737 0.549125
24738 0.755829
24739 0.834054
24740 0.539894
24741 0.802261
24742 0.757001
24743 0.774054
24744 0.784879
24745 0.798833
24746 0.889684
24747 0.733679
24748 0.766315
24749 0.634121
24750 0.554275
24751 0.605034
24752 0.761514
24753 0.830954
24754 0.680356
24755 0.813551
24756 0.690681
24757 0.756733
24758 0.785118
24759 0.717967
24760 0.642759
24761 0.878284
24762 0.825568
24763 0.822967
24764 0.608963
24765 0.712013
24766 0.782746
24767 0.780043
24768 0.827177
24769 0.700465
24770 0.690218
24771 0.833987
24772 0.691156
24773 0.571029
24774 0.622481
24775 0.835157
24776 0.877821
24777 0.71128
24778 0.743557
24779 0.719892
24780 0.894081
24781 0.784335
24782 0.871406
24783 0.627953
24784 0.715974
24785 0.859374
24786 0.764421
24787 0.926046
24788 0.757234
24789 0.782004
24790 0.846203
24791 0.535841
24792 0.725209
24793 0.986185
24794 0.548944
24795 0.709905
24796 0.886875
24797 0.871896
24798 0.777925
24799 0.800286
24800 0.749045
24801 0.784475
24802 0.94505
24803 0.690833
24804 0.790902
24805 0.646982
24806 0.881902
24807 0.930468
24808 0.928774
24809 0.773917
24810 0.759262
24811 0.689932
24812 0.67025
24813 0.727212
24814 0.747642
24815 0.656469
24816 0.870997
24817 0.844014
24818 0.730206
24819 0.86448
24820 0.94704
24821 0.821021
24822 0.850543
24823 0.709442
24824 0.673009
24825 0.761078
24826 0.952991
24827 0.953018
24828 0.873188
24829 0.816045
24830 0.777325
24831 0.472134
24832 0.577241
24833 0.704402
24834 0.947061
24835 0.751769
24836 0.66068
24837 0.884639
24838 0.751771
24839 0.821867
24840 0.727445
24841 0.66069
24842 0.775367
24843 0.706233
24844 0.690112
24845 0.756192
24846 0.883609
24847 0.814029
24848 0.845666
24849 0.867721
24850 0.99112
24851 0.815782
24852 0.692567
24853 0.776085
24854 0.687266
24855 0.756756
24856 0.743188
24857 0.742601
24858 0.711463
24859 0.867874
24860 0.767491
24861 0.921068
24862 0.401259
24863 0.775011
24864 0.647186
24865 0.745393
24866 0.784436
24867 0.853584
24868 0.830592
24869 0.849617
24870 0.684647
24871 0.76456
24872 0.646124
24873 0.921225
24874 0.787193
24875 0.731137
24876 0.78314
24877 0.854061
24878 0.837783
24879 0.831523
24880 0.700525
24881 0.778146
24882 0.653327
24883 0.683857
24884 0.7979
24885 0.721083
24886 0.821383
24887 0.805803
24888 0.668513
24889 0.80234
24890 0.859153
24891 0.720895
24892 0.780821
24893 0.648504
24894 0.834062
24895 0.88955
24896 0.763877
24897 0.751044
24898 0.85081
24899 0.825744
24900 0.613154
24901 0.877386
24902 0.521605
24903 0.915082
24904 0.8207
24905 0.706407
24906 0.689075
24907 0.771736
24908 0.581448
24909 0.585178
24910 0.755847
24911 0.755521
24912 0.981084
24913 0.579943
24914 0.656658
24915 0.814083
24916 0.666853
24917 0.843759
24918 0.778386
24919 0.538343
24920 0.974302
24921 0.935205
24922 0.540136
24923 0.807598
24924 0.841717
24925 0.555503
24926 0.92292
24927 0.930402
24928 0.861477
24929 0.806129
24930 0.887784
24931 0.756572
24932 0.673501
24933 0.655306
24934 0.737108
24935 0.73826
24936 0.806195
24937 0.834961
24938 0.764925
24939 0.670248
24940 0.818684
24941 0.835444
24942 0.776058
24943 0.828659
24944 0.699591
24945 0.6828
24946 0.797762
24947 0.873458
24948 0.939576
24949 0.732533
24950 0.717294
24951 0.815936
24952 0.826428
24953 0.818952
24954 0.797302
24955 0.726798
24956 0.765954
24957 0.951737
24958 0.889654
24959 0.825922
24960 0.812449
24961 0.757159
24962 0.733454
24963 0.79672
24964 0.750351
24965 0.762096
24966 0.559399
24967 0.617567
24968 0.964693
24969 0.613555
24970 0.675489
24971 0.692119
24972 0.620913
24973 0.775732
24974 0.721275
24975 0.855375
24976 0.644477
24977 0.616766
24978 0.964303
24979 0.828605
24980 0.782281
24981 0.702973
24982 0.860235
24983 0.796653
24984 0.905175
24985 0.466493
24986 0.929425
24987 0.87045
24988 0.835516
24989 0.740612
24990 0.853084
24991 0.804215
24992 0.674607
24993 0.738158
24994 0.780281
24995 0.850084
24996 0.811593
24997 0.785299
24998 0.782649
24999 0.972876
25000 0.846177
25001 0.790357
25002 0.807646
25003 0.742798
25004 0.763983
25005 0.843576
25006 0.71581
25007 0.785349
25008 0.696674
25009 0.734467
25010 0.826598
25011 0.749801
25012 0.600356
25013 0.898686
25014 0.633049
25015 0.689665
25016 0.509347
25017 0.641286
25018 0.814231
25019 0.768255
25020 0.742864
25021 0.678516
25022 0.71582
25023 0.954654
25024 0.794707
25025 0.716623
25026 0.664949
25027 0.867645
25028 0.875226
25029 0.841052
25030 0.777827
25031 0.779732
25032 0.765593
25033 0.829475
25034 0.755228
25035 0.863665
25036 0.784891
25037 0.751061
25038 0.712574
25039 0.750751
25040 0.886613
25041 0.50579
25042 0.685658
25043 0.945306
25044 0.91027
25045 0.80983
25046 0.721738
25047 0.57879
25048 0.927613
25049 0.902568
25050 0.699269
25051 0.672551
25052 0.701972
25053 0.705395
25054 0.657919
25055 0.855577
25056 0.790113
25057 0.815689
25058 0.747393
25059 0.81258
25060 0.990199
25061 0.797139
25062 0.982899
25063 0.720957
25064 0.810417
25065 0.760924
25066 0.930129
25067 0.968891
25068 0.755143
25069 0.894034
25070 0.922389
25071 0.778077
25072 0.805115
25073 0.64525
25074 0.833581
25075 0.896464
25076 0.762423
25077 0.867138
25078 0.783726
25079 0.7459
25080 0.840142
25081 0.663949
25082 0.831793
25083 0.710377
25084 0.905996
25085 0.759627
25086 0.799872
25087 0.814768
25088 0.660054
25089 0.801066
25090 0.754096
25091 0.861181
25092 0.945028
25093 0.912536
25094 0.701807
25095 0.575773
25096 0.812101
25097 0.608344
25098 0.76042
25099 0.851132
25100 0.779466
25101 0.767858
25102 0.624281
25103 0.906096
25104 0.555986
25105 0.781977
25106 0.60626
25107 0.881389
25108 0.677681
25109 0.688787
25110 0.76749
25111 0.849911
25112 0.920515
25113 0.665002
25114 0.759057
25115 0.829138
25116 0.683318
25117 0.855672
25118 0.871399
25119 0.665245
25120 0.708572
25121 0.616648
25122 0.734723
25123 0.853377
25124 0.771938
25125 0.880474
25126 0.811399
25127 0.849308
25128 0.765897
25129 0.925216
25130 0.71537
25131 0.680909
25132 0.762577
25133 0.767321
25134 0.675437
25135 0.772603
25136 0.872004
25137 0.705986
25138 0.858417
25139 0.683583
25140 0.640654
25141 0.71163
25142 0.793528
25143 0.701885
25144 0.763537
25145 0.799852
25146 0.845648
25147 0.831958
25148 0.601174
25149 0.741987
25150 0.766391
25151 0.661093
25152 0.694188
25153 0.937522
25154 0.751335
25155 0.585898
25156 0.828899
25157 0.70419
25158 0.825725
25159 0.599693
25160 0.651707
25161 0.789276
25162 0.8065
25163 0.741509
25164 0.628011
25165 0.704183
25166 0.828052
25167 0.65122
25168 0.516007
25169 0.799779
25170 0.710372
25171 0.684959
25172 0.987189
25173 0.767522
25174 0.849275
25175 0.796289
25176 0.766765
25177 0.788702
25178 0.708254
25179 0.719825
25180 0.812
25181 0.787214
25182 0.787358
25183 0.745207
25184 0.802976
25185 0.793166
25186 0.839084
25187 0.927843
25188 0.796345
25189 0.79724
25190 0.730223
25191 0.710422
25192 0.871558
25193 0.817917
25194 0.740951
25195 0.94573
25196 0.867733
25197 0.690158
25198 0.835845
25199 0.869969
25200 0.740304
25201 0.911965
25202 0.780553
25203 0.943827
25204 0.737282
25205 0.877306
25206 0.937297
25207 0.752258
25208 0.834426
25209 0.93045
25210 0.714346
25211 0.747878
25212 0.923554
25213 0.96828
25214 0.79865
25215 0.970107
25216 0.783866
25217 0.841229
25218 0.91221
25219 0.898657
25220 0.786461
25221 0.697018
25222 0.908349
25223 0.819536
25224 0.803926
25225 0.867434
25226 0.92283
25227 0.54974
25228 0.627165
25229 0.703861
25230 0.917026
25231 0.721099
25232 0.847726
25233 0.683261
25234 0.689168
25235 0.971425
25236 0.727155
25237 0.695516
25238 0.583684
25239 0.79338
25240 0.88891
25241 0.810423
25242 0.660256
25243 0.826751
25244 0.603288
25245 0.752772
25246 0.80288
25247 0.739114
25248 0.81653
25249 0.773453
25250 0.77344
25251 0.780436
25252 0.983331
25253 0.74491
25254 0.935291
25255 0.721514
25256 0.774277
25257 0.808458
25258 0.756294
25259 0.691127
25260 0.802539
25261 0.791421
25262 0.731055
25263 0.795994
25264 0.881295
25265 0.710064
25266 0.728973
25267 0.796739
25268 0.878576
25269 0.747177
25270 0.879714
25271 0.457773
25272 0.699234
25273 0.718939
25274 0.914859
25275 0.670902
25276 0.671209
25277 0.757291
25278 0.844005
25279 0.875191
25280 0.720664
25281 0.817147
25282 0.681686
25283 0.917814
25284 0.759354
25285 0.773641
25286 0.814688
25287 0.761099
25288 0.844409
25289 0.700472
25290 0.910891
25291 0.832787
25292 0.893391
25293 0.836458
25294 0.747845
25295 0.932855
25296 0.855779
25297 0.517388
25298 0.691041
25299 0.720411
25300 0.825847
25301 0.778153
25302 0.624602
25303 0.865916
25304 0.895101
25305 0.736179
25306 0.920819
25307 0.660635
25308 0.890164
25309 0.916263
25310 0.71659
25311 0.552751
25312 0.931356
25313 0.692992
25314 0.772173
25315 0.898581
25316 0.854207
25317 0.662758
25318 0.736447
25319 0.87378
25320 0.783917
25321 0.949407
25322 0.797925
25323 0.82485
25324 0.747427
25325 0.903008
25326 0.866202
25327 0.670369
25328 0.817543
25329 0.868632
25330 0.834291
25331 0.861204
25332 0.896803
25333 0.829071
25334 0.6535
25335 0.812671
25336 0.805251
25337 0.757499
25338 0.756056
25339 0.838453
25340 0.765677
25341 0.805599
25342 0.864237
25343 0.961473
25344 0.638753
25345 0.886089
25346 0.816385
25347 0.650037
25348 0.813467
25349 0.85732
25350 0.707784
25351 0.838829
25352 0.821502
25353 0.73897
25354 0.72991
25355 0.877767
25356 0.854749
25357 0.814531
25358 0.792188
25359 0.841568
25360 0.690035
25361 0.819908
25362 0.787258
25363 0.81315
25364 0.673714
25365 0.884506
25366 0.735302
25367 0.791547
25368 0.570789
25369 0.910484
25370 0.745944
25371 0.914351
25372 0.925843
25373 0.833127
25374 0.719055
25375 0.694466
25376 0.835964
25377 0.678741
25378 0.68498
25379 0.786275
25380 0.886649
25381 0.790696
25382 0.94429
25383 0.813184
25384 0.905448
25385 0.960367
25386 0.741302
25387 0.791031
25388 0.893738
25389 0.926899
25390 0.82716
25391 0.814121
25392 0.83549
25393 0.869927
25394 0.789437
25395 0.765342
25396 0.784296
25397 0.891284
25398 0.757337
25399 0.756242
25400 0.713963
25401 0.968429
25402 0.894217
25403 0.869019
25404 0.645545
25405 0.790799
25406 0.866398
25407 0.610379
25408 0.785629
25409 0.752038
25410 0.848387
25411 0.848269
25412 0.739534
25413 0.748549
25414 0.781799
25415 0.648283
25416 0.774253
25417 0.69663
25418 0.853751
25419 0.930108
25420 0.82125
25421 0.734103
25422 0.6743
25423 0.762312
25424 0.762628
25425 0.783419
25426 0.784079
25427 0.899036
25428 0.954826
25429 0.760746
25430 0.777721
25431 0.815815
25432 0.953725
25433 0.869536
25434 0.747407
25435 0.588437
25436 0.701611
25437 0.759781
25438 0.746927
25439 0.744582
25440 0.835203
25441 0.806055
25442 0.82717
25443 0.919823
25444 0.690107
25445 0.647516
25446 0.973912
25447 0.738245
25448 0.884556
25449 0.716789
25450 0.8006
25451 0.910939
25452 0.668637
25453 0.668436
25454 0.480722
25455 0.805741
25456 0.693995
25457 0.717824
25458 0.830609
25459 0.753358
25460 0.748982
25461 0.675502
25462 0.640441
25463 0.712353
25464 0.814535
25465 0.890123
25466 0.74302
25467 0.682572
25468 0.731247
25469 0.848887
25470 0.628784
25471 0.839557
25472 0.838054
25473 0.740326
25474 0.715521
25475 0.892876
25476 0.870156
25477 0.500377
25478 0.78942
25479 0.689785
25480 0.708319
25481 0.755778
25482 0.765906
25483 0.587792
25484 0.754966
25485 0.941396
25486 0.782341
25487 0.776909
25488 0.732417
25489 0.64264
25490 0.841567
25491 0.770454
25492 0.754147
25493 0.899064
25494 0.905741
25495 0.701165
25496 0.925108
25497 0.750077
25498 0.716309
25499 0.921005
25500 0.809621
25501 0.631053
25502 0.816367
25503 0.822682
25504 0.900615
25505 0.854583
25506 0.73134
25507 0.817088
25508 0.706657
25509 0.889556
25510 0.743559
25511 0.900159
25512 0.790257
25513 0.759539
25514 0.900055
25515 0.712806
25516 0.699904
25517 0.710403
25518 0.874823
25519 0.891783
25520 0.636452
25521 0.755461
25522 0.535982
25523 0.700041
25524 0.76922
25525 0.862812
25526 0.782103
25527 0.777352
25528 0.828728
25529 0.827776
25530 0.980066
25531 0.806105
25532 0.821729
25533 0.936008
25534 0.798362
25535 0.766281
25536 0.782444
25537 0.759548
25538 0.837279
25539 0.928996
25540 0.43573
25541 0.825951
25542 0.750123
25543 0.782254
25544 0.914817
25545 0.740334
25546 0.720848
25547 0.772297
25548 0.841862
25549 0.800155
25550 0.801247
25551 0.584669
25552 0.584323
25553 0.940863
25554 0.935499
25555 0.905027
25556 0.762933
25557 0.746161
25558 0.803263
25559 0.862835
25560 0.866412
25561 0.905741
25562 0.949692
25563 0.920308
25564 0.751293
25565 0.735812
25566 0.590802
25567 0.8957
25568 0.84818
25569 0.919658
25570 0.670385
25571 0.920045
25572 0.632212
25573 0.761842
25574 0.717479
25575 0.95499
25576 0.893183
25577 0.829034
25578 0.756483
25579 0.855013
25580 0.811133
25581 0.914024
25582 0.639221
25583 0.836964
25584 0.927124
25585 0.752379
25586 0.918769
25587 0.60594
25588 0.798931
25589 0.67999
25590 0.849167
25591 0.697767
25592 0.806318
25593 0.788474
25594 0.829474
25595 0.66613
25596 0.703446
25597 0.679772
25598 0.749925
25599 0.675931
25600 0.837507
25601 0.684229
25602 0.758179
25603 0.775023
25604 0.776192
25605 0.819629
25606 0.628512
25607 0.880831
25608 0.851296
25609 0.97437
25610 0.733699
25611 0.894848
25612 0.812449
25613 0.929751
25614 0.813314
25615 0.869596
25616 0.917386
25617 0.71351
25618 0.832462
25619 0.881151
25620 0.864939
25621 0.761863
25622 0.739281
25623 0.740231
25624 0.781954
25625 0.612797
25626 0.893558
25627 0.837167
25628 0.895966
25629 0.784752
25630 0.780147
25631 0.835009
25632 0.735641
25633 0.855339
25634 0.831442
25635 0.867264
25636 0.674855
25637 0.818522
25638 0.940849
25639 0.924004
25640 0.860141
25641 0.746772
25642 0.519667
25643 0.695005
25644 0.816298
25645 0.887934
25646 0.787342
25647 0.616454
25648 0.836432
25649 0.70085
25650 0.704302
25651 0.827232
25652 0.750026
25653 0.945312
25654 0.744553
25655 0.58035
25656 0.831164
25657 0.798443
25658 0.778545
25659 0.839691
25660 0.818406
25661 0.861251
25662 0.792844
25663 0.844977
25664 0.835422
25665 0.777953
25666 0.888935
25667 0.876225
25668 0.787941
25669 0.69025
25670 0.882221
25671 0.755457
25672 0.890262
25673 0.942588
25674 0.839502
25675 0.756871
25676 0.813288
25677 0.953862
25678 0.831872
25679 0.790103
25680 0.763216
25681 0.768543
25682 0.889425
25683 0.880947
25684 0.793682
25685 0.721437
25686 0.952625
25687 0.773011
25688 0.859578
25689 0.53558
25690 0.834628
25691 0.872172
25692 0.883622
25693 0.744483
25694 0.805176
25695 0.845459
25696 0.578138
25697 0.702895
25698 0.830929
25699 0.858805
25700 0.781851
25701 0.941641
25702 0.831522
25703 0.919141
25704 0.876937
25705 0.556086
25706 0.910072
25707 0.639259
25708 0.906537
25709 0.752382
25710 0.5833
25711 0.788337
25712 0.881206
25713 0.784765
25714 0.879553
25715 0.720205
25716 0.900232
25717 0.892233
25718 0.773531
25719 0.932834
25720 0.856702
25721 0.770591
25722 0.706053
25723 0.635013
25724 0.812922
25725 0.75889
25726 0.960748
25727 0.871731
25728 0.83511
25729 0.766988
25730 0.598333
25731 0.790234
25732 0.973866
25733 0.821982
25734 0.77207
25735 0.775747
25736 0.961573
25737 0.828447
25738 0.849037
25739 0.957241
25740 0.834221
25741 0.775874
25742 0.912586
25743 0.716116
25744 0.819287
25745 0.657994
25746 0.622959
25747 0.809598
25748 0.774144
25749 0.823348
25750 0.854079
25751 0.784807
25752 0.756609
25753 0.918052
25754 0.702823
25755 0.810675
25756 0.86945
25757 0.729749
25758 0.793579
25759 0.768709
25760 0.920541
25761 0.821312
25762 0.83226
25763 0.689917
25764 0.64163
25765 0.534363
25766 0.754622
25767 0.774459
25768 0.705876
25769 0.788605
25770 0.793938
25771 0.830692
25772 0.581088
25773 0.664795
25774 0.901198
25775 0.841
25776 0.733646
25777 0.748182
25778 0.785325
25779 0.892964
25780 0.820359
25781 0.735537
25782 0.673463
25783 0.790669
25784 0.880871
25785 0.655287
25786 0.707154
25787 0.939246
25788 0.826015
25789 0.8928
25790 0.884348
25791 0.601313
25792 0.964351
25793 0.757916
25794 0.945057
25795 0.785596
25796 0.893906
25797 0.850214
25798 0.806843
25799 0.755825
25800 0.719652
25801 0.690756
25802 0.727537
25803 0.888642
25804 0.800197
25805 0.645985
25806 0.778029
25807 0.958145
25808 0.776257
25809 0.738204
25810 0.941299
25811 0.78045
25812 0.877828
25813 0.742526
25814 0.893381
25815 0.731823
25816 0.813118
25817 0.837808
25818 0.736134
25819 0.709839
25820 0.647563
25821 0.77059
25822 0.848018
25823 0.740107
25824 0.914013
25825 0.808945
25826 0.624797
25827 0.703297
25828 0.761883
25829 0.733514
25830 0.720572
25831 0.752277
25832 0.791934
25833 0.5774
25834 0.800138
25835 0.834793
25836 0.755534
25837 0.820145
25838 0.7708
25839 0.84099
25840 0.888971
25841 0.761495
25842 0.651615
25843 0.678434
25844 0.4888
25845 0.908738
25846 0.806538
25847 0.878863
25848 0.844722
25849 0.720601
25850 0.653308
25851 0.672674
25852 0.874036
25853 0.75081
25854 0.381241
25855 0.63329
25856 0.758266
25857 0.820589
25858 0.739527
25859 0.807366
25860 0.908755
25861 0.61257
25862 0.723554
25863 0.76809
25864 0.866826
25865 0.727217
25866 0.873823
25867 0.701452
25868 0.82859
25869 0.836503
25870 0.651008
25871 0.896567
25872 0.655715
25873 0.895165
25874 0.796189
25875 0.559599
25876 0.978904
25877 0.92328
25878 0.855947
25879 0.596621
25880 0.824862
25881 0.637697
25882 0.809668
25883 0.922498
25884 0.865004
25885 0.657972
25886 0.77813
25887 0.712983
25888 0.771692
25889 0.828663
25890 0.638742
25891 0.755299
25892 0.781623
25893 0.787484
25894 0.783079
25895 0.596294
25896 0.810822
25897 0.893028
25898 0.623409
25899 0.744613
25900 0.729994
25901 0.527549
25902 0.814051
25903 0.521364
25904 0.880301
25905 0.820016
25906 0.776794
25907 0.922296
25908 0.777651
25909 0.828521
25910 0.707788
25911 0.825687
25912 0.974454
25913 0.769138
25914 0.803563
25915 0.819865
25916 0.690993
25917 0.737464
25918 0.848023
25919 0.707819
25920 0.470002
25921 0.902818
25922 0.86055
25923 0.846917
25924 0.753378
25925 0.960343
25926 0.946945
25927 0.670638
25928 0.778251
25929 0.592693
25930 0.889579
25931 0.688293
25932 0.756107
25933 0.904612
25934 0.872106
25935 0.836417
25936 0.875711
25937 0.986041
25938 0.914419
25939 0.82685
25940 0.950744
25941 0.676695
25942 0.79332
25943 0.898183
25944 0.728911
25945 0.820239
25946 0.907553
25947 0.855884
25948 0.730671
25949 0.929973
25950 0.889128
25951 0.756853
25952 0.935243
25953 0.732933
25954 0.737106
25955 0.691818
25956 0.796997
25957 0.887235
25958 0.90381
25959 0.599107
25960 0.757147
25961 0.845321
25962 0.580732
25963 0.756208
25964 0.835553
25965 0.810509
25966 0.870476
25967 0.751634
25968 0.639199
25969 0.802802
25970 0.723914
25971 0.896184
25972 0.844493
25973 0.623545
25974 0.932307
25975 0.736968
25976 0.727925
25977 0.890693
25978 0.856312
25979 0.69932
25980 0.907058
25981 0.813402
25982 0.68668
25983 0.772696
25984 0.748472
25985 0.906894
25986 0.742091
25987 0.801294
25988 0.843397
25989 0.787802
25990 0.824042
25991 0.66251
25992 0.902917
25993 0.822404
25994 0.800726
25995 0.744578
25996 0.642584
25997 0.864454
25998 0.403565
25999 0.700991
26000 0.6945
26001 0.828439
26002 0.910356
26003 0.656145
26004 0.761076
26005 0.798291
26006 0.970296
26007 0.85653
26008 0.910224
26009 0.675976
26010 0.860392
26011 0.834974
26012 0.893881
26013 0.777893
26014 0.740112
26015 0.756764
26016 0.879396
26017 0.735456
26018 0.767467
26019 0.880615
26020 0.765564
26021 0.725686
26022 0.807431
26023 0.796645
26024 0.941078
26025 0.745416
26026 0.875341
26027 0.682813
26028 0.799211
26029 0.82379
26030 0.622983
26031 0.740607
26032 0.858617
26033 0.764553
26034 0.843592
26035 0.875227
26036 0.803425
26037 0.826785
26038 0.590472
26039 0.773372
26040 0.760818
26041 0.917089
26042 0.92457
26043 0.798871
26044 0.750441
26045 0.800679
26046 0.726095
26047 0.839026
26048 0.736896
26049 0.739357
26050 0.681191
26051 0.799413
26052 0.87543
26053 0.783738
26054 0.777322
26055 0.669749
26056 0.755075
26057 0.669891
26058 0.825699
26059 0.826093
26060 0.755074
26061 0.789851
26062 0.90838
26063 0.730166
26064 0.975688
26065 0.674928
26066 0.800152
26067 0.627468
26068 0.677456
26069 0.705613
26070 0.83461
26071 0.905243
26072 0.771058
26073 0.777418
26074 0.849383
26075 0.883715
26076 0.908505
26077 0.72349
26078 0.877216
26079 0.675487
26080 0.834232
26081 0.715909
26082 0.892303
26083 0.857928
26084 0.852202
26085 0.8126
26086 0.753675
26087 0.925996
26088 0.892524
26089 0.759815
26090 0.669887
26091 0.701651
26092 0.95728
26093 0.697716
26094 0.962997
26095 0.689754
26096 0.675002
26097 0.774177
26098 0.789255
26099 0.739543
26100 0.770489
26101 0.654763
26102 0.766405
26103 0.776041
26104 0.778857
26105 0.815964
26106 0.656852
26107 0.937138
26108 0.600503
26109 0.802978
26110 0.58651
26111 0.854548
26112 0.723462
26113 0.682325
26114 0.69811
26115 0.91958
26116 0.881998
26117 0.795815
26118 0.873632
26119 0.879395
26120 0.826169
26121 0.899166
26122 0.50917
26123 0.768618
26124 0.812321
26125 0.690914
26126 0.726904
26127 0.874495
26128 0.954481
26129 0.727637
26130 0.779662
26131 0.85391
26132 0.89445
26133 0.701124
26134 0.783884
26135 0.814876
26136 0.880505
26137 0.870392
26138 0.903859
26139 0.719076
26140 0.787811
26141 0.845296
26142 0.916769
26143 0.616562
26144 0.760918
26145 0.745715
26146 0.746255
26147 0.770202
26148 0.913741
26149 0.637943
26150 0.775612
26151 0.710774
26152 0.758592
26153 0.898995
26154 0.78686
26155 0.728796
26156 0.816309
26157 0.765946
26158 0.920991
26159 0.689705
26160 0.866442
26161 0.817417
26162 0.824496
26163 0.496355
26164 0.77693
26165 0.692245
26166 0.945276
26167 0.913886
26168 0.504511
26169 0.965421
26170 0.540086
26171 0.83414
26172 0.680581
26173 0.586241
26174 0.713828
26175 0.768047
26176 0.867941
26177 0.888
26178 0.869925
26179 0.850461
26180 0.790294
26181 0.625231
26182 0.829747
26183 0.790936
26184 0.951863
26185 0.633769
26186 0.89887
26187 0.809258
26188 0.732828
26189 0.749273
26190 0.850881
26191 0.748911
26192 0.780204
26193 0.818812
26194 0.684337
26195 0.89535
26196 0.657061
26197 0.531978
26198 0.788309
26199 0.684644
26200 0.682699
26201 0.730546
26202 0.792069
26203 0.703707
26204 0.779884
26205 0.687557
26206 0.916595
26207 0.753011
26208 0.677753
26209 0.791637
26210 0.908714
26211 0.591973
26212 0.815179
26213 0.84103
26214 0.760691
26215 0.803691
26216 0.772255
26217 0.9388
26218 0.839136
26219 0.651874
26220 0.8952
26221 0.797644
26222 0.884091
26223 0.810568
26224 0.73242
26225 0.913884
26226 0.8378
26227 0.641566
26228 0.810036
26229 0.925849
26230 0.727775
26231 0.79939
26232 0.965755
26233 0.870437
26234 0.841965
26235 0.864332
26236 0.665435
26237 0.772613
26238 0.794239
26239 0.896757
26240 0.849022
26241 0.759956
26242 0.682048
26243 0.921071
26244 0.88809
26245 0.722002
26246 0.768152
26247 0.708875
26248 0.787708
26249 0.807984
26250 0.757106
26251 0.821698
26252 0.972567
26253 0.880769
26254 0.738798
26255 0.786837
26256 0.802319
26257 0.690501
26258 0.902787
26259 0.947637
26260 0.790646
26261 0.846455
26262 0.763449
26263 0.775182
26264 0.61926
26265 0.730644
26266 0.770909
26267 0.637032
26268 0.762425
26269 0.92898
26270 0.90977
26271 0.859259
26272 0.860693
26273 0.918972
26274 0.852691
26275 0.737425
26276 0.703781
26277 0.788086
26278 0.902009
26279 0.715569
26280 0.911352
26281 0.781302
26282 0.797336
26283 0.934265
26284 0.789763
26285 0.914396
26286 0.771373
26287 0.879326
26288 0.79447
26289 0.951572
26290 0.639393
26291 0.88695
26292 0.723437
26293 0.823382
26294 0.900622
26295 0.750391
26296 0.720463
26297 0.815984
26298 0.890725
26299 0.782086
26300 0.74878
26301 0.945395
26302 0.672943
26303 0.83019
26304 0.726441
26305 0.933067
26306 0.5536
26307 0.946117
26308 0.818834
26309 0.765653
26310 0.637411
26311 0.743071
26312 0.737096
26313 0.805706
26314 0.95712
26315 0.729023
26316 0.683304
26317 0.842051
26318 0.684392
26319 0.842348
26320 0.960893
26321 0.706592
26322 0.821267
26323 0.725536
26324 0.822404
26325 0.634838
26326 0.713419
26327 0.757695
26328 0.554919
26329 0.905452
26330 0.740344
26331 0.980136
26332 0.780387
26333 0.710845
26334 0.936765
26335 0.932884
26336 0.467647
26337 0.860075
26338 0.948864
26339 0.768743
26340 0.696431
26341 0.822025
26342 0.794155
26343 0.551531
26344 0.65518
26345 0.795342
26346 0.844726
26347 0.769403
26348 0.731645
26349 0.844238
26350 0.67166
26351 0.497644
26352 0.872282
26353 0.618038
26354 0.726738
26355 0.940124
26356 0.837001
26357 0.880952
26358 0.779757
26359 0.832903
26360 0.959544
26361 0.816391
26362 0.801288
26363 0.877982
26364 0.780013
26365 0.791732
26366 0.953013
26367 0.682392
26368 0.715641
26369 0.974072
26370 0.906211
26371 0.734198
26372 0.773385
26373 0.811586
26374 0.810785
26375 0.877426
26376 0.859259
26377 0.949545
26378 0.891741
26379 0.707257
26380 0.643626
26381 0.953406
26382 0.823331
26383 0.859382
26384 0.871343
26385 0.779916
26386 0.837337
26387 0.649961
26388 0.776305
26389 0.649767
26390 0.952625
26391 0.781519
26392 0.814315
26393 0.727723
26394 0.871079
26395 0.859229
26396 0.862987
26397 0.73784
26398 0.859419
26399 0.841917
26400 0.80405
26401 0.730646
26402 0.836851
26403 0.693938
26404 0.763452
26405 0.746468
26406 0.897491
26407 0.821283
26408 0.755965
26409 0.815065
26410 0.829195
26411 0.788384
26412 0.742818
26413 0.934567
26414 0.757967
26415 0.786498
26416 0.682357
26417 0.713643
26418 0.764829
26419 0.928362
26420 0.966247
26421 0.822437
26422 0.872094
26423 0.865512
26424 0.762663
26425 0.858018
26426 0.606269
26427 0.696954
26428 0.976793
26429 0.954499
26430 0.722887
26431 0.794218
26432 0.646369
26433 0.594293
26434 0.804064
26435 0.738928
26436 0.825596
26437 0.711537
26438 0.721536
26439 0.603644
26440 0.894476
26441 0.800634
26442 0.920573
26443 0.643429
26444 0.791199
26445 0.788377
26446 0.852532
26447 0.469321
26448 0.830446
26449 0.611746
26450 0.986932
26451 0.819092
26452 0.775444
26453 0.879659
26454 0.661151
26455 0.921894
26456 0.56997
26457 0.859413
26458 0.839787
26459 0.907472
26460 0.819453
26461 0.775289
26462 0.730583
26463 0.736593
26464 0.680001
26465 0.871434
26466 0.857708
26467 0.787118
26468 0.829045
26469 0.789233
26470 0.960853
26471 0.749436
26472 0.807747
26473 0.650507
26474 0.788289
26475 0.816702
26476 0.787262
26477 0.937466
26478 0.764292
26479 0.76263
26480 0.754021
26481 0.902115
26482 0.76264
26483 0.769732
26484 0.683052
26485 0.798916
26486 0.818835
26487 0.702968
26488 0.782484
26489 0.762855
26490 0.753563
26491 0.524874
26492 0.606878
26493 0.730741
26494 0.89282
26495 0.830119
26496 0.80451
26497 0.667327
26498 0.771668
26499 0.911405
26500 0.740609
26501 0.819201
26502 0.731515
26503 0.753264
26504 0.60188
26505 0.908211
26506 0.733203
26507 0.7083
26508 0.854644
26509 0.694188
26510 0.907369
26511 0.976711
26512 0.834358
26513 0.732926
26514 0.733174
26515 0.767546
26516 0.850782
26517 0.701818
26518 0.921557
26519 0.687516
26520 0.559092
26521 0.663271
26522 0.797786
26523 0.838628
26524 0.755504
26525 0.749586
26526 0.735167
26527 0.759463
26528 0.692606
26529 0.644464
26530 0.765446
26531 0.724026
26532 0.687771
26533 0.872766
26534 0.856144
26535 0.880992
26536 0.906708
26537 0.923543
26538 0.765038
26539 0.805321
26540 0.917645
26541 0.845925
26542 0.710412
26543 0.867389
26544 0.721291
26545 0.957604
26546 0.924821
26547 0.831322
26548 0.756845
26549 0.797838
26550 0.927387
26551 0.515461
26552 0.902309
26553 0.755405
26554 0.888913
26555 0.954648
26556 0.920056
26557 0.890713
26558 0.645608
26559 0.943726
26560 0.720026
26561 0.787438
26562 0.886882
26563 0.980173
26564 0.738343
26565 0.800379
26566 0.659984
26567 0.896457
26568 0.823614
26569 0.786408
26570 0.528196
26571 0.782973
26572 0.868069
26573 0.716264
26574 0.876319
26575 0.902179
26576 0.856858
26577 0.600825
26578 0.621552
26579 0.910618
26580 0.931157
26581 0.822439
26582 0.791367
26583 0.68798
26584 0.684361
26585 0.880827
26586 0.700131
26587 0.68439
26588 0.60237
26589 0.664349
26590 0.830115
26591 0.819184
26592 0.830087
26593 0.754786
26594 0.697465
26595 0.661247
26596 0.807347
26597 0.870705
26598 0.852161
26599 0.627742
26600 0.878648
26601 0.685916
26602 0.863504
26603 0.892086
26604 0.772547
26605 0.843722
26606 0.824313
26607 0.892936
26608 0.890271
26609 0.799898
26610 0.562487
26611 0.773382
26612 0.783602
26613 0.674407
26614 0.868476
26615 0.706432
26616 0.686341
26617 0.683411
26618 0.747852
26619 0.735902
26620 0.830672
26621 0.881497
26622 0.493873
26623 0.586096
26624 0.950694
26625 0.735819
26626 0.81457
26627 0.753095
26628 0.675647
26629 0.540756
26630 0.688357
26631 0.675952
26632 0.653916
26633 0.841392
26634 0.845888
26635 0.720945
26636 0.649104
26637 0.911681
26638 0.852559
26639 0.921572
26640 0.851841
26641 0.820455
26642 0.702026
26643 0.705494
26644 0.799734
26645 0.614595
26646 0.737539
26647 0.742414
26648 0.734817
26649 0.638896
26650 0.83951
26651 0.595758
26652 0.883755
26653 0.817791
26654 0.899879
26655 0.824081
26656 0.738062
26657 0.990203
26658 0.783442
26659 0.804605
26660 0.844444
26661 0.748499
26662 0.84833
26663 0.785444
26664 0.905522
26665 0.793389
26666 0.863621
26667 0.567254
26668 0.761233
26669 0.963916
26670 0.939646
26671 0.894657
26672 0.949148
26673 0.576291
26674 0.718958
26675 0.739654
26676 0.841223
26677 0.630103
26678 0.581431
26679 0.790005
26680 0.810527
26681 0.775226
26682 0.800137
26683 0.98188
26684 0.781558
26685 0.859536
26686 0.886756
26687 0.757172
26688 0.861699
26689 0.775637
26690 0.85976
26691 0.757041
26692 0.921438
26693 0.896039
26694 0.735036
26695 0.787375
26696 0.743329
26697 0.731085
26698 0.696036
26699 0.69014
26700 0.899363
26701 0.735958
26702 0.749351
26703 0.707421
26704 0.76818
26705 0.69598
26706 0.671142
26707 0.913541
26708 0.793532
26709 0.741675
26710 0.747685
26711 0.731789
26712 0.713143
26713 0.865775
26714 0.951432
26715 0.6926
26716 0.853384
26717 0.607409
26718 0.841799
26719 0.741174
26720 0.795015
26721 0.934631
26722 0.82693
26723 0.889305
26724 0.838204
26725 0.811839
26726 0.688754
26727 0.665576
26728 0.939097
26729 0.924345
26730 0.720133
26731 0.626196
26732 0.902158
26733 0.91459
26734 0.941294
26735 0.770509
26736 0.861553
26737 0.787967
26738 0.815185
26739 0.991176
26740 0.641784
26741 0.793653
26742 0.80801
26743 0.807543
26744 0.941052
26745 0.77469
26746 0.829183
26747 0.667975
26748 0.904528
26749 0.802403
26750 0.802859
26751 0.801389
26752 0.569244
26753 0.753339
26754 0.631942
26755 0.938628
26756 0.66703
26757 0.713261
26758 0.747287
26759 0.870789
26760 0.690329
26761 0.757488
26762 0.713526
26763 0.682459
26764 0.657043
26765 0.765865
26766 0.726041
26767 0.707973
26768 0.900993
26769 0.833534
26770 0.686622
26771 0.770375
26772 0.731645
26773 0.843756
26774 0.626016
26775 0.921161
26776 0.862454
26777 0.561873
26778 0.67276
26779 0.706656
26780 0.820653
26781 0.777017
26782 0.900466
26783 0.830364
26784 0.821359
26785 0.928143
26786 0.95577
26787 0.907044
26788 0.875722
26789 0.676308
26790 0.710893
26791 0.885552
26792 0.595933
26793 0.805139
26794 0.629354
26795 0.826417
26796 0.583408
26797 0.68506
26798 0.827281
26799 0.688351
26800 0.849813
26801 0.835956
26802 0.785051
26803 0.923314
26804 0.76972
26805 0.540951
26806 0.694336
26807 0.85421
26808 0.708895
26809 0.95752
26810 0.64764
26811 0.627307
26812 0.975193
26813 0.658004
26814 0.980095
26815 0.806994
26816 0.804865
26817 0.58955
26818 0.858999
26819 0.784344
26820 0.709346
26821 0.871443
26822 0.694207
26823 0.903245
26824 0.748873
26825 0.803739
26826 0.664941
26827 0.782082
26828 0.988614
26829 0.943918
26830 0.726152
26831 0.686613
26832 0.963295
26833 0.879696
26834 0.749573
26835 0.634891
26836 0.82027
26837 0.734318
26838 0.695269
26839 0.900935
26840 0.563966
26841 0.621495
26842 0.596973
26843 0.617088
26844 0.833253
26845 0.634576
26846 0.719002
26847 0.879971
26848 0.819978
26849 0.866242
26850 0.955748
26851 0.677893
26852 0.764354
26853 0.820725
26854 0.755062
26855 0.792357
26856 0.729005
26857 0.712981
26858 0.702282
26859 0.871032
26860 0.901435
26861 0.760079
26862 0.781176
26863 0.790807
26864 0.688811
26865 0.889131
26866 0.823584
26867 0.68246
26868 0.670542
26869 0.727206
26870 0.771701
26871 0.811777
26872 0.815938
26873 0.78332
26874 0.858891
26875 0.858466
26876 0.814659
26877 0.843185
26878 0.88625
26879 0.672488
26880 0.76683
26881 0.500967
26882 0.690029
26883 0.705986
26884 0.680992
26885 0.976106
26886 0.734065
26887 0.908253
26888 0.782889
26889 0.672921
26890 0.759119
26891 0.788481
26892 0.929781
26893 0.841337
26894 0.934824
26895 0.833305
26896 0.777522
26897 0.766457
26898 0.676187
26899 0.941128
26900 0.941657
26901 0.617482
26902 0.702898
26903 0.757818
26904 0.946027
26905 0.910539
26906 0.713897
26907 0.705274
26908 0.614581
26909 0.849421
26910 0.841363
26911 0.937639
26912 0.970845
26913 0.811081
26914 0.730298
26915 0.822529
26916 0.85778
26917 0.831191
26918 0.728558
26919 0.912113
26920 0.92304
26921 0.658887
26922 0.812352
26923 0.643428
26924 0.65915
26925 0.735174
26926 0.918021
26927 0.920944
26928 0.668801
26929 0.889076
26930 0.541452
26931 0.749806
26932 0.706281
26933 0.935429
26934 0.902828
26935 0.836259
26936 0.813033
26937 0.733905
26938 0.82386
26939 0.755678
26940 0.739939
26941 0.985336
26942 0.892827
26943 0.709371
26944 0.84014
26945 0.628377
26946 0.77212
26947 0.711009
26948 0.688284
26949 0.840895
26950 0.696388
26951 0.895749
26952 0.658902
26953 0.786189
26954 0.868217
26955 0.91955
26956 0.875777
26957 0.746528
26958 0.877264
26959 0.644146
26960 0.73407
26961 0.554483
26962 0.916656
26963 0.846423
26964 0.913046
26965 0.847545
26966 0.838771
26967 0.675905
26968 0.608402
26969 0.636141
26970 0.468656
26971 0.876734
26972 0.631634
26973 0.873031
26974 0.740293
26975 0.892478
26976 0.835241
26977 0.799853
26978 0.816768
26979 0.686978
26980 0.666969
26981 0.715732
26982 0.825226
26983 0.734119
26984 0.762017
26985 0.863815
26986 0.940982
26987 0.85917
26988 0.615694
26989 0.719458
26990 0.578789
26991 0.859656
26992 0.728535
26993 0.905267
26994 0.643248
26995 0.647697
26996 0.910153
26997 0.695028
26998 0.730773
26999 0.947801
27000 0.67218
27001 0.774975
27002 0.665327
27003 0.858311
27004 0.845683
27005 0.699554
27006 0.894595
27007 0.775035
27008 0.718356
27009 0.809414
27010 0.662418
27011 0.805955
27012 0.934283
27013 0.814941
27014 0.759192
27015 0.589477
27016 0.645819
27017 0.750599
27018 0.823296
27019 0.973478
27020 0.705042
27021 0.808676
27022 0.7884
27023 0.765161
27024 0.85617
27025 0.795886
27026 0.898671
27027 0.862495
27028 0.893892
27029 0.830377
27030 0.854396
27031 0.865595
27032 0.794597
27033 0.741268
27034 0.784043
27035 0.708918
27036 0.881849
27037 0.844535
27038 0.690721
27039 0.839759
27040 0.844102
27041 0.941397
27042 0.836671
27043 0.88399
27044 0.846725
27045 0.757913
27046 0.883982
27047 0.792721
27048 0.823864
27049 0.829563
27050 0.811722
27051 0.686495
27052 0.951544
27053 0.533029
27054 0.969767
27055 0.685085
27056 0.764301
27057 0.771342
27058 0.686207
27059 0.775552
27060 0.937276
27061 0.739881
27062 0.852594
27063 0.481081
27064 0.646949
27065 0.799044
27066 0.769165
27067 0.561255
27068 0.871028
27069 0.787962
27070 0.740044
27071 0.769009
27072 0.769085
27073 0.896415
27074 0.540365
27075 0.750453
27076 0.814671
27077 0.752648
27078 0.732292
27079 0.776317
27080 0.692674
27081 0.890773
27082 0.908605
27083 0.815538
27084 0.738975
27085 0.832258
27086 0.740598
27087 0.637586
27088 0.608277
27089 0.861574
27090 0.660205
27091 0.732369
27092 0.777545
27093 0.702322
27094 0.619335
27095 0.91561
27096 0.717226
27097 0.704024
27098 0.801625
27099 0.795334
27100 0.903326
27101 0.597655
27102 0.615618
27103 0.799761
27104 0.754749
27105 0.972137
27106 0.673786
27107 0.860726
27108 0.759492
27109 0.729122
27110 0.878488
27111 0.860405
27112 0.813496
27113 0.741568
27114 0.825761
27115 0.525289
27116 0.964618
27117 0.781079
27118 0.763648
27119 0.89573
27120 0.967007
27121 0.842097
27122 0.875628
27123 0.70495
27124 0.862285
27125 0.902159
27126 0.731452
27127 0.704731
27128 0.734043
27129 0.826193
27130 0.938535
27131 0.73589
27132 0.884263
27133 0.845678
27134 0.855704
27135 0.949215
27136 0.772964
27137 0.767902
27138 0.759669
27139 0.815862
27140 0.803112
27141 0.839572
27142 0.875132
27143 0.697302
27144 0.711924
27145 0.892672
27146 0.7641
27147 0.768512
27148 0.639947
27149 0.665121
27150 0.734081
27151 0.862602
27152 0.675234
27153 0.699419
27154 0.905724
27155 0.751968
27156 0.590151
27157 0.98427
27158 0.696496
27159 0.833745
27160 0.821517
27161 0.741234
27162 0.807951
27163 0.727944
27164 0.784272
27165 0.874863
27166 0.854034
27167 0.85985
27168 0.745778
27169 0.652631
27170 0.637118
27171 0.922701
27172 0.826151
27173 0.830529
27174 0.808752
27175 0.816452
27176 0.853614
27177 0.675046
27178 0.898153
27179 0.789213
27180 0.797283
27181 0.662703
27182 0.868707
27183 0.778819
27184 0.727445
27185 0.66833
27186 0.865979
27187 0.856498
27188 0.928982
27189 0.87748
27190 0.801718
27191 0.796298
27192 0.640894
27193 0.758649
27194 0.626061
27195 0.750789
27196 0.827653
27197 0.849195
27198 0.776926
27199 0.594497
27200 0.764463
27201 0.678457
27202 0.780627
27203 0.664319
27204 0.860015
27205 0.85262
27206 0.754113
27207 0.868786
27208 0.714894
27209 0.791309
27210 0.69253
27211 0.952242
27212 0.686081
27213 0.93029
27214 0.92861
27215 0.904614
27216 0.852429
27217 0.972583
27218 0.889436
27219 0.671977
27220 0.929404
27221 0.804517
27222 0.79019
27223 0.780926
27224 0.862451
27225 0.755786
27226 0.879854
27227 0.768405
27228 0.673381
27229 0.815788
27230 0.652512
27231 0.743646
27232 0.576853
27233 0.798476
27234 0.633491
27235 0.738903
27236 0.826155
27237 0.683121
27238 0.762016
27239 0.929543
27240 0.677101
27241 0.853712
27242 0.764816
27243 0.663749
27244 0.837915
27245 0.597634
27246 0.547015
27247 0.749615
27248 0.796058
27249 0.645787
27250 0.802082
27251 0.914313
27252 0.744232
27253 0.729616
27254 0.714248
27255 0.684215
27256 0.946519
27257 0.982502
27258 0.869953
27259 0.870024
27260 0.795975
27261 0.919925
27262 0.640785
27263 0.824122
27264 0.796886
27265 0.664209
27266 0.822353
27267 0.880371
27268 0.61299
27269 0.84563
27270 0.659821
27271 0.825917
27272 0.803289
27273 0.470132
27274 0.869939
27275 0.887317
27276 0.643508
27277 0.670047
27278 0.719972
27279 0.627394
27280 0.892677
27281 0.831709
27282 0.797888
27283 0.784921
27284 0.859327
27285 0.863082
27286 0.687568
27287 0.759912
27288 0.661769
27289 0.762516
27290 0.883123
27291 0.785971
27292 0.883123
27293 0.605895
27294 0.71326
27295 0.899781
27296 0.671641
27297 0.611561
27298 0.826551
27299 0.902901
27300 0.75149
27301 0.80207
27302 0.918507
27303 0.796345
27304 0.929828
27305 0.831411
27306 0.706659
27307 0.853375
27308 0.828382
27309 0.692455
27310 0.81874
27311 0.889928
27312 0.855811
27313 0.875476
27314 0.801807
27315 0.80023
27316 0.759468
27317 0.887416
27318 0.848149
27319 0.784829
27320 0.811486
27321 0.68763
27322 0.631231
27323 0.767641
27324 0.810197
27325 0.899918
27326 0.654131
27327 0.937736
27328 0.735725
27329 0.613179
27330 0.740879
27331 0.684744
27332 0.942452
27333 0.850828
27334 0.884482
27335 0.74123
27336 0.79422
27337 0.749939
27338 0.873274
27339 0.75643
27340 0.869052
27341 0.627444
27342 0.693645
27343 0.588449
27344 0.758109
27345 0.80932
27346 0.659908
27347 0.588002
27348 0.738433
27349 0.738423
27350 0.959125
27351 0.784123
27352 0.662056
27353 0.801864
27354 0.884273
27355 0.664886
27356 0.712045
27357 0.925039
27358 0.903789
27359 0.522693
27360 0.865245
27361 0.826035
27362 0.783484
27363 0.87973
27364 0.713839
27365 0.493121
27366 0.833712
27367 0.761988
27368 0.780582
27369 0.769798
27370 0.778584
27371 0.823444
27372 0.859435
27373 0.893392
27374 0.811884
27375 0.739867
27376 0.798784
27377 0.640686
27378 0.87262
27379 0.951188
27380 0.833921
27381 0.810441
27382 0.907852
27383 0.895952
27384 0.697723
27385 0.669723
27386 0.832572
27387 0.706888
27388 0.986548
27389 0.665579
27390 0.861353
27391 0.631594
27392 0.652305
27393 0.918246
27394 0.929018
27395 0.751194
27396 0.68627
27397 0.949405
27398 0.776713
27399 0.767913
27400 0.816476
27401 0.6876
27402 0.766991
27403 0.752564
27404 0.934005
27405 0.901821
27406 0.680981
27407 0.767408
27408 0.709361
27409 0.872632
27410 0.654918
27411 0.661199
27412 0.924218
27413 0.862408
27414 0.885439
27415 0.82169
27416 0.837265
27417 0.896356
27418 0.816289
27419 0.880782
27420 0.637865
27421 0.825074
27422 0.886652
27423 0.715166
27424 0.83148
27425 0.717445
27426 0.817804
27427 0.781749
27428 0.703788
27429 0.841887
27430 0.86338
27431 0.6805
27432 0.671567
27433 0.686672
27434 0.66132
27435 0.961653
27436 0.801445
27437 0.789993
27438 0.656038
27439 0.749747
27440 0.777638
27441 0.810904
27442 0.79476
27443 0.618915
27444 0.76478
27445 0.895055
27446 0.956281
27447 0.835747
27448 0.892106
27449 0.966713
27450 0.757237
27451 0.697243
27452 0.752429
27453 0.775013
27454 0.904534
27455 0.770436
27456 0.872447
27457 0.730125
27458 0.750518
27459 0.790572
27460 0.820332
27461 0.690608
27462 0.840624
27463 0.837266
27464 0.650329
27465 0.904955
27466 0.881374
27467 0.632908
27468 0.799355
27469 0.653352
27470 0.921154
27471 0.767507
27472 0.711851
27473 0.836367
27474 0.738245
27475 0.757158
27476 0.512042
27477 0.802128
27478 0.932856
27479 0.794792
27480 0.75384
27481 0.7645
27482 0.878728
27483 0.958591
27484 0.890113
27485 0.932953
27486 0.910609
27487 0.686802
27488 0.730065
27489 0.802105
27490 0.901744
27491 0.974424
27492 0.776182
27493 0.765056
27494 0.754153
27495 0.775645
27496 0.639546
27497 0.776474
27498 0.846227
27499 0.768262
27500 0.83234
27501 0.87066
27502 0.934296
27503 0.81273
27504 0.573668
27505 0.692586
27506 0.929782
27507 0.893276
27508 0.882425
27509 0.788522
27510 0.770669
27511 0.829552
27512 0.839053
27513 0.806112
27514 0.644515
27515 0.730639
27516 0.932417
27517 0.729574
27518 0.741599
27519 0.921619
27520 0.853456
27521 0.697603
27522 0.677926
27523 0.804502
27524 0.885107
27525 0.801486
27526 0.736706
27527 0.899563
27528 0.882339
27529 0.746254
27530 0.782376
27531 0.687264
27532 0.671339
27533 0.732956
27534 0.887179
27535 0.773585
27536 0.664547
27537 0.771576
27538 0.7058
27539 0.769062
27540 0.805869
27541 0.734013
27542 0.701314
27543 0.713914
27544 0.718108
27545 0.799484
27546 0.591492
27547 0.933882
27548 0.620056
27549 0.858217
27550 0.639955
27551 0.619808
27552 0.667699
27553 0.511607
27554 0.745562
27555 0.861112
27556 0.87837
27557 0.788322
27558 0.905823
27559 0.807141
27560 0.780702
27561 0.719914
27562 0.706445
27563 0.812841
27564 0.799569
27565 0.879508
27566 0.798537
27567 0.843189
27568 0.703825
27569 0.894674
27570 0.711243
27571 0.736825
27572 0.571457
27573 0.594771
27574 0.861588
27575 0.552415
27576 0.934932
27577 0.853342
27578 0.720478
27579 0.839907
27580 0.787652
27581 0.596263
27582 0.86915
27583 0.832615
27584 0.932914
27585 0.81118
27586 0.820571
27587 0.779938
27588 0.882507
27589 0.796747
27590 0.835132
27591 0.765916
27592 0.928516
27593 0.892588
27594 0.877804
27595 0.608559
27596 0.779685
27597 0.840462
27598 0.812828
27599 0.750508
27600 0.65526
27601 0.824015
27602 0.789343
27603 0.829282
27604 0.872704
27605 0.792679
27606 0.76407
27607 0.709888
27608 0.865798
27609 0.672071
27610 0.623135
27611 0.832358
27612 0.784858
27613 0.825087
27614 0.880722
27615 0.854426
27616 0.825334
27617 0.904585
27618 0.712132
27619 0.784388
27620 0.803074
27621 0.685205
27622 0.7923
27623 0.732251
27624 0.755757
27625 0.816018
27626 0.726799
27627 0.708719
27628 0.788171
27629 0.859714
27630 0.853566
27631 0.853181
27632 0.7415
27633 0.729513
27634 0.799952
27635 0.683242
27636 0.898185
27637 0.821883
27638 0.568711
27639 0.71844
27640 0.837051
27641 0.836071
27642 0.708475
27643 0.715451
27644 0.838346
27645 0.91868
27646 0.834394
27647 0.884655
27648 0.64005
27649 0.83874
27650 0.780139
27651 0.793648
27652 0.830267
27653 0.757612
27654 0.971087
27655 0.725785
27656 0.740828
27657 0.690055
27658 0.882893
27659 0.726124
27660 0.872578
27661 0.934759
27662 0.778148
27663 0.836651
27664 0.673327
27665 0.828151
27666 0.650231
27667 0.752203
27668 0.911223
27669 0.822562
27670 0.980094
27671 0.784384
27672 0.731842
27673 0.754737
27674 0.732736
27675 0.955197
27676 0.883127
27677 0.906879
27678 0.727117
27679 0.676182
27680 0.865028
27681 0.84723
27682 0.953096
27683 0.704296
27684 0.806894
27685 0.89384
27686 0.617538
27687 0.835172
27688 0.750658
27689 0.746496
27690 0.67561
27691 0.748398
27692 0.692929
27693 0.82482
27694 0.939873
27695 0.863994
27696 0.795332
27697 0.706311
27698 0.734683
27699 0.861478
27700 0.875937
27701 0.844024
27702 0.779309
27703 0.895144
27704 0.827837
27705 0.939662
27706 0.647507
27707 0.785911
27708 0.72697
27709 0.586072
27710 0.852205
27711 0.627108
27712 0.747947
27713 0.778834
27714 0.796319
27715 0.800574
27716 0.787444
27717 0.531675
27718 0.747828
27719 0.640644
27720 0.650732
27721 0.827444
27722 0.83624
27723 0.775045
27724 0.868582
27725 0.747205
27726 0.725208
27727 0.853064
27728 0.923407
27729 0.859612
27730 0.884688
27731 0.929265
27732 0.869629
27733 0.932103
27734 0.804827
27735 0.875748
27736 0.816834
27737 0.862804
27738 0.79443
27739 0.800673
27740 0.882918
27741 0.581452
27742 0.833665
27743 0.903812
27744 0.869696
27745 0.941661
27746 0.794864
27747 0.900278
27748 0.700034
27749 0.796739
27750 0.913346
27751 0.805649
27752 0.933783
27753 0.898313
27754 0.682591
27755 0.729001
27756 0.718421
27757 0.730441
27758 0.918266
27759 0.901352
27760 0.571361
27761 0.860395
27762 0.682818
27763 0.837634
27764 0.754055
27765 0.834806
27766 0.853184
27767 0.809974
27768 0.846909
27769 0.826684
27770 0.676562
27771 0.967464
27772 0.882742
27773 0.914969
27774 0.804481
27775 0.949129
27776 0.909721
27777 0.932451
27778 0.893323
27779 0.890308
27780 0.910236
27781 0.76065
27782 0.896166
27783 0.843767
27784 0.876249
27785 0.867292
27786 0.887784
27787 0.655933
27788 0.761274
27789 0.856058
27790 0.826068
27791 0.857751
27792 0.814677
27793 0.914519
27794 0.687498
27795 0.932284
27796 0.870786
27797 0.787494
27798 0.882546
27799 0.767279
27800 0.736579
27801 0.762657
27802 0.900514
27803 0.770362
27804 0.88532
27805 0.861536
27806 0.909771
27807 0.887313
27808 0.640142
27809 0.831848
27810 0.782621
27811 0.79845
27812 0.79788
27813 0.843744
27814 0.700413
27815 0.780888
27816 0.920952
27817 0.884128
27818 0.836382
27819 0.825953
27820 0.886515
27821 0.817917
27822 0.890471
27823 0.828549
27824 0.841265
27825 0.921383
27826 0.759689
27827 0.755954
27828 0.850004
27829 0.910149
27830 0.771705
27831 0.789677
27832 0.756215
27833 0.865037
27834 0.720398
27835 0.692372
27836 0.754063
27837 0.564953
27838 0.839125
27839 0.804309
27840 0.748238
27841 0.635051
27842 0.7203
27843 0.815142
27844 0.661057
27845 0.888233
27846 0.879115
27847 0.840917
27848 0.757673
27849 0.818688
27850 0.834718
27851 0.724206
27852 0.766904
27853 0.826062
27854 0.724733
27855 0.950965
27856 0.862391
27857 0.402524
27858 0.812283
27859 0.915279
27860 0.645786
27861 0.757621
27862 0.733395
27863 0.715614
27864 0.731659
27865 0.8807
27866 0.77646
27867 0.931886
27868 0.803163
27869 0.770075
27870 0.800529
27871 0.699902
27872 0.775893
27873 0.761746
27874 0.840729
27875 0.829562
27876 0.825879
27877 0.884066
27878 0.740867
27879 0.944568
27880 0.655891
27881 0.815465
27882 0.756737
27883 0.802622
27884 0.763263
27885 0.878959
27886 0.770478
27887 0.784799
27888 0.626275
27889 0.777203
27890 0.658217
27891 0.831342
27892 0.901281
27893 0.940718
27894 0.809621
27895 0.764345
27896 0.868869
27897 0.816916
27898 0.811243
27899 0.803861
27900 0.941421
27901 0.819411
27902 0.668173
27903 0.893908
27904 0.819498
27905 0.886961
27906 0.765594
27907 0.742015
27908 0.957423
27909 0.922467
27910 0.601079
27911 0.760411
27912 0.901039
27913 0.761498
27914 0.825664
27915 0.852634
27916 0.680987
27917 0.709399
27918 0.834271
27919 0.573537
27920 0.712583
27921 0.756356
27922 0.621058
27923 0.726355
27924 0.870852
27925 0.780374
27926 0.829357
27927 0.909943
27928 0.768587
27929 0.730269
27930 0.939773
27931 0.667183
27932 0.808658
27933 0.780856
27934 0.808326
27935 0.96469
27936 0.779832
27937 0.877859
27938 0.770274
27939 0.871129
27940 0.877191
27941 0.697145
27942 0.734352
27943 0.946327
27944 0.806477
27945 0.839448
27946 0.746036
27947 0.88222
27948 0.753882
27949 0.803673
27950 0.719564
27951 0.695236
27952 0.834319
27953 0.800354
27954 0.692814
27955 0.740069
27956 0.800556
27957 0.859864
27958 0.786379
27959 0.833598
27960 0.553102
27961 0.777828
27962 0.870398
27963 0.750191
27964 0.663816
27965 0.803949
27966 0.707951
27967 0.828718
27968 0.874536
27969 0.703822
27970 0.824557
27971 0.89844
27972 0.900086
27973 0.980706
27974 0.765715
27975 0.715134
27976 0.691098
27977 0.785298
27978 0.824523
27979 0.798034
27980 0.722146
27981 0.954105
27982 0.972371
27983 0.929333
27984 0.804958
27985 0.736189
27986 0.794382
27987 0.857723
27988 0.810653
27989 0.950495
27990 0.767874
27991 0.791038
27992 0.693413
27993 0.903166
27994 0.943689
27995 0.781506
27996 0.807607
27997 0.755896
27998 0.86282
27999 0.759098
28000 0.73556
28001 0.753156
28002 0.745228
28003 0.684756
28004 0.824025
28005 0.864215
28006 0.911096
28007 0.826553
28008 0.799397
28009 0.834825
28010 0.782677
28011 0.924943
28012 0.747588
28013 0.881689
28014 0.860472
28015 0.854209
28016 0.644398
28017 0.785375
28018 0.712157
28019 0.819289
28020 0.848295
28021 0.787876
28022 0.810979
28023 0.507819
28024 0.848159
28025 0.825912
28026 0.768621
28027 0.865634
28028 0.93818
28029 0.834228
28030 0.858749
28031 0.863468
28032 0.825697
28033 0.871123
28034 0.619291
28035 0.722052
28036 0.778551
28037 0.891569
28038 0.736717
28039 0.668471
28040 0.888668
28041 0.797498
28042 0.923013
28043 0.643056
28044 0.904454
28045 0.76723
28046 0.848219
28047 0.934591
28048 0.697647
28049 0.72369
28050 0.785186
28051 0.844551
28052 0.657529
28053 0.836119
28054 0.897733
28055 0.870774
28056 0.852253
28057 0.90592
28058 0.692413
28059 0.684493
28060 0.902927
28061 0.93903
28062 0.682286
28063 0.789695
28064 0.759785
28065 0.656003
28066 0.544808
28067 0.768818
28068 0.799299
28069 0.856473
28070 0.682337
28071 0.726566
28072 0.781063
28073 0.60713
28074 0.750962
28075 0.790097
28076 0.831148
28077 0.82758
28078 0.807531
28079 0.727673
28080 0.947213
28081 0.795514
28082 0.788013
28083 0.843814
28084 0.831225
28085 0.831252
28086 0.677196
28087 0.905195
28088 0.880911
28089 0.717426
28090 0.867184
28091 0.716916
28092 0.794208
28093 0.761814
28094 0.647449
28095 0.922987
28096 0.888213
28097 0.796493
28098 0.93298
28099 0.811533
28100 0.782328
28101 0.916842
28102 0.806187
28103 0.749782
28104 0.881357
28105 0.79513
28106 0.843683
28107 0.796096
28108 0.819236
28109 0.75007
28110 0.716409
28111 0.950712
28112 0.814168
28113 0.864333
28114 0.917895
28115 0.607267
28116 0.77348
28117 0.936826
28118 0.74205
28119 0.842401
28120 0.54019
28121 0.883496
28122 0.59428
28123 0.619356
28124 0.8038
28125 0.873159
28126 0.94194
28127 0.847089
28128 0.652755
28129 0.559983
28130 0.676596
28131 0.665858
28132 0.743306
28133 0.789482
28134 0.919924
28135 0.795733
28136 0.575889
28137 0.816909
28138 0.583006
28139 0.822418
28140 0.712594
28141 0.56469
28142 0.78378
28143 0.675081
28144 0.722238
28145 0.772788
28146 0.746329
28147 0.669337
28148 0.669909
28149 0.647832
28150 0.808517
28151 0.735708
28152 0.859192
28153 0.774071
28154 0.968092
28155 0.891143
28156 0.917755
28157 0.771319
28158 0.806822
28159 0.868625
28160 0.819589
28161 0.87188
28162 0.832379
28163 0.947276
28164 0.783511
28165 0.801515
28166 0.799014
28167 0.860778
28168 0.814776
28169 0.729692
28170 0.880114
28171 0.969032
28172 0.875972
28173 0.93642
28174 0.852912
28175 0.825923
28176 0.926086
28177 0.658359
28178 0.849566
28179 0.705643
28180 0.953316
28181 0.809322
28182 0.792444
28183 0.855223
28184 0.841556
28185 0.457268
28186 0.729176
28187 0.887162
28188 0.906974
28189 0.664813
28190 0.791643
28191 0.857385
28192 0.766162
28193 0.77491
28194 0.583036
28195 0.771563
28196 0.822025
28197 0.740556
28198 0.70703
28199 0.747868
28200 0.706318
28201 0.777111
28202 0.735846
28203 0.811542
28204 0.822567
28205 0.83654
28206 0.838927
28207 0.929277
28208 0.648415
28209 0.783159
28210 0.835689
28211 0.808306
28212 0.78334
28213 0.858626
28214 0.819419
28215 0.805054
28216 0.735446
28217 0.964716
28218 0.829901
28219 0.876375
28220 0.81168
28221 0.780206
28222 0.546945
28223 0.845168
28224 0.836202
28225 0.80287
28226 0.749549
28227 0.609499
28228 0.96773
28229 0.667247
28230 0.621055
28231 0.820682
28232 0.862752
28233 0.806085
28234 0.782289
28235 0.66296
28236 0.69394
28237 0.777064
28238 0.834396
28239 0.8786
28240 0.873136
28241 0.832729
28242 0.906471
28243 0.903512
28244 0.908127
28245 0.803766
28246 0.732965
28247 0.738171
28248 0.75125
28249 0.891682
28250 0.839359
28251 0.902819
28252 0.954442
28253 0.946101
28254 0.814802
28255 0.913078
28256 0.809066
28257 0.791051
28258 0.856951
28259 0.687847
28260 0.854899
28261 0.777677
28262 0.71796
28263 0.875775
28264 0.838431
28265 0.971302
28266 0.8643
28267 0.844692
28268 0.677784
28269 0.831661
28270 0.776316
28271 0.769462
28272 0.756943
28273 0.789429
28274 0.639791
28275 0.788774
28276 0.803103
28277 0.798933
28278 0.895944
28279 0.6446
28280 0.745208
28281 0.893244
28282 0.767948
28283 0.900422
28284 0.794944
28285 0.81848
28286 0.785332
28287 0.8249
28288 0.772821
28289 0.876469
28290 0.812949
28291 0.827599
28292 0.709475
28293 0.68982
28294 0.726068
28295 0.871371
28296 0.804762
28297 0.830752
28298 0.910223
28299 0.842422
28300 0.755123
28301 0.914337
28302 0.686796
28303 0.845486
28304 0.673387
28305 0.813085
28306 0.589209
28307 0.693429
28308 0.832932
28309 0.661546
28310 0.653179
28311 0.820846
28312 0.943593
28313 0.790725
28314 0.978249
28315 0.856369
28316 0.755903
28317 0.749137
28318 0.830832
28319 0.86804
28320 0.918463
28321 0.772433
28322 0.647884
28323 0.812115
28324 0.718358
28325 0.745975
28326 0.627631
28327 0.715875
28328 0.745277
28329 0.630457
28330 0.787466
28331 0.847532
28332 0.592592
28333 0.702973
28334 0.600567
28335 0.854996
28336 0.680021
28337 0.94108
28338 0.789508
28339 0.719143
28340 0.889845
28341 0.817408
28342 0.922121
28343 0.863658
28344 0.920094
28345 0.811276
28346 0.796518
28347 0.740707
28348 0.705824
28349 0.783156
28350 0.760486
28351 0.819915
28352 0.725601
28353 0.756379
28354 0.719595
28355 0.838736
28356 0.755993
28357 0.821312
28358 0.621675
28359 0.718276
28360 0.737014
28361 0.822895
28362 0.730054
28363 0.957486
28364 0.896612
28365 0.793113
28366 0.649642
28367 0.805187
28368 0.779999
28369 0.883349
28370 0.882159
28371 0.720284
28372 0.808318
28373 0.885515
28374 0.862927
28375 0.816862
28376 0.838607
28377 0.772073
28378 0.860073
28379 0.764335
28380 0.638079
28381 0.713165
28382 0.665529
28383 0.80005
28384 0.868435
28385 0.874407
28386 0.680045
28387 0.655675
28388 0.893336
28389 0.94471
28390 0.642357
28391 0.717779
28392 0.660338
28393 0.737412
28394 0.811996
28395 0.677107
28396 0.79813
28397 0.751092
28398 0.736443
28399 0.748174
28400 0.731882
28401 0.700533
28402 0.645979
28403 0.70464
28404 0.899437
28405 0.729275
28406 0.881031
28407 0.909568
28408 0.791405
28409 0.78538
28410 0.861058
28411 0.504509
28412 0.850026
28413 0.835274
28414 0.89283
28415 0.895381
28416 0.781296
28417 0.816333
28418 0.901429
28419 0.907049
28420 0.774623
28421 0.88102
28422 0.884183
28423 0.908714
28424 0.667162
28425 0.714905
28426 0.841207
28427 0.748287
28428 0.63539
28429 0.929219
28430 0.739155
28431 0.741471
28432 0.851964
28433 0.806763
28434 0.666796
28435 0.863962
28436 0.711417
28437 0.642321
28438 0.791033
28439 0.749704
28440 0.637661
28441 0.782778
28442 0.737089
28443 0.77014
28444 0.736745
28445 0.668489
28446 0.934036
28447 0.874966
28448 0.636936
28449 0.667229
28450 0.739112
28451 0.845224
28452 0.577403
28453 0.882112
28454 0.841021
28455 0.858483
28456 0.739075
28457 0.924502
28458 0.83561
28459 0.864632
28460 0.946675
28461 0.836898
28462 0.936985
28463 0.744643
28464 0.736228
28465 0.815931
28466 0.739001
28467 0.736808
28468 0.806166
28469 0.556959
28470 0.792144
28471 0.893554
28472 0.541924
28473 0.771467
28474 0.838736
28475 0.739111
28476 0.841584
28477 0.732681
28478 0.768228
28479 0.835815
28480 0.833916
28481 0.763123
28482 0.864784
28483 0.843866
28484 0.773064
28485 0.862497
28486 0.841093
28487 0.859043
28488 0.920566
28489 0.713681
28490 0.761168
28491 0.722808
28492 0.76139
28493 0.740301
28494 0.698299
28495 0.72201
28496 0.769839
28497 0.633623
28498 0.7139
28499 0.890239
28500 0.776516
28501 0.665251
28502 0.65376
28503 0.875554
28504 0.779048
28505 0.864813
28506 0.719366
28507 0.67944
28508 0.662348
28509 0.818325
28510 0.750923
28511 0.769218
28512 0.799558
28513 0.652869
28514 0.872966
28515 0.771247
28516 0.878241
28517 0.80886
28518 0.893716
28519 0.912007
28520 0.763217
28521 0.700213
28522 0.667865
28523 0.712827
28524 0.73891
28525 0.789017
28526 0.564769
28527 0.611739
28528 0.703256
28529 0.713481
28530 0.894196
28531 0.718714
28532 0.919222
28533 0.918988
28534 0.848206
28535 0.925491
28536 0.848649
28537 0.852448
28538 0.92625
28539 0.7746
28540 0.853985
28541 0.692649
28542 0.714858
28543 0.850313
28544 0.833317
28545 0.873421
28546 0.784878
28547 0.873454
28548 0.75282
28549 0.912266
28550 0.869974
28551 0.475289
28552 0.809605
28553 0.719917
28554 0.843396
28555 0.939098
28556 0.841471
28557 0.747385
28558 0.739627
28559 0.793692
28560 0.808926
28561 0.90368
28562 0.907059
28563 0.727049
28564 0.776315
28565 0.681795
28566 0.779967
28567 0.712558
28568 0.881303
28569 0.702561
28570 0.831249
28571 0.813873
28572 0.825266
28573 0.813391
28574 0.520816
28575 0.924173
28576 0.77614
28577 0.877703
28578 0.805988
28579 0.759503
28580 0.888131
28581 0.73486
28582 0.784947
28583 0.780006
28584 0.746517
28585 0.863036
28586 0.862418
28587 0.900555
28588 0.825655
28589 0.930615
28590 0.872195
28591 0.905027
28592 0.88824
28593 0.932157
28594 0.913081
28595 0.453231
28596 0.816808
28597 0.852778
28598 0.809455
28599 0.86872
28600 0.88266
28601 0.641345
28602 0.846151
28603 0.886663
28604 0.915156
28605 0.701128
28606 0.79392
28607 0.829643
28608 0.97122
28609 0.941926
28610 0.937256
28611 0.8828
28612 0.773347
28613 0.798885
28614 0.768505
28615 0.744978
28616 0.880754
28617 0.697553
28618 0.820271
28619 0.747852
28620 0.854569
28621 0.830145
28622 0.926138
28623 0.788896
28624 0.706522
28625 0.852471
28626 0.803759
28627 0.465866
28628 0.63239
28629 0.834634
28630 0.825722
28631 0.685592
28632 0.728109
28633 0.789292
28634 0.810402
28635 0.698006
28636 0.748476
28637 0.886773
28638 0.744483
28639 0.821396
28640 0.872027
28641 0.798402
28642 0.710809
28643 0.873577
28644 0.83796
28645 0.94288
28646 0.753404
28647 0.850693
28648 0.958184
28649 0.843889
28650 0.864492
28651 0.911029
28652 0.811352
28653 0.773785
28654 0.860173
28655 0.809582
28656 0.593136
28657 0.725296
28658 0.861017
28659 0.70535
28660 0.850045
28661 0.826703
28662 0.914222
28663 0.938759
28664 0.791975
28665 0.718219
28666 0.803522
28667 0.734134
28668 0.642974
28669 0.729081
28670 0.882911
28671 0.758439
28672 0.677573
28673 0.499028
28674 0.850193
28675 0.848952
28676 0.772596
28677 0.677605
28678 0.8155
28679 0.829725
28680 0.892
28681 0.876085
28682 0.682627
28683 0.721718
28684 0.878616
28685 0.870986
28686 0.806985
28687 0.923825
28688 0.770206
28689 0.93863
28690 0.737928
28691 0.867434
28692 0.752497
28693 0.865551
28694 0.760175
28695 0.832973
28696 0.815026
28697 0.848645
28698 0.606512
28699 0.804546
28700 0.829259
28701 0.844809
28702 0.814061
28703 0.837035
28704 0.911401
28705 0.892742
28706 0.771704
28707 0.823278
28708 0.80941
28709 0.687392
28710 0.700012
28711 0.890475
28712 0.903002
28713 0.865869
28714 0.676787
28715 0.908497
28716 0.805228
28717 0.732564
28718 0.849504
28719 0.886269
28720 0.818068
28721 0.760982
28722 0.788727
28723 0.798192
28724 0.888214
28725 0.750262
28726 0.883391
28727 0.61142
28728 0.687336
28729 0.748204
28730 0.716877
28731 0.655303
28732 0.790628
28733 0.802761
28734 0.684114
28735 0.660897
28736 0.901241
28737 0.802206
28738 0.840349
28739 0.857047
28740 0.782032
28741 0.942516
28742 0.639606
28743 0.848874
28744 0.745354
28745 0.8779
28746 0.649922
28747 0.664999
28748 0.823734
28749 0.793937
28750 0.667918
28751 0.769262
28752 0.817859
28753 0.645597
28754 0.736428
28755 0.650597
28756 0.88538
28757 0.493987
28758 0.61664
28759 0.899921
28760 0.949696
28761 0.882253
28762 0.883467
28763 0.735489
28764 0.871221
28765 0.81457
28766 0.812309
28767 0.662516
28768 0.807215
28769 0.933853
28770 0.86576
28771 0.945102
28772 0.839171
28773 0.906182
28774 0.686266
28775 0.759072
28776 0.874793
28777 0.883326
28778 0.829395
28779 0.897749
28780 0.809215
28781 0.80816
28782 0.86302
28783 0.935223
28784 0.812378
28785 0.878705
28786 0.784305
28787 0.822457
28788 0.894955
28789 0.868546
28790 0.895082
28791 0.781084
28792 0.658847
28793 0.823282
28794 0.719676
28795 0.86596
28796 0.907106
28797 0.803535
28798 0.771925
28799 0.554842
28800 0.697234
28801 0.907024
28802 0.769364
28803 0.802858
28804 0.692786
28805 0.83434
28806 0.752338
28807 0.844639
28808 0.861595
28809 0.844636
28810 0.880441
28811 0.776122
28812 0.834424
28813 0.805522
28814 0.870272
28815 0.780308
28816 0.864569
28817 0.714697
28818 0.875096
28819 0.715156
28820 0.781106
28821 0.678711
28822 0.706013
28823 0.778365
28824 0.855633
28825 0.792996
28826 0.93426
28827 0.76147
28828 0.870594
28829 0.749696
28830 0.862733
28831 0.8365
28832 0.751659
28833 0.918708
28834 0.869513
28835 0.875545
28836 0.942744
28837 0.903179
28838 0.743665
28839 0.767922
28840 0.830491
28841 0.877684
28842 0.819339
28843 0.91248
28844 0.963904
28845 0.758301
28846 0.827499
28847 0.919626
28848 0.747315
28849 0.915485
28850 0.886052
28851 0.867758
28852 0.779875
28853 0.757323
28854 0.874498
28855 0.928843
28856 0.941408
28857 0.916619
28858 0.774641
28859 0.705037
28860 0.824746
28861 0.814782
28862 0.61678
28863 0.813434
28864 0.905709
28865 0.836477
28866 0.926661
28867 0.8424
28868 0.847557
28869 0.860808
28870 0.764418
28871 0.561518
28872 0.781526
28873 0.731975
28874 0.905233
28875 0.926734
28876 0.91019
28877 0.820832
28878 0.868719
28879 0.82068
28880 0.910623
28881 0.946723
28882 0.916804
28883 0.733165
28884 0.661396
28885 0.95394
28886 0.652221
28887 0.942664
28888 0.660203
28889 0.814614
28890 0.856858
28891 0.888003
28892 0.948232
28893 0.699208
28894 0.85706
28895 0.757478
28896 0.906811
28897 0.880547
28898 0.988369
28899 0.553319
28900 0.818524
28901 0.836357
28902 0.77221
28903 0.831073
28904 0.791888
28905 0.847179
28906 0.763542
28907 0.87433
28908 0.916491
28909 0.838569
28910 0.655424
28911 0.906978
28912 0.679049
28913 0.728181
28914 0.765175
28915 0.852029
28916 0.843175
28917 0.919531
28918 0.761723
28919 0.95798
28920 0.960481
28921 0.949752
28922 0.799184
28923 0.765112
28924 0.817999
28925 0.819495
28926 0.981682
28927 0.838148
28928 0.845327
28929 0.834151
28930 0.832634
28931 0.83787
28932 0.493996
28933 0.845691
28934 0.660245
28935 0.623415
28936 0.8365
28937 0.746319
28938 0.871945
28939 0.79412
28940 0.747162
28941 0.809713
28942 0.67566
28943 0.716978
28944 0.603949
28945 0.76965
28946 0.85945
28947 0.749005
28948 0.969861
28949 0.897683
28950 0.908127
28951 0.732894
28952 0.866427
28953 0.759893
28954 0.831687
28955 0.883813
28956 0.882861
28957 0.74535
28958 0.758866
28959 0.866428
28960 0.867973
28961 0.948211
28962 0.926449
28963 0.956552
28964 0.804156
28965 0.834636
28966 0.721048
28967 0.655915
28968 0.782722
28969 0.62269
28970 0.916024
28971 0.824593
28972 0.777365
28973 0.741263
28974 0.650353
28975 0.926559
28976 0.884811
28977 0.819674
28978 0.848236
28979 0.856902
28980 0.735517
28981 0.933373
28982 0.821803
28983 0.800449
28984 0.865181
28985 0.901482
28986 0.925498
28987 0.730577
28988 0.798477
28989 0.848737
28990 0.763336
28991 0.673588
28992 0.945138
28993 0.833053
28994 0.75381
28995 0.8097
28996 0.638746
28997 0.764896
28998 0.783172
28999 0.796423
29000 0.870389
29001 0.747041
29002 0.681118
29003 0.738632
29004 0.784867
29005 0.904338
29006 0.879763
29007 0.813179
29008 0.632149
29009 0.623527
29010 0.820277
29011 0.856874
29012 0.564406
29013 0.732146
29014 0.850248
29015 0.580406
29016 0.823423
29017 0.880759
29018 0.840411
29019 0.826983
29020 0.912347
29021 0.862567
29022 0.65155
29023 0.902424
29024 0.703072
29025 0.707169
29026 0.796002
29027 0.765664
29028 0.634634
29029 0.780476
29030 0.795752
29031 0.704916
29032 0.699093
29033 0.703004
29034 0.727473
29035 0.7441
29036 0.895173
29037 0.701987
29038 0.897936
29039 0.696548
29040 0.632023
29041 0.873549
29042 0.818843
29043 0.739998
29044 0.777902
29045 0.59683
29046 0.830249
29047 0.807275
29048 0.848904
29049 0.664069
29050 0.79452
29051 0.70663
29052 0.818692
29053 0.802631
29054 0.833374
29055 0.655899
29056 0.874803
29057 0.911638
29058 0.941742
29059 0.728326
29060 0.718184
29061 0.77452
29062 0.72936
29063 0.686745
29064 0.704464
29065 0.843144
29066 0.831844
29067 0.655095
29068 0.88495
29069 0.816067
29070 0.815545
29071 0.736493
29072 0.932237
29073 0.775377
29074 0.773297
29075 0.779344
29076 0.954138
29077 0.858184
29078 0.69567
29079 0.928748
29080 0.872795
29081 0.876795
29082 0.88039
29083 0.719168
29084 0.742108
29085 0.655483
29086 0.800641
29087 0.742058
29088 0.763235
29089 0.733102
29090 0.852752
29091 0.644674
29092 0.802995
29093 0.652426
29094 0.704396
29095 0.648659
29096 0.880225
29097 0.881574
29098 0.860478
29099 0.809721
29100 0.846049
29101 0.770862
29102 0.793795
29103 0.657514
29104 0.753466
29105 0.784438
29106 0.970418
29107 0.686186
29108 0.945311
29109 0.700668
29110 0.809256
29111 0.72438
29112 0.843824
29113 0.842371
29114 0.780782
29115 0.92848
29116 0.806468
29117 0.706161
29118 0.718492
29119 0.749405
29120 0.727134
29121 0.687485
29122 0.873545
29123 0.804426
29124 0.53337
29125 0.654396
29126 0.824916
29127 0.766512
29128 0.736828
29129 0.699552
29130 0.776049
29131 0.814387
29132 0.593841
29133 0.94248
29134 0.914603
29135 0.542915
29136 0.615663
29137 0.55789
29138 0.696429
29139 0.619589
29140 0.815428
29141 0.754543
29142 0.704692
29143 0.691309
29144 0.749602
29145 0.713656
29146 0.729774
29147 0.633164
29148 0.771954
29149 0.815853
29150 0.528721
29151 0.79481
29152 0.813149
29153 0.671311
29154 0.830511
29155 0.749897
29156 0.862538
29157 0.766559
29158 0.894208
29159 0.909481
29160 0.766055
29161 0.752349
29162 0.88092
29163 0.613897
29164 0.852337
29165 0.749748
29166 0.79295
29167 0.833489
29168 0.837701
29169 0.797327
29170 0.696293
29171 0.948171
29172 0.806723
29173 0.785434
29174 0.711226
29175 0.737352
29176 0.836065
29177 0.718925
29178 0.915584
29179 0.830407
29180 0.63111
29181 0.923836
29182 0.559068
29183 0.588838
29184 0.711316
29185 0.711044
29186 0.782624
29187 0.898279
29188 0.729056
29189 0.737121
29190 0.696385
29191 0.817014
29192 0.809185
29193 0.911926
29194 0.923452
29195 0.758803
29196 0.652358
29197 0.744829
29198 0.903419
29199 0.768684
29200 0.651255
29201 0.719643
29202 0.616239
29203 0.720125
29204 0.755164
29205 0.860836
29206 0.821546
29207 0.941363
29208 0.735944
29209 0.618238
29210 0.720421
29211 0.703154
29212 0.906277
29213 0.964863
29214 0.656609
29215 0.590738
29216 0.909447
29217 0.892638
29218 0.537745
29219 0.538859
29220 0.84243
29221 0.812429
29222 0.893259
29223 0.873731
29224 0.666035
29225 0.861869
29226 0.853027
29227 0.881285
29228 0.807186
29229 0.82014
29230 0.713659
29231 0.748592
29232 0.760224
29233 0.622146
29234 0.706849
29235 0.544671
29236 0.89405
29237 0.650234
29238 0.637022
29239 0.750156
29240 0.736002
29241 0.762658
29242 0.872212
29243 0.734105
29244 0.776761
29245 0.833159
29246 0.766348
29247 0.7657
29248 0.824055
29249 0.732309
29250 0.783687
29251 0.701192
29252 0.87595
29253 0.87811
29254 0.719243
29255 0.911077
29256 0.819391
29257 0.685409
29258 0.980393
29259 0.906015
29260 0.687791
29261 0.899121
29262 0.664573
29263 0.827046
29264 0.802882
29265 0.877507
29266 0.727036
29267 0.819853
29268 0.847829
29269 0.852681
29270 0.710172
29271 0.923779
29272 0.747974
29273 0.862691
29274 0.898872
29275 0.941645
29276 0.820008
29277 0.968042
29278 0.816362
29279 0.844642
29280 0.767018
29281 0.836596
29282 0.825936
29283 0.721704
29284 0.746838
29285 0.789853
29286 0.820743
29287 0.693214
29288 0.71071
29289 0.731409
29290 0.603035
29291 0.808212
29292 0.743083
29293 0.792531
29294 0.757581
29295 0.65097
29296 0.692569
29297 0.966078
29298 0.814948
29299 0.908906
29300 0.861767
29301 0.808641
29302 0.697492
29303 0.841779
29304 0.735812
29305 0.76756
29306 0.877492
29307 0.786663
29308 0.808866
29309 0.874659
29310 0.94953
29311 0.801957
29312 0.888539
29313 0.773203
29314 0.879927
29315 0.811499
29316 0.745655
29317 0.849359
29318 0.921355
29319 0.861671
29320 0.916695
29321 0.873723
29322 0.793963
29323 0.673561
29324 0.850543
29325 0.68821
29326 0.848642
29327 0.799814
29328 0.632949
29329 0.573867
29330 0.787444
29331 0.914207
29332 0.770934
29333 0.751454
29334 0.856616
29335 0.896451
29336 0.801142
29337 0.805173
29338 0.732054
29339 0.515706
29340 0.773718
29341 0.558476
29342 0.890727
29343 0.888964
29344 0.917287
29345 0.935184
29346 0.763749
29347 0.851682
29348 0.791282
29349 0.822412
29350 0.746238
29351 0.839759
29352 0.745968
29353 0.827534
29354 0.813075
29355 0.768826
29356 0.822052
29357 0.86216
29358 0.837134
29359 0.765899
29360 0.809589
29361 0.914484
29362 0.807886
29363 0.799287
29364 0.843051
29365 0.904356
29366 0.860305
29367 0.849294
29368 0.882409
29369 0.727775
29370 0.832483
29371 0.883509
29372 0.872478
29373 0.809335
29374 0.911369
29375 0.667691
29376 0.694226
29377 0.816738
29378 0.735695
29379 0.730378
29380 0.898289
29381 0.760605
29382 0.916619
29383 0.528823
29384 0.904622
29385 0.756666
29386 0.684399
29387 0.642791
29388 0.84952
29389 0.850208
29390 0.917264
29391 0.584783
29392 0.808582
29393 0.824534
29394 0.84561
29395 0.820701
29396 0.812324
29397 0.812819
29398 0.970923
29399 0.846602
29400 0.912744
29401 0.770522
29402 0.854901
29403 0.562177
29404 0.8295
29405 0.727226
29406 0.559905
29407 0.734332
29408 0.628766
29409 0.616695
29410 0.813585
29411 0.746339
29412 0.938399
29413 0.862279
29414 0.882572
29415 0.82027
29416 0.812643
29417 0.678929
29418 0.890389
29419 0.945329
29420 0.609272
29421 0.772176
29422 0.83273
29423 0.796286
29424 0.793628
29425 0.759369
29426 0.875025
29427 0.786608
29428 0.820256
29429 0.735246
29430 0.599718
29431 0.971774
29432 0.859014
29433 0.85169
29434 0.750835
29435 0.953576
29436 0.713342
29437 0.752739
29438 0.749673
29439 0.750699
29440 0.790028
29441 0.798921
29442 0.749843
29443 0.794601
29444 0.796075
29445 0.710466
29446 0.723012
29447 0.715587
29448 0.790448
29449 0.880567
29450 0.768894
29451 0.89076
29452 0.811534
29453 0.817506
29454 0.813187
29455 0.729461
29456 0.647015
29457 0.559292
29458 0.544884
29459 0.893966
29460 0.513823
29461 0.826056
29462 0.681328
29463 0.608854
29464 0.667018
29465 0.87952
29466 0.832195
29467 0.799314
29468 0.771079
29469 0.717556
29470 0.607135
29471 0.812418
29472 0.853433
29473 0.593844
29474 0.650209
29475 0.685521
29476 0.655681
29477 0.703144
29478 0.897877
29479 0.740375
29480 0.830729
29481 0.657976
29482 0.826049
29483 0.674644
29484 0.668221
29485 0.621215
29486 0.801124
29487 0.877855
29488 0.857613
29489 0.710546
29490 0.766906
29491 0.740069
29492 0.894788
29493 0.825281
29494 0.935742
29495 0.69302
29496 0.733973
29497 0.765061
29498 0.747787
29499 0.938424
29500 0.86797
29501 0.904653
29502 0.57804
29503 0.943627
29504 0.793473
29505 0.733059
29506 0.81248
29507 0.834502
29508 0.775122
29509 0.911186
29510 0.891313
29511 0.849019
29512 0.79568
29513 0.652912
29514 0.834235
29515 0.671044
29516 0.854745
29517 0.777235
29518 0.923744
29519 0.899698
29520 0.862403
29521 0.849102
29522 0.935133
29523 0.922671
29524 0.806479
29525 0.695144
29526 0.844843
29527 0.92055
29528 0.771702
29529 0.723886
29530 0.788759
29531 0.819985
29532 0.70033
29533 0.715976
29534 0.748121
29535 0.672344
29536 0.728914
29537 0.692398
29538 0.800613
29539 0.786961
29540 0.761063
29541 0.9018
29542 0.86472
29543 0.754133
29544 0.71134
29545 0.753975
29546 0.731018
29547 0.747263
29548 0.766159
29549 0.732064
29550 0.788692
29551 0.871848
29552 0.822626
29553 0.669593
29554 0.836712
29555 0.780339
29556 0.842518
29557 0.756516
29558 0.783711
29559 0.842404
29560 0.796111
29561 0.65401
29562 0.79189
29563 0.929597
29564 0.755365
29565 0.753458
29566 0.684645
29567 0.578308
29568 0.911369
29569 0.812673
29570 0.908908
29571 0.729985
29572 0.917401
29573 0.916852
29574 0.945496
29575 0.904852
29576 0.77602
29577 0.808433
29578 0.809326
29579 0.833172
29580 0.816738
29581 0.791551
29582 0.735416
29583 0.597444
29584 0.738373
29585 0.917919
29586 0.878315
29587 0.818715
29588 0.837357
29589 0.77963
29590 0.958318
29591 0.657361
29592 0.760372
29593 0.777772
29594 0.794875
29595 0.888384
29596 0.752165
29597 0.723913
29598 0.868795
29599 0.769024
29600 0.807101
29601 0.807684
29602 0.784109
29603 0.829115
29604 0.884324
29605 0.853473
29606 0.893743
29607 0.920744
29608 0.879835
29609 0.881963
29610 0.883856
29611 0.829102
29612 0.473541
29613 0.868631
29614 0.67328
29615 0.687359
29616 0.691482
29617 0.748284
29618 0.878446
29619 0.760195
29620 0.913692
29621 0.763656
29622 0.780178
29623 0.73372
29624 0.765116
29625 0.831526
29626 0.759103
29627 0.748961
29628 0.68633
29629 0.827822
29630 0.749146
29631 0.866016
29632 0.878868
29633 0.706512
29634 0.770882
29635 0.828571
29636 0.796009
29637 0.679658
29638 0.829072
29639 0.72119
29640 0.734884
29641 0.733205
29642 0.709535
29643 0.741038
29644 0.745326
29645 0.789843
29646 0.791389
29647 0.736812
29648 0.759373
29649 0.787869
29650 0.819965
29651 0.838341
29652 0.771743
29653 0.89394
29654 0.719882
29655 0.82217
29656 0.857826
29657 0.70055
29658 0.788944
29659 0.967162
29660 0.676388
29661 0.656548
29662 0.640309
29663 0.798497
29664 0.733594
29665 0.884904
29666 0.789634
29667 0.788866
29668 0.938521
29669 0.935173
29670 0.87816
29671 0.819057
29672 0.909892
29673 0.932767
29674 0.854124
29675 0.818474
29676 0.854158
29677 0.596718
29678 0.948985
29679 0.861922
29680 0.531998
29681 0.96063
29682 0.936307
29683 0.89532
29684 0.824205
29685 0.800424
29686 0.786168
29687 0.880886
29688 0.659384
29689 0.798904
29690 0.735484
29691 0.568073
29692 0.844043
29693 0.857572
29694 0.942837
29695 0.802668
29696 0.826628
29697 0.730323
29698 0.757934
29699 0.852512
29700 0.651893
29701 0.763549
29702 0.795022
29703 0.757744
29704 0.836098
29705 0.854306
29706 0.925395
29707 0.771176
29708 0.817592
29709 0.518855
29710 0.802324
29711 0.762581
29712 0.866477
29713 0.809995
29714 0.671718
29715 0.803585
29716 0.855713
29717 0.718312
29718 0.883479
29719 0.921137
29720 0.702888
29721 0.527233
29722 0.768472
29723 0.810272
29724 0.731221
29725 0.736061
29726 0.885732
29727 0.823778
29728 0.877509
29729 0.947225
29730 0.821592
29731 0.841577
29732 0.845614
29733 0.828926
29734 0.856751
29735 0.900953
29736 0.844371
29737 0.937213
29738 0.798008
29739 0.608439
29740 0.874976
29741 0.803968
29742 0.59313
29743 0.735131
29744 0.94112
29745 0.698338
29746 0.739779
29747 0.788759
29748 0.799799
29749 0.796943
29750 0.734321
29751 0.76935
29752 0.6744
29753 0.940875
29754 0.764002
29755 0.918445
29756 0.850801
29757 0.854886
29758 0.811873
29759 0.632966
29760 0.879101
29761 0.718652
29762 0.637936
29763 0.875994
29764 0.790033
29765 0.778442
29766 0.849287
29767 0.806239
29768 0.971211
29769 0.881799
29770 0.826689
29771 0.728964
29772 0.713965
29773 0.66538
29774 0.668252
29775 0.860933
29776 0.614872
29777 0.709614
29778 0.669359
29779 0.782917
29780 0.759729
29781 0.835643
29782 0.867715
29783 0.71901
29784 0.548432
29785 0.842759
29786 0.657746
29787 0.754148
29788 0.769699
29789 0.809292
29790 0.683308
29791 0.738426
29792 0.728381
29793 0.82665
29794 0.702478
29795 0.868886
29796 0.749072
29797 0.744608
29798 0.783975
29799 0.769337
29800 0.768091
29801 0.783662
29802 0.781107
29803 0.888034
29804 0.786393
29805 0.877689
29806 0.739453
29807 0.731161
29808 0.81662
29809 0.76603
29810 0.911463
29811 0.779427
29812 0.931217
29813 0.693791
29814 0.651717
29815 0.807841
29816 0.7379
29817 0.928256
29818 0.716799
29819 0.854447
29820 0.84796
29821 0.849995
29822 0.834464
29823 0.811128
29824 0.819508
29825 0.709723
29826 0.722203
29827 0.793865
29828 0.776138
29829 0.81706
29830 0.711037
29831 0.81002
29832 0.811978
29833 0.796579
29834 0.829631
29835 0.778677
29836 0.816427
29837 0.682182
29838 0.740851
29839 0.719031
29840 0.781482
29841 0.759153
29842 0.733389
29843 0.810271
29844 0.763817
29845 0.845725
29846 0.857274
29847 0.913255
29848 0.744456
29849 0.90234
29850 0.842311
29851 0.686016
29852 0.831107
29853 0.866341
29854 0.68686
29855 0.791341
29856 0.889372
29857 0.675448
29858 0.709712
29859 0.504402
29860 0.797151
29861 0.816602
29862 0.854877
29863 0.811687
29864 0.700571
29865 0.921931
29866 0.841433
29867 0.813004
29868 0.890369
29869 0.869837
29870 0.736382
29871 0.836639
29872 0.831499
29873 0.747482
29874 0.59776
29875 0.787913
29876 0.610899
29877 0.746442
29878 0.880772
29879 0.699615
29880 0.8567
29881 0.871968
29882 0.828778
29883 0.859774
29884 0.746728
29885 0.841094
29886 0.56487
29887 0.895828
29888 0.646507
29889 0.774553
29890 0.795911
29891 0.851463
29892 0.57117
29893 0.661569
29894 0.530656
29895 0.691982
29896 0.837702
29897 0.774984
29898 0.701842
29899 0.751566
29900 0.76013
29901 0.882733
29902 0.801712
29903 0.862213
29904 0.761317
29905 0.794825
29906 0.578659
29907 0.622357
29908 0.942696
29909 0.660344
29910 0.750815
29911 0.838499
29912 0.798702
29913 0.926982
29914 0.703671
29915 0.856222
29916 0.901332
29917 0.818906
29918 0.644149
29919 0.648175
29920 0.84959
29921 0.808776
29922 0.664318
29923 0.774087
29924 0.788624
29925 0.852642
29926 0.741736
29927 0.78122
29928 0.936416
29929 0.751716
29930 0.642961
29931 0.835369
29932 0.711235
29933 0.782868
29934 0.807351
29935 0.76501
29936 0.79829
29937 0.880816
29938 0.823166
29939 0.829733
29940 0.895945
29941 0.865172
29942 0.823117
29943 0.759937
29944 0.893428
29945 0.827198
29946 0.63131
29947 0.94032
29948 0.652947
29949 0.70753
29950 0.940336
29951 0.719124
29952 0.749045
29953 0.852218
29954 0.683391
29955 0.837466
29956 0.781297
29957 0.650988
29958 0.536326
29959 0.929359
29960 0.847387
29961 0.786219
29962 0.635541
29963 0.990872
29964 0.702356
29965 0.768171
29966 0.720629
29967 0.716042
29968 0.729643
29969 0.848083
29970 0.677138
29971 0.650912
29972 0.786491
29973 0.782536
29974 0.810691
29975 0.686285
29976 0.761257
29977 0.763723
29978 0.831778
29979 0.887382
29980 0.862337
29981 0.613193
29982 0.621645
29983 0.87931
29984 0.816623
29985 0.780915
29986 0.878613
29987 0.911517
29988 0.79519
29989 0.884532
29990 0.764509
29991 0.875444
29992 0.865531
29993 0.758745
29994 0.690673
29995 0.892769
29996 0.899251
29997 0.705847
29998 0.773804
29999 0.891911
30000 0.884274
30001 0.71986
30002 0.888422
30003 0.843402
30004 0.674509
30005 0.701046
30006 0.918195
30007 0.828053
30008 0.937433
30009 0.836828
30010 0.743212
30011 0.806105
30012 0.691062
30013 0.871747
30014 0.581904
30015 0.756899
30016 0.767101
30017 0.811099
30018 0.496401
30019 0.751456
30020 0.847022
30021 0.856623
30022 0.916024
30023 0.734328
30024 0.680934
30025 0.734051
30026 0.885182
30027 0.783275
30028 0.889594
30029 0.530137
30030 0.53992
30031 0.931739
30032 0.503684
30033 0.690254
30034 0.603204
30035 0.692568
30036 0.921132
30037 0.857488
30038 0.808519
30039 0.761434
30040 0.911995
30041 0.820435
30042 0.836581
30043 0.770841
30044 0.843939
30045 0.872348
30046 0.760094
30047 0.923762
30048 0.904012
30049 0.781883
30050 0.852339
30051 0.782336
30052 0.786916
30053 0.84976
30054 0.886893
30055 0.943704
30056 0.646146
30057 0.86878
30058 0.868079
30059 0.748277
30060 0.762999
30061 0.827458
30062 0.673002
30063 0.732557
30064 0.789108
30065 0.850655
30066 0.766016
30067 0.691509
30068 0.68924
30069 0.7208
30070 0.809121
30071 0.824464
30072 0.681128
30073 0.71365
30074 0.671172
30075 0.759952
30076 0.875763
30077 0.738635
30078 0.887818
30079 0.926188
30080 0.731414
30081 0.970452
30082 0.792083
30083 0.743086
30084 0.671795
30085 0.914987
30086 0.929743
30087 0.760997
30088 0.853093
30089 0.933414
30090 0.754117
30091 0.723548
30092 0.795922
30093 0.8636
30094 0.525854
30095 0.620158
30096 0.662876
30097 0.805809
30098 0.664544
30099 0.563034
30100 0.807824
30101 0.802911
30102 0.689887
30103 0.823222
30104 0.712277
30105 0.752805
30106 0.892135
30107 0.698664
30108 0.777934
30109 0.677432
30110 0.639942
30111 0.779817
30112 0.769218
30113 0.798859
30114 0.694397
30115 0.876229
30116 0.968209
30117 0.911894
30118 0.84984
30119 0.661721
30120 0.838719
30121 0.853854
30122 0.967
30123 0.690743
30124 0.635477
30125 0.710841
30126 0.715216
30127 0.717158
30128 0.737005
30129 0.575891
30130 0.744249
30131 0.589719
30132 0.799529
30133 0.873517
30134 0.813801
30135 0.751604
30136 0.697695
30137 0.817851
30138 0.785564
30139 0.806449
30140 0.838292
30141 0.69375
30142 0.826847
30143 0.806375
30144 0.56333
30145 0.808776
30146 0.774583
30147 0.644022
30148 0.65938
30149 0.748081
30150 0.846619
30151 0.858941
30152 0.831163
30153 0.841932
30154 0.892128
30155 0.746975
30156 0.722537
30157 0.802576
30158 0.792385
30159 0.7484
30160 0.684415
30161 0.875167
30162 0.79641
30163 0.703234
30164 0.847395
30165 0.810491
30166 0.943959
30167 0.849018
30168 0.864276
30169 0.917035
30170 0.822395
30171 0.737486
30172 0.84317
30173 0.875802
30174 0.770755
30175 0.692717
30176 0.756421
30177 0.868618
30178 0.801641
30179 0.831809
30180 0.948772
30181 0.796895
30182 0.777332
30183 0.859462
30184 0.720114
30185 0.861887
30186 0.574266
30187 0.840046
30188 0.771786
30189 0.694577
30190 0.775801
30191 0.666224
30192 0.784245
30193 0.769904
30194 0.80226
30195 0.961486
30196 0.949719
30197 0.589067
30198 0.805451
30199 0.781502
30200 0.591104
30201 0.96387
30202 0.97699
30203 0.857758
30204 0.605999
30205 0.791366
30206 0.860537
30207 0.9695
30208 0.90827
30209 0.844918
30210 0.675656
30211 0.773908
30212 0.767153
30213 0.868087
30214 0.776996
30215 0.889484
30216 0.744696
30217 0.740045
30218 0.762557
30219 0.844812
30220 0.698328
30221 0.884775
30222 0.828989
30223 0.748133
30224 0.716701
30225 0.768121
30226 0.845383
30227 0.990859
30228 0.687683
30229 0.711745
30230 0.711572
30231 0.632024
30232 0.71925
30233 0.703294
30234 0.722296
30235 0.807312
30236 0.81931
30237 0.721447
30238 0.775407
30239 0.633176
30240 0.792955
30241 0.830183
30242 0.903149
30243 0.784912
30244 0.850955
30245 0.810977
30246 0.837106
30247 0.759716
30248 0.771241
30249 0.941078
30250 0.914165
30251 0.932541
30252 0.812788
30253 0.701536
30254 0.842229
30255 0.83715
30256 0.880535
30257 0.804283
30258 0.873385
30259 0.877045
30260 0.837513
30261 0.703935
30262 0.765713
30263 0.855657
30264 0.799504
30265 0.758636
30266 0.946616
30267 0.840919
30268 0.666778
30269 0.673514
30270 0.878519
30271 0.70708
30272 0.779175
30273 0.849684
30274 0.811962
30275 0.747321
30276 0.889805
30277 0.871441
30278 0.711226
30279 0.775865
30280 0.837985
30281 0.699272
30282 0.752498
30283 0.691691
30284 0.756315
30285 0.799731
30286 0.535892
30287 0.677009
30288 0.689511
30289 0.813522
30290 0.813674
30291 0.867214
30292 0.922159
30293 0.765323
30294 0.773842
30295 0.899603
30296 0.922479
30297 0.58469
30298 0.922263
30299 0.892276
30300 0.794596
30301 0.878701
30302 0.686403
30303 0.708667
30304 0.901924
30305 0.820284
30306 0.93638
30307 0.713166
30308 0.724508
30309 0.817353
30310 0.756936
30311 0.71801
30312 0.926678
30313 0.84526
30314 0.746543
30315 0.633618
30316 0.745865
30317 0.576281
30318 0.924965
30319 0.859255
30320 0.877065
30321 0.70693
30322 0.711928
30323 0.844369
30324 0.885475
30325 0.759923
30326 0.812609
30327 0.83738
30328 0.809039
30329 0.958334
30330 0.799548
30331 0.922779
30332 0.810841
30333 0.815761
30334 0.738693
30335 0.805108
30336 0.639135
30337 0.826769
30338 0.8297
30339 0.752797
30340 0.751113
30341 0.706351
30342 0.762546
30343 0.706778
30344 0.829083
30345 0.725428
30346 0.68479
30347 0.668316
30348 0.828812
30349 0.838858
30350 0.934476
30351 0.804962
30352 0.89002
30353 0.844115
30354 0.958029
30355 0.672428
30356 0.828585
30357 0.855815
30358 0.876099
30359 0.639401
30360 0.758
30361 0.787553
30362 0.849081
30363 0.795396
30364 0.811409
30365 0.823408
30366 0.853303
30367 0.776538
30368 0.779361
30369 0.741998
30370 0.734888
30371 0.841074
30372 0.908558
30373 0.877027
30374 0.578927
30375 0.730309
30376 0.753115
30377 0.852809
30378 0.794729
30379 0.889231
30380 0.820709
30381 0.848435
30382 0.928755
30383 0.961087
30384 0.862048
30385 0.732134
30386 0.643436
30387 0.551538
30388 0.723396
30389 0.735222
30390 0.576023
30391 0.768269
30392 0.816319
30393 0.846165
30394 0.936185
30395 0.814805
30396 0.920431
30397 0.734908
30398 0.84766
30399 0.560193
30400 0.96207
30401 0.794826
30402 0.703166
30403 0.80612
30404 0.7801
30405 0.815035
30406 0.827394
30407 0.824875
30408 0.764027
30409 0.812872
30410 0.665675
30411 0.727345
30412 0.703464
30413 0.891485
30414 0.832558
30415 0.673368
30416 0.732003
30417 0.814661
30418 0.83547
30419 0.829275
30420 0.724041
30421 0.846629
30422 0.946609
30423 0.699559
30424 0.765759
30425 0.77424
30426 0.721763
30427 0.925305
30428 0.915571
30429 0.967862
30430 0.871666
30431 0.630698
30432 0.835015
30433 0.732521
30434 0.619088
30435 0.932622
30436 0.623768
30437 0.647042
30438 0.818948
30439 0.792573
30440 0.644907
30441 0.705791
30442 0.66836
30443 0.647348
30444 0.626177
30445 0.901298
30446 0.672871
30447 0.801437
30448 0.802625
30449 0.815996
30450 0.779146
30451 0.593454
30452 0.898099
30453 0.706223
30454 0.916157
30455 0.735787
30456 0.706131
30457 0.743939
30458 0.427011
30459 0.901937
30460 0.906081
30461 0.713689
30462 0.568652
30463 0.827925
30464 0.936858
30465 0.715687
30466 0.776427
30467 0.573594
30468 0.685023
30469 0.53821
30470 0.843529
30471 0.816307
30472 0.735615
30473 0.836546
30474 0.625474
30475 0.824243
30476 0.700124
30477 0.638684
30478 0.803629
30479 0.71202
30480 0.908453
30481 0.642622
30482 0.701168
30483 0.930287
30484 0.844472
30485 0.710766
30486 0.829742
30487 0.845117
30488 0.595097
30489 0.616557
30490 0.773799
30491 0.714992
30492 0.805279
30493 0.813557
30494 0.894526
30495 0.902269
30496 0.833217
30497 0.629661
30498 0.690192
30499 0.735807
30500 0.710795
30501 0.908263
30502 0.905352
30503 0.904693
30504 0.762416
30505 0.783932
30506 0.896279
30507 0.818677
30508 0.74328
30509 0.818313
30510 0.731682
30511 0.773334
30512 0.813627
30513 0.69969
30514 0.790145
30515 0.72171
30516 0.777285
30517 0.791461
30518 0.904815
30519 0.701708
30520 0.757849
30521 0.932066
30522 0.88165
30523 0.66701
30524 0.78498
30525 0.81425
30526 0.768856
30527 0.888891
30528 0.845016
30529 0.93
30530 0.877656
30531 0.887685
30532 0.690385
30533 0.809852
30534 0.942252
30535 0.676614
30536 0.670245
30537 0.73298
30538 0.678327
30539 0.854803
30540 0.883667
30541 0.763347
30542 0.670296
30543 0.799449
30544 0.865783
30545 0.863013
30546 0.848943
30547 0.936812
30548 0.739169
30549 0.567982
30550 0.512997
30551 0.927335
30552 0.916079
30553 0.700176
30554 0.82129
30555 0.751252
30556 0.78316
30557 0.752139
30558 0.926661
30559 0.85522
30560 0.787781
30561 0.739113
30562 0.820317
30563 0.67356
30564 0.80329
30565 0.875195
30566 0.804788
30567 0.776195
30568 0.647771
30569 0.815841
30570 0.725747
30571 0.856427
30572 0.888876
30573 0.926561
30574 0.815091
30575 0.674623
30576 0.784829
30577 0.684394
30578 0.613242
30579 0.878899
30580 0.899044
30581 0.820328
30582 0.807077
30583 0.784171
30584 0.953443
30585 0.887238
30586 0.835148
30587 0.710613
30588 0.757863
30589 0.764121
30590 0.71414
30591 0.724496
30592 0.658015
30593 0.821622
30594 0.797826
30595 0.82922
30596 0.922208
30597 0.843577
30598 0.759956
30599 0.806179
30600 0.65237
30601 0.744336
30602 0.876335
30603 0.685212
30604 0.894165
30605 0.916736
30606 0.892824
30607 0.913029
30608 0.746658
30609 0.769679
30610 0.732661
30611 0.858853
30612 0.776376
30613 0.71439
30614 0.930179
30615 0.780832
30616 0.723886
30617 0.727378
30618 0.753096
30619 0.817474
30620 0.79654
30621 0.750723
30622 0.797565
30623 0.806247
30624 0.740835
30625 0.935352
30626 0.761434
30627 0.760396
30628 0.753568
30629 0.820871
30630 0.793871
30631 0.665406
30632 0.813606
30633 0.911353
30634 0.973507
30635 0.669815
30636 0.752077
30637 0.745163
30638 0.619891
30639 0.756819
30640 0.870827
30641 0.724867
30642 0.863058
30643 0.743408
30644 0.822575
30645 0.874308
30646 0.702742
30647 0.671197
30648 0.878194
30649 0.789279
30650 0.723947
30651 0.625072
30652 0.835517
30653 0.81937
30654 0.97001
30655 0.88399
30656 0.825318
30657 0.708747
30658 0.7847
30659 0.890159
30660 0.646549
30661 0.704052
30662 0.789345
30663 0.704271
30664 0.842555
30665 0.796953
30666 0.834949
30667 0.787983
30668 0.773643
30669 0.953668
30670 0.767466
30671 0.616112
30672 0.960608
30673 0.841647
30674 0.92836
30675 0.788519
30676 0.612612
30677 0.716507
30678 0.773639
30679 0.710633
30680 0.888499
30681 0.939389
30682 0.716614
30683 0.424524
30684 0.890342
30685 0.637445
30686 0.593956
30687 0.775775
30688 0.617024
30689 0.697894
30690 0.804313
30691 0.69357
30692 0.940695
30693 0.914336
30694 0.86523
30695 0.859156
30696 0.823461
30697 0.859131
30698 0.934464
30699 0.817676
30700 0.878906
30701 0.820876
30702 0.895736
30703 0.828197
30704 0.676409
30705 0.969727
30706 0.7992
30707 0.839958
30708 0.709988
30709 0.838112
30710 0.678002
30711 0.787247
30712 0.918187
30713 0.706825
30714 0.74622
30715 0.818021
30716 0.693444
30717 0.781386
30718 0.847396
30719 0.63029
30720 0.719137
30721 0.585253
30722 0.800409
30723 0.860057
30724 0.673005
30725 0.80181
30726 0.748833
30727 0.888525
30728 0.834717
30729 0.763879
30730 0.834421
30731 0.859005
30732 0.733309
30733 0.886033
30734 0.678774
30735 0.584724
30736 0.76449
30737 0.879869
30738 0.828515
30739 0.762412
30740 0.87529
30741 0.941195
30742 0.78533
30743 0.783028
30744 0.950653
30745 0.90887
30746 0.622255
30747 0.738758
30748 0.743989
30749 0.773794
30750 0.863706
30751 0.572937
30752 0.818899
30753 0.8854
30754 0.856109
30755 0.835548
30756 0.918954
30757 0.811292
30758 0.763783
30759 0.816576
30760 0.878454
30761 0.715778
30762 0.908712
30763 0.605569
30764 0.638063
30765 0.744957
30766 0.77754
30767 0.647312
30768 0.767228
30769 0.78555
30770 0.637054
30771 0.735839
30772 0.714611
30773 0.841222
30774 0.911454
30775 0.883441
30776 0.796792
30777 0.667603
30778 0.839404
30779 0.909287
30780 0.762653
30781 0.64592
30782 0.745958
30783 0.776617
30784 0.716404
30785 0.76391
30786 0.923708
30787 0.729822
30788 0.787467
30789 0.793317
30790 0.71225
30791 0.876922
30792 0.896865
30793 0.775931
30794 0.611437
30795 0.821795
30796 0.918946
30797 0.60941
30798 0.909864
30799 0.825118
30800 0.734918
30801 0.772889
30802 0.80603
30803 0.936154
30804 0.782569
30805 0.726808
30806 0.695788
30807 0.78145
30808 0.756555
30809 0.824971
30810 0.874481
30811 0.821908
30812 0.655521
30813 0.80121
30814 0.650583
30815 0.725719
30816 0.847869
30817 0.846706
30818 0.688044
30819 0.748527
30820 0.898774
30821 0.796909
30822 0.751199
30823 0.816248
30824 0.699233
30825 0.923365
30826 0.830256
30827 0.721726
30828 0.740442
30829 0.789246
30830 0.67704
30831 0.674566
30832 0.922936
30833 0.88475
30834 0.812994
30835 0.710128
30836 0.822599
30837 0.872534
30838 0.859204
30839 0.975038
30840 0.917206
30841 0.874522
30842 0.98826
30843 0.895299
30844 0.772446
30845 0.792673
30846 0.872411
30847 0.92703
30848 0.893918
30849 0.822926
30850 0.89602
30851 0.653334
30852 0.817165
30853 0.685747
30854 0.763934
30855 0.93937
30856 0.730017
30857 0.657123
30858 0.910451
30859 0.927039
30860 0.866276
30861 0.837133
30862 0.928068
30863 0.621594
30864 0.702383
30865 0.840997
30866 0.74035
30867 0.640739
30868 0.791582
30869 0.718146
30870 0.894056
30871 0.777681
30872 0.815264
30873 0.902218
30874 0.86804
30875 0.734627
30876 0.837317
30877 0.764685
30878 0.520294
30879 0.839229
30880 0.750279
30881 0.849464
30882 0.588424
30883 0.723102
30884 0.821048
30885 0.827251
30886 0.756834
30887 0.790852
30888 0.813297
30889 0.765887
30890 0.72473
30891 0.683583
30892 0.80945
30893 0.735623
30894 0.872231
30895 0.772511
30896 0.688091
30897 0.765773
30898 0.930036
30899 0.770827
30900 0.827116
30901 0.788656
30902 0.76753
30903 0.71508
30904 0.734887
30905 0.7661
30906 0.730459
30907 0.918193
30908 0.821759
30909 0.846808
30910 0.781551
30911 0.821245
30912 0.844423
30913 0.769764
30914 0.708485
30915 0.586799
30916 0.63324
30917 0.822796
30918 0.794718
30919 0.719714
30920 0.862357
30921 0.710063
30922 0.787568
30923 0.515036
30924 0.645595
30925 0.660306
30926 0.836519
30927 0.887261
30928 0.813079
30929 0.9463
30930 0.734597
30931 0.879706
30932 0.771486
30933 0.822561
30934 0.774177
30935 0.854528
30936 0.765275
30937 0.685315
30938 0.813778
30939 0.904568
30940 0.705207
30941 0.661151
30942 0.725546
30943 0.860084
30944 0.666925
30945 0.89217
30946 0.894243
30947 0.818826
30948 0.839759
30949 0.79924
30950 0.863062
30951 0.896746
30952 0.852595
30953 0.908111
30954 0.752054
30955 0.839348
30956 0.828459
30957 0.829667
30958 0.714031
30959 0.732446
30960 0.554513
30961 0.7587
30962 0.759925
30963 0.70839
30964 0.791936
30965 0.810306
30966 0.845795
30967 0.612845
30968 0.908931
30969 0.724172
30970 0.597937
30971 0.838538
30972 0.546595
30973 0.855529
30974 0.731532
30975 0.594308
30976 0.754645
30977 0.734675
30978 0.525368
30979 0.530048
30980 0.816625
30981 0.810699
30982 0.785591
30983 0.806912
30984 0.922139
30985 0.457003
30986 0.850911
30987 0.835307
30988 0.883478
30989 0.567437
30990 0.781169
30991 0.67332
30992 0.699263
30993 0.743635
30994 0.83414
30995 0.753059
30996 0.804005
30997 0.871031
30998 0.85173
30999 0.734341
31000 0.81394
31001 0.792538
31002 0.668796
31003 0.874685
31004 0.864857
31005 0.78125
31006 0.85403
31007 0.830954
31008 0.765266
31009 0.8183
31010 0.844648
31011 0.64406
31012 0.68404
31013 0.871076
31014 0.936615
31015 0.856469
31016 0.746112
31017 0.742618
31018 0.699506
31019 0.842903
31020 0.796318
31021 0.926814
31022 0.897833
31023 0.743183
31024 0.813576
31025 0.801062
31026 0.843669
31027 0.836919
31028 0.788576
31029 0.724922
31030 0.74819
31031 0.830931
31032 0.739074
31033 0.906058
31034 0.865553
31035 0.819788
31036 0.760558
31037 0.719665
31038 0.913457
31039 0.776177
31040 0.76535
31041 0.731009
31042 0.902875
31043 0.901268
31044 0.937147
31045 0.856148
31046 0.746141
31047 0.804489
31048 0.712285
31049 0.870314
31050 0.786883
31051 0.888278
31052 0.83626
31053 0.80067
31054 0.773784
31055 0.856632
31056 0.894403
31057 0.786547
31058 0.773499
31059 0.765333
31060 0.722168
31061 0.776218
31062 0.850072
31063 0.689239
31064 0.74359
31065 0.69568
31066 0.763224
31067 0.736118
31068 0.94314
31069 0.707825
31070 0.77497
31071 0.792924
31072 0.830316
31073 0.707453
31074 0.746547
31075 0.686388
31076 0.778473
31077 0.84577
31078 0.735981
31079 0.851243
31080 0.777033
31081 0.817097
31082 0.678859
31083 0.773193
31084 0.616058
31085 0.628174
31086 0.571795
31087 0.733824
31088 0.747898
31089 0.750318
31090 0.704135
31091 0.741626
31092 0.709735
31093 0.507235
31094 0.861642
31095 0.677299
31096 0.835708
31097 0.89784
31098 0.862973
31099 0.95131
31100 0.889737
31101 0.862889
31102 0.785044
31103 0.742869
31104 0.843893
31105 0.803929
31106 0.814301
31107 0.69871
31108 0.805618
31109 0.864377
31110 0.671282
31111 0.884833
31112 0.720932
31113 0.895998
31114 0.650501
31115 0.669409
31116 0.793363
31117 0.690777
31118 0.826641
31119 0.771864
31120 0.817837
31121 0.752535
31122 0.824323
31123 0.904156
31124 0.804104
31125 0.892298
31126 0.739316
31127 0.834392
31128 0.861168
31129 0.794603
31130 0.805429
31131 0.837058
31132 0.69956
31133 0.705442
31134 0.740531
31135 0.660729
31136 0.843575
31137 0.873398
31138 0.860191
31139 0.898266
31140 0.722489
31141 0.927629
31142 0.921787
31143 0.898787
31144 0.652644
31145 0.733527
31146 0.827457
31147 0.738986
31148 0.831234
31149 0.845699
31150 0.967459
31151 0.883056
31152 0.937126
31153 0.765279
31154 0.876002
31155 0.883231
31156 0.787122
31157 0.538761
31158 0.750206
31159 0.687089
31160 0.809133
31161 0.84897
31162 0.865202
31163 0.8417
31164 0.902149
31165 0.954951
31166 0.735284
31167 0.792358
31168 0.760722
31169 0.629651
31170 0.75433
31171 0.815165
31172 0.837739
31173 0.837877
31174 0.747954
31175 0.554693
31176 0.780109
31177 0.748002
31178 0.664079
31179 0.810312
31180 0.670664
31181 0.637627
31182 0.860309
31183 0.732265
31184 0.805974
31185 0.77816
31186 0.849092
31187 0.78245
31188 0.554986
31189 0.603044
31190 0.771921
31191 0.824821
31192 0.833696
31193 0.853196
31194 0.657712
31195 0.918204
31196 0.776136
31197 0.825111
31198 0.911382
31199 0.807491
31200 0.683586
31201 0.709323
31202 0.824556
31203 0.8124
31204 0.736978
31205 0.686614
31206 0.788826
31207 0.661166
31208 0.806588
31209 0.85221
31210 0.806151
31211 0.833789
31212 0.830572
31213 0.721398
31214 0.743493
31215 0.733148
31216 0.741758
31217 0.837779
31218 0.82962
31219 0.705596
31220 0.775188
31221 0.72982
31222 0.790853
31223 0.728324
31224 0.7952
31225 0.689419
31226 0.751624
31227 0.749032
31228 0.707255
31229 0.905608
31230 0.970173
31231 0.916916
31232 0.868118
31233 0.774122
31234 0.864384
31235 0.760856
31236 0.912881
31237 0.851322
31238 0.654719
31239 0.813224
31240 0.823555
31241 0.71319
31242 0.784886
31243 0.707401
31244 0.802397
31245 0.849304
31246 0.924364
31247 0.919315
31248 0.678687
31249 0.744684
31250 0.711451
31251 0.829047
31252 0.741261
31253 0.77821
31254 0.962044
31255 0.797988
31256 0.685426
31257 0.808004
31258 0.910139
31259 0.899816
31260 0.844346
31261 0.854494
31262 0.834502
31263 0.806694
31264 0.81921
31265 0.745349
31266 0.814275
31267 0.833953
31268 0.938702
31269 0.971685
31270 0.698628
31271 0.910455
31272 0.827219
31273 0.923106
31274 0.584854
31275 0.846322
31276 0.740757
31277 0.864337
31278 0.585398
31279 0.737512
31280 0.6738
31281 0.820694
31282 0.709937
31283 0.760227
31284 0.817645
31285 0.718093
31286 0.721165
31287 0.84233
31288 0.851831
31289 0.841117
31290 0.91078
31291 0.852266
31292 0.706409
31293 0.674822
31294 0.741962
31295 0.758939
31296 0.696008
31297 0.773131
31298 0.775002
31299 0.790468
31300 0.84515
31301 0.736332
31302 0.81484
31303 0.647507
31304 0.879389
31305 0.869108
31306 0.623143
31307 0.807146
31308 0.810935
31309 0.564665
31310 0.849448
31311 0.917751
31312 0.831966
31313 0.858717
31314 0.872204
31315 0.711513
31316 0.770126
31317 0.663675
31318 0.761824
31319 0.828828
31320 0.720398
31321 0.799166
31322 0.840393
31323 0.936435
31324 0.836744
31325 0.853408
31326 0.848286
31327 0.833153
31328 0.660086
31329 0.820339
31330 0.83751
31331 0.952563
31332 0.603248
31333 0.851061
31334 0.663348
31335 0.934322
31336 0.938203
31337 0.775677
31338 0.829723
31339 0.668936
31340 0.727996
31341 0.699334
31342 0.819915
31343 0.768946
31344 0.71562
31345 0.567268
31346 0.832072
31347 0.844388
31348 0.873513
31349 0.881226
31350 0.881936
31351 0.810465
31352 0.7628
31353 0.867502
31354 0.746212
31355 0.812633
31356 0.698923
31357 0.726168
31358 0.611256
31359 0.783261
31360 0.804342
31361 0.851519
31362 0.744204
31363 0.889473
31364 0.8514
31365 0.860593
31366 0.790726
31367 0.656529
31368 0.715953
31369 0.685287
31370 0.717405
31371 0.714112
31372 0.871764
31373 0.717667
31374 0.760806
31375 0.891018
31376 0.832685
31377 0.878016
31378 0.750879
31379 0.777804
31380 0.868005
31381 0.686736
31382 0.731527
31383 0.613876
31384 0.735644
31385 0.669639
31386 0.845044
31387 0.817776
31388 0.583772
31389 0.642902
31390 0.670501
31391 0.831876
31392 0.789483
31393 0.700473
31394 0.863402
31395 0.960581
31396 0.968973
31397 0.896865
31398 0.859822
31399 0.786123
31400 0.833012
31401 0.956135
31402 0.886064
31403 0.808323
31404 0.808143
31405 0.819385
31406 0.748444
31407 0.771584
31408 0.905702
31409 0.872465
31410 0.849545
31411 0.846473
31412 0.975829
31413 0.798496
31414 0.799138
31415 0.713496
31416 0.924184
31417 0.818867
31418 0.89728
31419 0.804744
31420 0.923733
31421 0.884759
31422 0.872801
31423 0.875227
31424 0.916252
31425 0.85975
31426 0.845253
31427 0.630612
31428 0.848421
31429 0.822386
31430 0.872426
31431 0.881181
31432 0.801679
31433 0.812778
31434 0.866346
31435 0.900581
31436 0.954478
31437 0.857189
31438 0.691328
31439 0.776259
31440 0.877142
31441 0.926254
31442 0.779641
31443 0.601342
31444 0.718261
31445 0.562554
31446 0.854356
31447 0.749074
31448 0.753259
31449 0.886808
31450 0.827386
31451 0.899441
31452 0.64798
31453 0.821787
31454 0.631631
31455 0.602794
31456 0.814314
31457 0.885777
31458 0.698771
31459 0.887023
31460 0.835567
31461 0.961811
31462 0.904792
31463 0.800003
31464 0.729548
31465 0.794114
31466 0.734507
31467 0.839353
31468 0.829292
31469 0.748032
31470 0.745565
31471 0.858331
31472 0.841615
31473 0.7689
31474 0.704761
31475 0.76125
31476 0.805355
31477 0.954088
31478 0.726229
31479 0.866201
31480 0.816919
31481 0.750004
31482 0.695758
31483 0.678218
31484 0.857026
31485 0.670907
31486 0.699378
31487 0.6978
31488 0.762932
31489 0.897965
31490 0.794851
31491 0.972771
31492 0.645025
31493 0.839289
31494 0.849523
31495 0.765991
31496 0.813828
31497 0.758452
31498 0.73373
31499 0.804711
31500 0.710277
31501 0.681784
31502 0.512334
31503 0.615754
31504 0.726367
31505 0.676846
31506 0.733124
31507 0.583346
31508 0.7383
31509 0.856253
31510 0.7881
31511 0.875546
31512 0.871605
31513 0.647908
31514 0.692154
31515 0.850966
31516 0.602752
31517 0.792462
31518 0.635095
31519 0.814858
31520 0.728069
31521 0.934804
31522 0.86651
31523 0.771168
31524 0.880955
31525 0.952548
31526 0.809392
31527 0.786058
31528 0.927071
31529 0.760316
31530 0.671206
31531 0.691109
31532 0.679191
31533 0.810479
31534 0.928618
31535 0.800153
31536 0.864083
31537 0.86343
31538 0.800313
31539 0.814829
31540 0.819412
31541 0.628723
31542 0.789442
31543 0.840194
31544 0.888585
31545 0.618753
31546 0.72669
31547 0.690381
31548 0.778568
31549 0.789772
31550 0.713795
31551 0.83742
31552 0.790798
31553 0.789609
31554 0.845165
31555 0.880723
31556 0.90107
31557 0.856759
31558 0.879074
31559 0.804401
31560 0.873148
31561 0.779486
31562 0.753327
31563 0.767734
31564 0.897209
31565 0.845423
31566 0.864787
31567 0.878953
31568 0.939266
31569 0.868041
31570 0.894036
31571 0.886134
31572 0.783019
31573 0.873198
31574 0.656098
31575 0.8422
31576 0.727851
31577 0.751893
31578 0.64547
31579 0.77969
31580 0.832617
31581 0.737129
31582 0.721387
31583 0.786129
31584 0.776375
31585 0.771018
31586 0.881003
31587 0.680749
31588 0.785369
31589 0.868136
31590 0.716937
31591 0.616151
31592 0.921252
31593 0.658326
31594 0.844482
31595 0.636789
31596 0.575012
31597 0.822711
31598 0.598657
31599 0.675223
31600 0.752189
31601 0.853839
31602 0.636754
31603 0.843746
31604 0.903517
31605 0.801678
31606 0.795913
31607 0.630161
31608 0.776892
31609 0.854477
31610 0.94337
31611 0.661917
31612 0.928735
31613 0.88157
31614 0.663171
31615 0.732053
31616 0.776626
31617 0.774444
31618 0.660097
31619 0.703046
31620 0.529673
31621 0.877704
31622 0.879012
31623 0.896057
31624 0.757006
31625 0.836457
31626 0.855524
31627 0.76957
31628 0.897228
31629 0.745702
31630 0.720934
31631 0.716147
31632 0.799165
31633 0.774038
31634 0.922227
31635 0.786021
31636 0.819635
31637 0.684478
31638 0.945787
31639 0.918452
31640 0.778822
31641 0.723177
31642 0.896495
31643 0.724744
31644 0.875087
31645 0.799569
31646 0.71039
31647 0.709234
31648 0.836628
31649 0.716462
31650 0.916021
31651 0.804998
31652 0.796415
31653 0.779141
31654 0.727927
31655 0.701448
31656 0.663382
31657 0.804678
31658 0.839607
31659 0.667129
31660 0.716953
31661 0.767107
31662 0.653762
31663 0.831913
31664 0.878548
31665 0.722115
31666 0.776532
31667 0.677582
31668 0.915203
31669 0.640286
31670 0.950965
31671 0.835366
31672 0.850515
31673 0.804148
31674 0.730573
31675 0.719494
31676 0.866128
31677 0.806092
31678 0.820494
31679 0.716371
31680 0.858258
31681 0.840622
31682 0.784324
31683 0.929378
31684 0.954175
31685 0.897567
31686 0.878219
31687 0.833111
31688 0.742893
31689 0.807444
31690 0.603908
31691 0.642002
31692 0.924885
31693 0.871854
31694 0.772624
31695 0.803212
31696 0.806726
31697 0.910538
31698 0.731239
31699 0.61022
31700 0.803083
31701 0.783506
31702 0.637459
31703 0.517368
31704 0.844985
31705 0.893798
31706 0.804572
31707 0.909283
31708 0.698378
31709 0.765008
31710 0.84292
31711 0.702674
31712 0.846046
31713 0.949435
31714 0.848936
31715 0.80579
31716 0.794595
31717 0.895441
31718 0.871343
31719 0.879932
31720 0.677693
31721 0.695109
31722 0.726325
31723 0.691187
31724 0.550261
31725 0.867603
31726 0.888008
31727 0.90274
31728 0.735918
31729 0.731282
31730 0.88872
31731 0.916545
31732 0.740583
31733 0.743262
31734 0.877909
31735 0.75273
31736 0.95552
31737 0.822323
31738 0.856709
31739 0.82183
31740 0.962913
31741 0.903354
31742 0.781409
31743 0.925856
31744 0.711486
31745 0.955028
31746 0.966029
31747 0.840958
31748 0.757383
31749 0.840284
31750 0.902162
31751 0.864952
31752 0.675733
31753 0.736135
31754 0.799313
31755 0.865678
31756 0.83899
31757 0.79485
31758 0.733515
31759 0.700161
31760 0.839837
31761 0.7325
31762 0.656389
31763 0.747899
31764 0.652197
31765 0.77703
31766 0.730463
31767 0.740787
31768 0.899659
31769 0.785553
31770 0.732776
31771 0.87587
31772 0.916424
31773 0.790359
31774 0.908248
31775 0.755506
31776 0.765113
31777 0.774151
31778 0.73817
31779 0.763272
31780 0.681236
31781 0.824787
31782 0.94785
31783 0.796881
31784 0.724668
31785 0.680927
31786 0.902186
31787 0.883356
31788 0.822987
31789 0.86879
31790 0.799882
31791 0.940601
31792 0.924382
31793 0.673695
31794 0.759531
31795 0.791273
31796 0.788573
31797 0.855665
31798 0.861466
31799 0.646672
31800 0.85944
31801 0.839031
31802 0.62011
31803 0.675818
31804 0.838989
31805 0.936066
31806 0.859645
31807 0.716118
31808 0.881458
31809 0.910223
31810 0.724923
31811 0.906372
31812 0.834442
31813 0.59068
31814 0.760613
31815 0.640311
31816 0.635245
31817 0.78604
31818 0.715081
31819 0.733878
31820 0.976413
31821 0.753336
31822 0.700759
31823 0.825744
31824 0.969499
31825 0.957901
31826 0.896847
31827 0.777807
31828 0.716371
31829 0.839127
31830 0.762911
31831 0.735638
31832 0.667307
31833 0.644415
31834 0.649931
31835 0.673751
31836 0.756732
31837 0.730974
31838 0.824906
31839 0.711228
31840 0.683076
31841 0.727199
31842 0.729236
31843 0.803164
31844 0.809495
31845 0.807964
31846 0.814668
31847 0.771049
31848 0.86655
31849 0.795095
31850 0.734767
31851 0.892471
31852 0.939665
31853 0.460283
31854 0.762596
31855 0.637699
31856 0.555569
31857 0.786056
31858 0.801801
31859 0.696511
31860 0.802664
31861 0.799736
31862 0.768085
31863 0.804546
31864 0.674686
31865 0.545572
31866 0.812774
31867 0.794632
31868 0.765006
31869 0.778107
31870 0.574054
31871 0.807351
31872 0.738241
31873 0.705808
31874 0.849236
31875 0.743766
31876 0.853039
31877 0.753165
31878 0.659174
31879 0.81462
31880 0.811281
31881 0.823986
31882 0.864633
31883 0.756386
31884 0.85011
31885 0.827405
31886 0.93109
31887 0.827954
31888 0.857529
31889 0.696691
31890 0.965702
31891 0.764105
31892 0.629007
31893 0.692575
31894 0.855643
31895 0.715536
31896 0.788478
31897 0.909741
31898 0.724045
31899 0.684172
31900 0.600567
31901 0.889236
31902 0.918563
31903 0.968454
31904 0.855589
31905 0.761374
31906 0.762202
31907 0.79325
31908 0.800668
31909 0.801378
31910 0.618366
31911 0.86121
31912 0.834604
31913 0.900271
31914 0.957788
31915 0.65617
31916 0.73486
31917 0.740899
31918 0.866291
31919 0.777402
31920 0.69975
31921 0.918207
31922 0.775464
31923 0.949309
31924 0.798869
31925 0.88031
31926 0.710304
31927 0.954656
31928 0.68559
31929 0.570162
31930 0.871647
31931 0.766286
31932 0.713016
31933 0.766666
31934 0.69432
31935 0.784872
31936 0.866988
31937 0.917396
31938 0.635463
31939 0.703963
31940 0.77264
31941 0.631447
31942 0.900418
31943 0.721104
31944 0.742494
31945 0.937758
31946 0.769299
31947 0.731154
31948 0.654305
31949 0.88432
31950 0.760741
31951 0.79435
31952 0.664119
31953 0.819237
31954 0.872351
31955 0.793988
31956 0.820839
31957 0.661038
31958 0.591359
31959 0.775962
31960 0.76532
31961 0.617377
31962 0.880088
31963 0.796098
31964 0.891744
31965 0.798065
31966 0.853247
31967 0.729118
31968 0.855732
31969 0.914511
31970 0.949382
31971 0.798095
31972 0.937913
31973 0.768337
31974 0.988266
31975 0.923242
31976 0.8985
31977 0.798438
31978 0.81751
31979 0.774758
31980 0.85906
31981 0.830549
31982 0.951313
31983 0.910525
31984 0.737296
31985 0.96719
31986 0.865501
31987 0.857368
31988 0.683209
31989 0.714249
31990 0.912924
31991 0.764965
31992 0.78165
31993 0.729022
31994 0.650415
31995 0.612134
31996 0.867806
31997 0.824766
31998 0.750893
31999 0.866617
32000 0.766524
32001 0.850113
32002 0.851767
32003 0.700757
32004 0.788136
32005 0.828948
32006 0.924064
32007 0.938647
32008 0.800665
32009 0.814039
32010 0.92073
32011 0.837438
32012 0.8397
32013 0.894665
32014 0.820263
32015 0.772076
32016 0.883456
32017 0.945214
32018 0.870693
32019 0.797225
32020 0.751509
32021 0.723059
32022 0.951392
32023 0.85128
32024 0.855848
32025 0.721762
32026 0.869904
32027 0.93916
32028 0.815192
32029 0.966937
32030 0.805826
32031 0.858678
32032 0.889316
32033 0.795211
32034 0.867039
32035 0.972583
32036 0.925944
32037 0.754253
32038 0.793239
32039 0.841686
32040 0.931
32041 0.85914
32042 0.856
32043 0.623548
32044 0.904586
32045 0.888571
32046 0.796065
32047 0.780924
32048 0.788422
32049 0.975517
32050 0.703879
32051 0.696462
32052 0.6381
32053 0.689032
32054 0.698883
32055 0.791497
32056 0.784483
32057 0.826265
32058 0.84614
32059 0.838434
32060 0.869359
32061 0.811782
32062 0.798561
32063 0.828454
32064 0.717436
32065 0.676356
32066 0.74031
32067 0.781445
32068 0.668887
32069 0.758189
32070 0.806715
32071 0.71263
32072 0.824561
32073 0.859825
32074 0.741875
32075 0.807491
32076 0.823989
32077 0.840447
32078 0.918569
32079 0.825774
32080 0.962064
32081 0.704508
32082 0.922185
32083 0.689048
32084 0.712021
32085 0.656129
32086 0.772515
32087 0.811231
32088 0.709056
32089 0.73473
32090 0.723391
32091 0.684864
32092 0.712841
32093 0.69984
32094 0.775687
32095 0.672357
32096 0.874719
32097 0.882818
32098 0.839341
32099 0.872519
32100 0.736755
32101 0.783868
32102 0.859699
32103 0.830951
32104 0.768109
32105 0.891686
32106 0.720145
32107 0.702644
32108 0.821843
32109 0.694325
32110 0.78657
32111 0.758632
32112 0.698945
32113 0.823881
32114 0.754409
32115 0.855674
32116 0.782698
32117 0.826831
32118 0.849159
32119 0.909403
32120 0.856655
32121 0.816003
32122 0.732608
32123 0.882558
32124 0.726619
32125 0.72909
32126 0.832207
32127 0.706595
32128 0.773357
32129 0.613212
32130 0.709277
32131 0.822188
32132 0.740801
32133 0.893
32134 0.913004
32135 0.78931
32136 0.676004
32137 0.860905
32138 0.768309
32139 0.772184
32140 0.700987
32141 0.864822
32142 0.813731
32143 0.718248
32144 0.771862
32145 0.77916
32146 0.652475
32147 0.723044
32148 0.794342
32149 0.70656
32150 0.699389
32151 0.651867
32152 0.797702
32153 0.65216
32154 0.984387
32155 0.704833
32156 0.767051
32157 0.83957
32158 0.917851
32159 0.777065
32160 0.82738
32161 0.707514
32162 0.764798
32163 0.757697
32164 0.878119
32165 0.893372
32166 0.847823
32167 0.805462
32168 0.76399
32169 0.751615
32170 0.855536
32171 0.66515
32172 0.812361
32173 0.767012
32174 0.750357
32175 0.7901
32176 0.736979
32177 0.906325
32178 0.724799
32179 0.769775
32180 0.803803
32181 0.685387
32182 0.745719
32183 0.890389
32184 0.803998
32185 0.88273
32186 0.696003
32187 0.768781
32188 0.813187
32189 0.812529
32190 0.764645
32191 0.88776
32192 0.802918
32193 0.757148
32194 0.822023
32195 0.659068
32196 0.884115
32197 0.908358
32198 0.743103
32199 0.774742
32200 0.773357
32201 0.846688
32202 0.892206
32203 0.826106
32204 0.829073
32205 0.735778
32206 0.859743
32207 0.866305
32208 0.692865
32209 0.790738
32210 0.759118
32211 0.72316
32212 0.709341
32213 0.854238
32214 0.870766
32215 0.834319
32216 0.588225
32217 0.793959
32218 0.87831
32219 0.789004
32220 0.832366
32221 0.88207
32222 0.647633
32223 0.752683
32224 0.707699
32225 0.808912
32226 0.65561
32227 0.813459
32228 0.756141
32229 0.720459
32230 0.727916
32231 0.720345
32232 0.655154
32233 0.789276
32234 0.572459
32235 0.847203
32236 0.608945
32237 0.827604
32238 0.892718
32239 0.840545
32240 0.663511
32241 0.801112
32242 0.875687
32243 0.752673
32244 0.781052
32245 0.715332
32246 0.870484
32247 0.752872
32248 0.739651
32249 0.750915
32250 0.898157
32251 0.793224
32252 0.848776
32253 0.912381
32254 0.633505
32255 0.567147
32256 0.762671
32257 0.874969
32258 0.912959
32259 0.898907
32260 0.802089
32261 0.851573
32262 0.82755
32263 0.82575
32264 0.652558
32265 0.839695
32266 0.740806
32267 0.738627
32268 0.784486
32269 0.73952
32270 0.746653
32271 0.78199
32272 0.775395
32273 0.82375
32274 0.648798
32275 0.768724
32276 0.613824
32277 0.78681
32278 0.682521
32279 0.727797
32280 0.805541
32281 0.710687
32282 0.73306
32283 0.674004
32284 0.663553
32285 0.666876
32286 0.778574
32287 0.736373
32288 0.945016
32289 0.701246
32290 0.86021
32291 0.807177
32292 0.828219
32293 0.843351
32294 0.838665
32295 0.77245
32296 0.887394
32297 0.783898
32298 0.593259
32299 0.633331
32300 0.826676
32301 0.783626
32302 0.914947
32303 0.909025
32304 0.770235
32305 0.872535
32306 0.834952
32307 0.854719
32308 0.840759
32309 0.840991
32310 0.890554
32311 0.80545
32312 0.942986
32313 0.709825
32314 0.747522
32315 0.802588
32316 0.711008
32317 0.555521
32318 0.911396
32319 0.680019
32320 0.734055
32321 0.881
32322 0.874078
32323 0.705024
32324 0.767372
32325 0.732372
32326 0.86376
32327 0.804395
32328 0.870032
32329 0.921602
32330 0.926262
32331 0.965718
32332 0.888596
32333 0.810672
32334 0.916245
32335 0.897257
32336 0.889098
32337 0.84131
32338 0.848318
32339 0.914133
32340 0.738945
32341 0.952661
32342 0.925672
32343 0.878758
32344 0.798435
32345 0.995562
32346 0.828303
32347 0.873617
32348 0.947079
32349 0.958494
32350 0.835527
32351 0.800986
32352 0.871269
32353 0.762541
32354 0.873955
32355 0.95753
32356 0.733865
32357 0.830391
32358 0.923218
32359 0.793346
32360 0.736244
32361 0.938217
32362 0.902909
32363 0.915518
32364 0.865888
32365 0.828132
32366 0.924841
32367 0.813023
32368 0.84239
32369 0.934826
32370 0.906337
32371 0.850732
32372 0.869276
32373 0.928681
32374 0.644171
32375 0.843245
32376 0.774351
32377 0.842757
32378 0.939808
32379 0.862353
32380 0.945177
32381 0.713059
32382 0.715695
32383 0.873958
32384 0.861746
32385 0.861305
32386 0.92361
32387 0.632901
32388 0.612374
32389 0.787745
32390 0.940258
32391 0.757289
32392 0.618789
32393 0.757859
32394 0.921893
32395 0.765494
32396 0.784249
32397 0.786096
32398 0.849855
32399 0.755488
32400 0.742368
32401 0.836341
32402 0.88391
32403 0.767364
32404 0.919796
32405 0.893757
32406 0.808189
32407 0.676019
32408 0.606908
32409 0.704429
32410 0.867151
32411 0.7192
32412 0.75215
32413 0.885615
32414 0.780945
32415 0.754696
32416 0.924798
32417 0.784771
32418 0.704939
32419 0.758994
32420 0.911719
32421 0.760776
32422 0.714791
32423 0.842756
32424 0.79092
32425 0.7756
32426 0.75097
32427 0.833013
32428 0.654271
32429 0.717682
32430 0.813142
32431 0.799715
32432 0.778924
32433 0.785851
32434 0.805899
32435 0.800339
32436 0.961079
32437 0.846881
32438 0.796615
32439 0.937836
32440 0.785393
32441 0.756211
32442 0.792334
32443 0.7191
32444 0.673008
32445 0.770554
32446 0.809657
32447 0.880914
32448 0.85138
32449 0.659955
32450 0.728937
32451 0.719893
32452 0.745733
32453 0.605922
32454 0.84863
32455 0.660815
32456 0.773078
32457 0.820283
32458 0.752499
32459 0.679915
32460 0.906934
32461 0.739907
32462 0.7417
32463 0.725049
32464 0.643444
32465 0.785528
32466 0.668165
32467 0.776308
32468 0.827858
32469 0.762776
32470 0.838994
32471 0.743021
32472 0.817859
32473 0.76153
32474 0.830946
32475 0.858696
32476 0.553685
32477 0.679178
32478 0.768147
32479 0.899919
32480 0.816794
32481 0.733602
32482 0.728347
32483 0.834099
32484 0.749996
32485 0.757833
32486 0.777179
32487 0.653673
32488 0.652557
32489 0.756928
32490 0.689678
32491 0.753534
32492 0.936149
32493 0.791814
32494 0.908585
32495 0.822343
32496 0.757593
32497 0.64512
32498 0.775942
32499 0.893926
32500 0.720137
32501 0.696774
32502 0.651706
32503 0.784316
32504 0.905612
32505 0.712679
32506 0.734775
32507 0.857423
32508 0.730084
32509 0.930213
32510 0.948088
32511 0.912244
32512 0.813591
32513 0.917045
32514 0.857231
32515 0.821544
32516 0.936302
32517 0.776361
32518 0.905445
32519 0.76647
32520 0.940258
32521 0.836787
32522 0.892476
32523 0.914383
32524 0.901211
32525 0.888783
32526 0.871205
32527 0.768313
32528 0.754597
32529 0.744581
32530 0.595545
32531 0.927772
32532 0.981428
32533 0.62737
32534 0.943451
32535 0.826831
32536 0.869433
32537 0.94904
32538 0.923139
32539 0.762018
32540 0.840372
32541 0.786933
32542 0.760617
32543 0.734231
32544 0.775808
32545 0.7738
32546 0.716044
32547 0.738558
32548 0.934178
32549 0.727302
32550 0.743296
32551 0.943153
32552 0.812005
32553 0.960718
32554 0.758643
32555 0.838781
32556 0.765813
32557 0.759311
32558 0.831407
32559 0.775781
32560 0.836128
32561 0.584674
32562 0.706587
32563 0.748188
32564 0.633165
32565 0.832791
32566 0.597524
32567 0.823225
32568 0.891407
32569 0.80867
32570 0.73599
32571 0.922254
32572 0.769547
32573 0.780958
32574 0.71106
32575 0.907351
32576 0.775539
32577 0.797835
32578 0.604934
32579 0.721611
32580 0.882303
32581 0.744275
32582 0.780512
32583 0.748141
32584 0.95626
32585 0.983105
32586 0.865283
32587 0.753112
32588 0.876713
32589 0.836228
32590 0.868501
32591 0.796658
32592 0.880348
32593 0.780797
32594 0.800612
32595 0.759201
32596 0.707022
32597 0.843416
32598 0.701074
32599 0.792361
32600 0.74534
32601 0.867024
32602 0.829578
32603 0.639591
32604 0.767274
32605 0.795394
32606 0.758766
32607 0.770083
32608 0.662918
32609 0.582506
32610 0.641396
32611 0.731994
32612 0.623889
32613 0.620723
32614 0.721259
32615 0.712858
32616 0.699878
32617 0.78608
32618 0.719605
32619 0.838964
32620 0.715766
32621 0.810692
32622 0.758321
32623 0.800418
32624 0.896131
32625 0.729649
32626 0.852458
32627 0.778248
32628 0.59792
32629 0.926221
32630 0.76852
32631 0.656603
32632 0.884832
32633 0.842505
32634 0.647401
32635 0.664269
32636 0.851112
32637 0.887912
32638 0.810948
32639 0.851039
32640 0.631858
32641 0.822881
32642 0.728644
32643 0.858161
32644 0.891803
32645 0.696458
32646 0.701226
32647 0.639319
32648 0.816254
32649 0.959996
32650 0.92268
32651 0.649573
32652 0.557021
32653 0.801106
32654 0.864849
32655 0.764609
32656 0.764025
32657 0.718481
32658 0.961014
32659 0.821089
32660 0.897368
32661 0.887766
32662 0.81993
32663 0.695872
32664 0.489032
32665 0.616304
32666 0.712738
32667 0.888327
32668 0.95133
32669 0.850351
32670 0.754819
32671 0.569555
32672 0.816955
32673 0.906492
32674 0.905884
32675 0.752291
32676 0.722059
32677 0.662387
32678 0.467086
32679 0.708729
32680 0.79255
32681 0.865148
32682 0.83954
32683 0.748913
32684 0.640566
32685 0.827527
32686 0.742274
32687 0.585444
32688 0.683598
32689 0.73347
32690 0.860908
32691 0.591988
32692 0.904747
32693 0.829445
32694 0.629254
32695 0.884028
32696 0.807361
32697 0.835603
32698 0.976855
32699 0.636308
32700 0.802326
32701 0.728457
32702 0.718213
32703 0.605601
32704 0.793905
32705 0.717768
32706 0.766089
32707 0.800586
32708 0.727509
32709 0.749188
32710 0.744289
32711 0.587079
32712 0.800983
32713 0.832783
32714 0.835262
32715 0.74112
32716 0.735907
32717 0.750831
32718 0.853423
32719 0.578595
32720 0.734798
32721 0.777304
32722 0.852768
32723 0.848505
32724 0.773673
32725 0.804177
32726 0.784804
32727 0.794241
32728 0.693852
32729 0.82967
32730 0.730346
32731 0.741351
32732 0.613311
32733 0.883276
32734 0.819057
32735 0.88033
32736 0.860414
32737 0.731267
32738 0.720346
32739 0.832035
32740 0.79948
32741 0.733659
32742 0.71657
32743 0.912678
32744 0.870521
32745 0.615423
32746 0.627432
32747 0.763786
32748 0.797126
32749 0.768562
32750 0.979143
32751 0.695387
32752 0.795919
32753 0.724069
32754 0.781105
32755 0.766122
32756 0.74989
32757 0.567118
32758 0.695273
32759 0.716553
32760 0.87237
32761 0.902434
32762 0.764548
32763 0.862595
32764 0.803344
32765 0.803389
32766 0.843622
32767 0.881198
32768 0.666077
32769 0.687657
32770 0.881505
32771 0.758835
32772 0.739488
32773 0.894825
32774 0.883131
32775 0.7441
32776 0.877122
32777 0.807205
32778 0.676297
32779 0.857705
32780 0.800989
32781 0.654498
32782 0.809504
32783 0.649549
32784 0.909809
32785 0.794056
32786 0.719355
32787 0.729205
32788 0.795197
32789 0.6965
32790 0.940564
32791 0.941026
32792 0.681666
32793 0.654274
32794 0.806211
32795 0.764333
32796 0.722297
32797 0.63286
32798 0.478312
32799 0.730842
32800 0.750609
32801 0.670455
32802 0.774974
32803 0.49254
32804 0.607104
32805 0.872897
32806 0.917292
32807 0.846034
32808 0.940295
32809 0.702911
32810 0.939333
32811 0.648594
32812 0.874513
32813 0.889364
32814 0.550164
32815 0.582123
32816 0.676678
32817 0.645941
32818 0.781779
32819 0.637809
32820 0.893203
32821 0.898572
32822 0.954018
32823 0.850691
32824 0.639779
32825 0.766441
32826 0.746675
32827 0.661164
32828 0.788799
32829 0.840943
32830 0.80296
32831 0.713611
32832 0.772045
32833 0.732362
32834 0.754591
32835 0.956705
32836 0.731344
32837 0.887148
32838 0.814768
32839 0.63114
32840 0.776178
32841 0.716363
32842 0.86347
32843 0.852305
32844 0.85909
32845 0.805565
32846 0.763841
32847 0.962856
32848 0.630883
32849 0.757368
32850 0.731867
32851 0.792293
32852 0.771386
32853 0.776304
32854 0.568284
32855 0.896443
32856 0.904511
32857 0.708753
32858 0.678995
32859 0.851088
32860 0.930681
32861 0.906008
32862 0.670575
32863 0.840189
32864 0.788836
32865 0.770664
32866 0.646442
32867 0.739532
32868 0.897336
32869 0.917398
32870 0.844819
32871 0.744084
32872 0.649555
32873 0.743332
32874 0.751071
32875 0.778633
32876 0.948443
32877 0.798472
32878 0.771239
32879 0.753665
32880 0.766514
32881 0.737085
32882 0.857499
32883 0.628751
32884 0.743873
32885 0.71331
32886 0.771252
32887 0.798991
32888 0.725291
32889 0.875185
32890 0.732154
32891 0.811107
32892 0.737493
32893 0.736643
32894 0.79992
32895 0.899118
32896 0.857957
32897 0.765151
32898 0.695452
32899 0.7655
32900 0.670648
32901 0.88847
32902 0.585428
32903 0.892016
32904 0.732667
32905 0.727967
32906 0.679372
32907 0.700393
32908 0.969963
32909 0.863755
32910 0.793133
32911 0.780599
32912 0.757744
32913 0.627253
32914 0.787903
32915 0.673658
32916 0.73829
32917 0.802852
32918 0.700847
32919 0.828259
32920 0.869551
32921 0.777747
32922 0.801088
32923 0.810281
32924 0.700949
32925 0.748287
32926 0.75406
32927 0.721744
32928 0.758437
32929 0.702835
32930 0.762154
32931 0.799725
32932 0.922539
32933 0.764078
32934 0.777141
32935 0.73575
32936 0.748692
32937 0.631513
32938 0.864896
32939 0.674587
32940 0.761734
32941 0.777782
32942 0.747133
32943 0.683851
32944 0.659167
32945 0.650227
32946 0.740654
32947 0.72596
32948 0.960595
32949 0.798252
32950 0.777816
32951 0.819965
32952 0.75689
32953 0.894632
32954 0.898001
32955 0.953622
32956 0.909302
32957 0.777731
32958 0.608781
32959 0.893102
32960 0.675237
32961 0.881129
32962 0.856613
32963 0.863655
32964 0.807827
32965 0.8068
32966 0.822651
32967 0.849339
32968 0.627719
32969 0.637658
32970 0.855423
32971 0.773905
32972 0.682705
32973 0.66778
32974 0.714595
32975 0.852563
32976 0.813116
32977 0.801549
32978 0.74451
32979 0.680118
32980 0.779878
32981 0.822838
32982 0.821494
32983 0.777207
32984 0.720961
32985 0.607614
32986 0.651888
32987 0.802354
32988 0.724993
32989 0.883582
32990 0.61508
32991 0.767518
32992 0.818729
32993 0.785644
32994 0.805066
32995 0.797305
32996 0.777054
32997 0.834996
32998 0.804978
32999 0.693236
33000 0.764591
33001 0.853288
33002 0.763534
33003 0.723585
33004 0.817707
33005 0.732757
33006 0.830407
33007 0.900218
33008 0.729188
33009 0.783849
33010 0.66263
33011 0.574587
33012 0.809802
33013 0.757046
33014 0.709393
33015 0.708686
33016 0.577665
33017 0.677345
33018 0.702606
33019 0.85331
33020 0.871616
33021 0.765283
33022 0.738447
33023 0.761629
33024 0.677594
33025 0.697519
33026 0.693042
33027 0.670122
33028 0.814659
33029 0.88905
33030 0.664894
33031 0.689707
33032 0.743905
33033 0.634246
33034 0.742359
33035 0.740004
33036 0.775552
33037 0.738162
33038 0.850485
33039 0.881282
33040 0.833782
33041 0.774633
33042 0.82262
33043 0.821298
33044 0.810915
33045 0.771504
33046 0.845766
33047 0.781025
33048 0.838302
33049 0.920732
33050 0.850742
33051 0.981539
33052 0.642603
33053 0.815308
33054 0.666986
33055 0.735151
33056 0.802104
33057 0.759949
33058 0.829702
33059 0.638945
33060 0.78289
33061 0.845169
33062 0.808958
33063 0.928832
33064 0.882646
33065 0.897752
33066 0.974364
33067 0.94326
33068 0.779803
33069 0.707886
33070 0.759729
33071 0.817419
33072 0.763668
33073 0.904187
33074 0.809366
33075 0.667071
33076 0.851446
33077 0.846512
33078 0.591165
33079 0.607123
33080 0.767472
33081 0.776141
33082 0.695747
33083 0.858116
33084 0.6206
33085 0.878314
33086 0.55003
33087 0.599286
33088 0.635441
33089 0.762466
33090 0.684585
33091 0.895955
33092 0.877194
33093 0.655141
33094 0.810506
33095 0.720751
33096 0.564482
33097 0.825431
33098 0.691212
33099 0.563504
33100 0.723827
33101 0.526293
33102 0.641275
33103 0.762521
33104 0.631635
33105 0.833677
33106 0.701218
33107 0.730606
33108 0.646406
33109 0.707529
33110 0.653401
33111 0.65636
33112 0.72532
33113 0.682455
33114 0.632339
33115 0.810215
33116 0.611101
33117 0.740575
33118 0.713171
33119 0.622948
33120 0.786121
33121 0.698982
33122 0.591819
33123 0.814655
33124 0.710536
33125 0.683502
33126 0.589631
33127 0.67257
33128 0.638603
33129 0.82737
33130 0.864419
33131 0.936876
33132 0.828027
33133 0.909498
33134 0.673099
33135 0.635658
33136 0.891017
33137 0.877903
33138 0.895875
33139 0.683949
33140 0.528797
33141 0.796419
33142 0.628042
33143 0.64669
33144 0.755774
33145 0.901335
33146 0.760147
33147 0.814921
33148 0.639859
33149 0.814808
33150 0.733219
33151 0.708224
33152 0.774376
33153 0.774516
33154 0.717602
33155 0.7018
33156 0.763635
33157 0.681585
33158 0.829184
33159 0.754776
33160 0.88049
33161 0.82731
33162 0.880554
33163 0.662791
33164 0.815746
33165 0.82362
33166 0.756566
33167 0.738788
33168 0.710679
33169 0.785576
33170 0.836657
33171 0.741512
33172 0.884063
33173 0.913299
33174 0.823821
33175 0.829456
33176 0.847794
33177 0.808114
33178 0.71711
33179 0.736654
33180 0.675583
33181 0.799199
33182 0.801332
33183 0.731643
33184 0.863712
33185 0.810172
33186 0.768982
33187 0.820414
33188 0.757832
33189 0.731911
33190 0.863149
33191 0.5828
33192 0.844338
33193 0.644166
33194 0.695738
33195 0.556247
33196 0.821833
33197 0.884864
33198 0.851311
33199 0.795991
33200 0.848865
33201 0.932671
33202 0.713074
33203 0.797266
33204 0.595633
33205 0.917504
33206 0.812381
33207 0.837097
33208 0.668375
33209 0.699258
33210 0.869577
33211 0.907002
33212 0.539567
33213 0.795459
33214 0.744171
33215 0.570039
33216 0.931424
33217 0.788492
33218 0.800529
33219 0.81526
33220 0.832739
33221 0.661787
33222 0.80358
33223 0.65427
33224 0.922534
33225 0.799825
33226 0.919303
33227 0.849444
33228 0.863962
33229 0.738137
33230 0.856186
33231 0.935964
33232 0.844987
33233 0.883597
33234 0.914655
33235 0.923907
33236 0.89097
33237 0.866585
33238 0.897261
33239 0.827538
33240 0.657988
33241 0.776815
33242 0.739769
33243 0.668559
33244 0.919029
33245 0.632688
33246 0.74582
33247 0.71684
33248 0.773212
33249 0.90636
33250 0.74175
33251 0.72949
33252 0.771665
33253 0.880502
33254 0.864571
33255 0.797094
33256 0.8259
33257 0.782996
33258 0.732568
33259 0.743966
33260 0.720092
33261 0.597675
33262 0.470827
33263 0.775627
33264 0.790504
33265 0.69009
33266 0.884896
33267 0.779482
33268 0.739769
33269 0.873504
33270 0.691389
33271 0.802726
33272 0.761813
33273 0.629117
33274 0.849073
33275 0.784122
33276 0.693762
33277 0.696383
33278 0.837605
33279 0.83114
33280 0.806615
33281 0.788889
33282 0.938402
33283 0.812121
33284 0.782698
33285 0.730597
33286 0.800734
33287 0.979127
33288 0.816393
33289 0.799491
33290 0.467501
33291 0.787004
33292 0.863725
33293 0.944065
33294 0.863166
33295 0.788474
33296 0.8119
33297 0.706804
33298 0.908966
33299 0.884413
33300 0.879826
33301 0.73586
33302 0.72499
33303 0.890674
33304 0.712656
33305 0.686881
33306 0.704315
33307 0.663303
33308 0.63067
33309 0.766935
33310 0.667493
33311 0.704235
33312 0.871686
33313 0.949966
33314 0.816209
33315 0.587986
33316 0.626329
33317 0.805856
33318 0.879764
33319 0.767229
33320 0.898354
33321 0.679928
33322 0.687221
33323 0.735465
33324 0.84323
33325 0.793857
33326 0.853148
33327 0.873017
33328 0.841792
33329 0.646874
33330 0.71372
33331 0.750743
33332 0.939323
33333 0.853985
33334 0.816521
33335 0.865078
33336 0.674262
33337 0.72845
33338 0.727512
33339 0.919067
33340 0.809856
33341 0.624453
33342 0.576316
33343 0.618939
33344 0.82049
33345 0.694571
33346 0.64362
33347 0.759519
33348 0.811177
33349 0.75073
33350 0.869578
33351 0.822525
33352 0.932863
33353 0.702783
33354 0.750931
33355 0.752014
33356 0.905083
33357 0.762873
33358 0.686579
33359 0.831646
33360 0.827191
33361 0.840066
33362 0.83446
33363 0.726388
33364 0.837839
33365 0.663492
33366 0.762216
33367 0.688526
33368 0.721858
33369 0.760453
33370 0.749851
33371 0.876136
33372 0.82461
33373 0.840369
33374 0.861553
33375 0.819644
33376 0.779129
33377 0.59299
33378 0.686318
33379 0.741569
33380 0.640646
33381 0.665571
33382 0.751373
33383 0.778601
33384 0.564682
33385 0.610757
33386 0.685253
33387 0.760701
33388 0.690442
33389 0.804469
33390 0.609096
33391 0.802704
33392 0.855747
33393 0.809135
33394 0.798408
33395 0.873457
33396 0.72051
33397 0.938481
33398 0.847952
33399 0.7055
33400 0.740847
33401 0.679253
33402 0.703992
33403 0.756391
33404 0.77493
33405 0.872394
33406 0.739788
33407 0.601846
33408 0.853541
33409 0.672472
33410 0.844492
33411 0.932032
33412 0.811517
33413 0.915605
33414 0.599258
33415 0.541536
33416 0.791096
33417 0.861257
33418 0.736171
33419 0.627696
33420 0.773292
33421 0.766217
33422 0.738564
33423 0.855644
33424 0.731597
33425 0.851218
33426 0.652914
33427 0.790782
33428 0.938246
33429 0.825998
33430 0.770755
33431 0.93977
33432 0.619217
33433 0.850201
33434 0.85938
33435 0.72335
33436 0.861974
33437 0.664589
33438 0.777622
33439 0.745226
33440 0.890558
33441 0.836027
33442 0.847355
33443 0.895402
33444 0.69011
33445 0.593972
33446 0.756297
33447 0.713741
33448 0.785038
33449 0.846486
33450 0.787075
33451 0.718944
33452 0.830097
33453 0.725253
33454 0.934257
33455 0.527123
33456 0.728385
33457 0.743651
33458 0.862491
33459 0.740397
33460 0.711671
33461 0.831152
33462 0.762119
33463 0.854234
33464 0.723393
33465 0.845458
33466 0.908853
33467 0.814856
33468 0.683542
33469 0.67674
33470 0.801604
33471 0.793127
33472 0.654931
33473 0.848034
33474 0.947179
33475 0.727126
33476 0.76057
33477 0.986503
33478 0.939476
33479 0.705564
33480 0.808107
33481 0.711874
33482 0.735383
33483 0.792485
33484 0.764098
33485 0.567394
33486 0.727895
33487 0.888468
33488 0.771613
33489 0.826433
33490 0.940733
33491 0.842185
33492 0.831972
33493 0.87715
33494 0.79145
33495 0.891165
33496 0.818812
33497 0.624758
33498 0.72843
33499 0.724809
33500 0.786035
33501 0.696925
33502 0.838609
33503 0.847006
33504 0.845077
33505 0.770335
33506 0.879701
33507 0.705219
33508 0.890059
33509 0.866945
33510 0.893793
33511 0.720238
33512 0.686569
33513 0.84586
33514 0.946041
33515 0.866874
33516 0.966838
33517 0.86174
33518 0.912912
33519 0.771298
33520 0.631371
33521 0.85332
33522 0.9441
33523 0.930754
33524 0.962061
33525 0.798435
33526 0.764515
33527 0.773564
33528 0.82831
33529 0.544019
33530 0.757669
33531 0.829699
33532 0.771908
33533 0.67821
33534 0.823137
33535 0.746055
33536 0.76961
33537 0.868225
33538 0.725296
33539 0.861934
33540 0.728797
33541 0.689576
33542 0.780726
33543 0.746261
33544 0.922753
33545 0.930892
33546 0.83948
33547 0.897303
33548 0.773895
33549 0.693107
33550 0.702707
33551 0.813209
33552 0.872097
33553 0.771204
33554 0.847007
33555 0.885858
33556 0.861987
33557 0.885658
33558 0.949098
33559 0.76854
33560 0.956762
33561 0.880699
33562 0.820298
33563 0.832703
33564 0.731643
33565 0.823669
33566 0.872988
33567 0.877176
33568 0.869938
33569 0.912619
33570 0.828719
33571 0.875821
33572 0.88374
33573 0.93036
33574 0.798274
33575 0.838773
33576 0.882607
33577 0.88817
33578 0.604152
33579 0.733747
33580 0.88499
33581 0.856658
33582 0.781058
33583 0.857915
33584 0.952613
33585 0.893647
33586 0.921825
33587 0.946882
33588 0.741448
33589 0.890579
33590 0.805108
33591 0.863582
33592 0.930007
33593 0.907444
33594 0.7502
33595 0.781214
33596 0.794642
33597 0.86964
33598 0.932434
33599 0.884528
33600 0.853985
33601 0.882609
33602 0.893944
33603 0.840942
33604 0.775449
33605 0.910486
33606 0.702848
33607 0.960095
33608 0.936641
33609 0.860127
33610 0.821586
33611 0.775343
33612 0.858493
33613 0.806218
33614 0.514085
33615 0.868452
33616 0.890051
33617 0.757986
33618 0.867172
33619 0.687962
33620 0.870601
33621 0.798609
33622 0.803473
33623 0.839195
33624 0.587821
33625 0.774179
33626 0.823815
33627 0.746887
33628 0.581805
33629 0.80071
33630 0.781441
33631 0.728439
33632 0.867416
33633 0.856213
33634 0.69452
33635 0.647433
33636 0.779733
33637 0.756934
33638 0.895589
33639 0.718364
33640 0.903576
33641 0.839499
33642 0.572896
33643 0.841303
33644 0.87488
33645 0.73495
33646 0.551923
33647 0.96652
33648 0.926921
33649 0.596431
33650 0.897215
33651 0.875799
33652 0.906756
33653 0.877011
33654 0.921903
33655 0.809636
33656 0.849442
33657 0.919979
33658 0.852061
33659 0.838847
33660 0.732118
33661 0.913969
33662 0.672303
33663 0.797974
33664 0.846177
33665 0.729976
33666 0.76475
33667 0.79201
33668 0.89104
33669 0.926477
33670 0.733965
33671 0.882618
33672 0.843051
33673 0.899528
33674 0.897336
33675 0.662141
33676 0.898194
33677 0.940731
33678 0.884489
33679 0.838912
33680 0.865055
33681 0.801166
33682 0.648423
33683 0.661308
33684 0.63805
33685 0.747937
33686 0.880371
33687 0.797194
33688 0.95856
33689 0.813414
33690 0.853444
33691 0.893522
33692 0.701721
33693 0.650186
33694 0.636299
33695 0.644434
33696 0.834024
33697 0.841736
33698 0.788113
33699 0.810111
33700 0.8185
33701 0.919514
33702 0.742033
33703 0.851968
33704 0.79906
33705 0.815117
33706 0.810758
33707 0.792359
33708 0.879374
33709 0.90134
33710 0.89587
33711 0.691064
33712 0.694789
33713 0.853335
33714 0.800412
33715 0.856704
33716 0.782561
33717 0.833003
33718 0.837795
33719 0.760774
33720 0.90997
33721 0.865309
33722 0.876532
33723 0.676021
33724 0.848324
33725 0.809909
33726 0.709673
33727 0.830307
33728 0.940318
33729 0.799653
33730 0.858114
33731 0.660622
33732 0.934068
33733 0.832477
33734 0.736271
33735 0.839754
33736 0.752884
33737 0.914662
33738 0.86838
33739 0.825057
33740 0.851599
33741 0.733832
33742 0.643281
33743 0.859287
33744 0.850399
33745 0.849305
33746 0.76492
33747 0.827428
33748 0.881273
33749 0.815161
33750 0.716769
33751 0.735205
33752 0.852563
33753 0.648255
33754 0.770088
33755 0.666249
33756 0.705371
33757 0.625212
33758 0.65452
33759 0.625771
33760 0.8436
33761 0.687278
33762 0.889435
33763 0.670284
33764 0.869446
33765 0.991453
33766 0.806734
33767 0.786128
33768 0.786797
33769 0.808287
33770 0.848136
33771 0.710178
33772 0.677937
33773 0.80755
33774 0.866898
33775 0.813712
33776 0.820711
33777 0.944793
33778 0.795337
33779 0.77494
33780 0.778111
33781 0.754014
33782 0.744149
33783 0.736302
33784 0.960606
33785 0.870221
33786 0.832623
33787 0.735237
33788 0.804412
33789 0.729711
33790 0.699464
33791 0.771737
33792 0.955839
33793 0.934819
33794 0.747441
33795 0.779317
33796 0.756171
33797 0.770034
33798 0.918126
33799 0.862129
33800 0.9234
33801 0.758818
33802 0.790663
33803 0.792168
33804 0.775827
33805 0.886166
33806 0.818217
33807 0.739761
33808 0.729418
33809 0.737732
33810 0.802146
33811 0.819494
33812 0.839797
33813 0.805883
33814 0.741191
33815 0.775139
33816 0.89084
33817 0.850633
33818 0.885446
33819 0.767572
33820 0.849759
33821 0.795247
33822 0.662558
33823 0.873407
33824 0.742058
33825 0.87345
33826 0.86185
33827 0.918415
33828 0.80207
33829 0.840085
33830 0.907665
33831 0.717129
33832 0.782908
33833 0.844734
33834 0.82914
33835 0.516721
33836 0.802194
33837 0.706268
33838 0.813453
33839 0.70333
33840 0.755148
33841 0.735206
33842 0.72703
33843 0.715964
33844 0.826422
33845 0.740995
33846 0.904783
33847 0.662764
33848 0.778998
33849 0.889035
33850 0.737206
33851 0.903967
33852 0.711464
33853 0.820912
33854 0.965409
33855 0.906964
33856 0.803876
33857 0.791804
33858 0.790541
33859 0.887326
33860 0.909219
33861 0.809846
33862 0.760564
33863 0.886915
33864 0.66828
33865 0.710582
33866 0.623447
33867 0.709682
33868 0.627024
33869 0.698165
33870 0.674836
33871 0.711008
33872 0.52089
33873 0.770552
33874 0.615568
33875 0.747648
33876 0.739714
33877 0.695073
33878 0.690224
33879 0.761585
33880 0.743619
33881 0.67171
33882 0.525161
33883 0.627596
33884 0.761801
33885 0.746277
33886 0.836689
33887 0.863691
33888 0.894435
33889 0.822699
33890 0.753351
33891 0.847131
33892 0.852606
33893 0.376065
33894 0.843856
33895 0.843689
33896 0.846175
33897 0.607383
33898 0.865931
33899 0.632452
33900 0.672658
33901 0.595142
33902 0.670217
33903 0.793647
33904 0.772616
33905 0.916466
33906 0.837684
33907 0.82667
33908 0.820173
33909 0.904492
33910 0.826386
33911 0.84823
33912 0.894398
33913 0.756483
33914 0.816173
33915 0.851732
33916 0.845521
33917 0.873279
33918 0.893229
33919 0.686747
33920 0.407494
33921 0.732771
33922 0.607135
33923 0.810713
33924 0.790382
33925 0.770034
33926 0.723834
33927 0.780571
33928 0.788356
33929 0.759714
33930 0.583007
33931 0.719995
33932 0.871951
33933 0.818343
33934 0.848189
33935 0.793137
33936 0.74524
33937 0.759298
33938 0.897045
33939 0.889324
33940 0.89541
33941 0.885081
33942 0.687771
33943 0.935967
33944 0.913808
33945 0.896795
33946 0.723675
33947 0.797609
33948 0.865226
33949 0.886686
33950 0.795518
33951 0.867491
33952 0.765683
33953 0.883684
33954 0.899342
33955 0.79065
33956 0.835052
33957 0.843147
33958 0.912844
33959 0.778907
33960 0.725408
33961 0.707022
33962 0.940457
33963 0.855138
33964 0.835466
33965 0.809056
33966 0.699311
33967 0.882556
33968 0.744479
33969 0.670591
33970 0.727003
33971 0.884057
33972 0.588009
33973 0.815929
33974 0.654547
33975 0.897711
33976 0.712301
33977 0.640819
33978 0.858144
33979 0.568455
33980 0.663892
33981 0.732388
33982 0.598547
33983 0.772107
33984 0.792228
33985 0.797536
33986 0.969543
33987 0.848491
33988 0.692404
33989 0.726296
33990 0.716039
33991 0.733093
33992 0.788243
33993 0.724201
33994 0.749527
33995 0.842311
33996 0.664091
33997 0.754341
33998 0.68949
33999 0.733697
34000 0.750435
34001 0.855269
34002 0.823118
34003 0.900639
34004 0.90424
34005 0.836065
34006 0.766002
34007 0.667824
34008 0.911683
34009 0.68733
34010 0.808903
34011 0.829909
34012 0.824677
34013 0.841934
34014 0.851229
34015 0.793533
34016 0.642991
34017 0.7191
34018 0.848734
34019 0.848006
34020 0.686387
34021 0.742446
34022 0.814338
34023 0.758976
34024 0.817306
34025 0.804119
34026 0.823686
34027 0.565378
34028 0.858997
34029 0.58885
34030 0.92025
34031 0.755721
34032 0.818438
34033 0.842353
34034 0.889929
34035 0.972465
34036 0.550268
34037 0.815496
34038 0.778409
34039 0.740227
34040 0.779192
34041 0.884439
34042 0.748518
34043 0.763754
34044 0.71334
34045 0.743145
34046 0.803065
34047 0.819615
34048 0.483654
34049 0.609032
34050 0.814239
34051 0.809098
34052 0.746025
34053 0.719329
34054 0.748992
34055 0.72322
34056 0.836822
34057 0.816402
34058 0.807185
34059 0.538004
34060 0.668518
34061 0.92756
34062 0.741542
34063 0.727404
34064 0.745991
34065 0.688725
34066 0.669866
34067 0.802113
34068 0.868865
34069 0.654957
34070 0.591339
34071 0.844914
34072 0.735385
34073 0.758317
34074 0.910284
34075 0.781528
34076 0.718444
34077 0.723983
34078 0.87878
34079 0.714688
34080 0.863344
34081 0.701341
34082 0.963317
34083 0.824532
34084 0.872295
34085 0.721065
34086 0.631616
34087 0.726618
34088 0.869847
34089 0.626556
34090 0.760258
34091 0.641929
34092 0.773377
34093 0.822839
34094 0.712882
34095 0.734341
34096 0.703113
34097 0.855724
34098 0.793436
34099 0.77863
34100 0.76168
34101 0.767003
34102 0.797441
34103 0.728645
34104 0.731719
34105 0.770026
34106 0.701189
34107 0.663691
34108 0.886781
34109 0.687073
34110 0.735805
34111 0.746893
34112 0.775404
34113 0.692225
34114 0.771566
34115 0.897444
34116 0.742272
34117 0.918683
34118 0.882357
34119 0.96273
34120 0.757407
34121 0.815406
34122 0.667488
34123 0.790314
34124 0.802949
34125 0.648757
34126 0.764657
34127 0.74153
34128 0.824142
34129 0.851868
34130 0.73306
34131 0.854608
34132 0.859716
34133 0.647017
34134 0.615581
34135 0.82517
34136 0.657797
34137 0.713283
34138 0.848666
34139 0.667447
34140 0.593872
34141 0.705328
34142 0.751712
34143 0.903873
34144 0.718988
34145 0.749377
34146 0.810278
34147 0.586742
34148 0.647419
34149 0.80978
34150 0.802691
34151 0.966362
34152 0.625388
34153 0.670764
34154 0.62663
34155 0.610669
34156 0.892352
34157 0.611514
34158 0.806934
34159 0.82479
34160 0.907826
34161 0.795398
34162 0.780994
34163 0.79928
34164 0.897238
34165 0.842505
34166 0.87072
34167 0.859611
34168 0.892787
34169 0.771177
34170 0.855743
34171 0.744992
34172 0.89206
34173 0.779268
34174 0.857753
34175 0.969086
34176 0.729048
34177 0.833302
34178 0.935477
34179 0.827631
34180 0.8504
34181 0.785574
34182 0.687897
34183 0.688339
34184 0.789468
34185 0.622417
34186 0.863446
34187 0.848767
34188 0.687664
34189 0.723822
34190 0.855312
34191 0.760706
34192 0.799567
34193 0.902843
34194 0.89664
34195 0.854817
34196 0.845649
34197 0.831636
34198 0.865459
34199 0.670323
34200 0.72032
34201 0.935099
34202 0.839267
34203 0.748843
34204 0.798693
34205 0.930881
34206 0.770396
34207 0.892127
34208 0.703657
34209 0.741974
34210 0.780893
34211 0.797249
34212 0.957887
34213 0.571975
34214 0.853975
34215 0.679704
34216 0.672
34217 0.830558
34218 0.841677
34219 0.693773
34220 0.933551
34221 0.626965
34222 0.922601
34223 0.856296
34224 0.851948
34225 0.73884
34226 0.970827
34227 0.747074
34228 0.958413
34229 0.875453
34230 0.688248
34231 0.803068
34232 0.919461
34233 0.792812
34234 0.872008
34235 0.946054
34236 0.893458
34237 0.743599
34238 0.700142
34239 0.578745
34240 0.765295
34241 0.879583
34242 0.804698
34243 0.630588
34244 0.772579
34245 0.545359
34246 0.909102
34247 0.837619
34248 0.715199
34249 0.631092
34250 0.672639
34251 0.817522
34252 0.919609
34253 0.803559
34254 0.907932
34255 0.77555
34256 0.917327
34257 0.944206
34258 0.882146
34259 0.901472
34260 0.769371
34261 0.625356
34262 0.574665
34263 0.634722
34264 0.705198
34265 0.669753
34266 0.60475
34267 0.889187
34268 0.692317
34269 0.798672
34270 0.808687
34271 0.740802
34272 0.778671
34273 0.634719
34274 0.85536
34275 0.795312
34276 0.769726
34277 0.713689
34278 0.576879
34279 0.685672
34280 0.873219
34281 0.82115
34282 0.70864
34283 0.776652
34284 0.817707
34285 0.809716
34286 0.816719
34287 0.765076
34288 0.889581
34289 0.861301
34290 0.883252
34291 0.611693
34292 0.780773
34293 0.74425
34294 0.906238
34295 0.728378
34296 0.654567
34297 0.822064
34298 0.576607
34299 0.547774
34300 0.623966
34301 0.833259
34302 0.714393
34303 0.806532
34304 0.658748
34305 0.712105
34306 0.412138
34307 0.67201
34308 0.659419
34309 0.709038
34310 0.728233
34311 0.667211
34312 0.596417
34313 0.779228
34314 0.650915
34315 0.543422
34316 0.591457
34317 0.54696
34318 0.731041
34319 0.664907
34320 0.671955
34321 0.784332
34322 0.68188
34323 0.797117
34324 0.678805
34325 0.669202
34326 0.725335
34327 0.845303
34328 0.762134
34329 0.727275
34330 0.816558
34331 0.880514
34332 0.758147
34333 0.724152
34334 0.809437
34335 0.86382
34336 0.891951
34337 0.919974
34338 0.857837
34339 0.904874
34340 0.91728
34341 0.888659
34342 0.805459
34343 0.886866
34344 0.771082
34345 0.74391
34346 0.798017
34347 0.727796
34348 0.652699
34349 0.890908
34350 0.655659
34351 0.777544
34352 0.673639
34353 0.747366
34354 0.822347
34355 0.901049
34356 0.798562
34357 0.724252
34358 0.815452
34359 0.781895
34360 0.897136
34361 0.798958
34362 0.748616
34363 0.778463
34364 0.702562
34365 0.787392
34366 0.718591
34367 0.800615
34368 0.861002
34369 0.961109
34370 0.897467
34371 0.883766
34372 0.619727
34373 0.916262
34374 0.747885
34375 0.604143
34376 0.777757
34377 0.741041
34378 0.944306
34379 0.955359
34380 0.731901
34381 0.769668
34382 0.738633
34383 0.492569
34384 0.79258
34385 0.761673
34386 0.582729
34387 0.747144
34388 0.772621
34389 0.568443
34390 0.658316
34391 0.773751
34392 0.52696
34393 0.665338
34394 0.694348
34395 0.879881
34396 0.760284
34397 0.658993
34398 0.664702
34399 0.871345
34400 0.646818
34401 0.906699
34402 0.792862
34403 0.840946
34404 0.914192
34405 0.750464
34406 0.971232
34407 0.729676
34408 0.802314
34409 0.858857
34410 0.81948
34411 0.473059
34412 0.784585
34413 0.590796
34414 0.763055
34415 0.885364
34416 0.805772
34417 0.638148
34418 0.621764
34419 0.72342
34420 0.734995
34421 0.871101
34422 0.708896
34423 0.669345
34424 0.826367
34425 0.758458
34426 0.787799
34427 0.822239
34428 0.725056
34429 0.68805
34430 0.755941
34431 0.8736
34432 0.817454
34433 0.678851
34434 0.76103
34435 0.721353
34436 0.755544
34437 0.879256
34438 0.811931
34439 0.833647
34440 0.828761
34441 0.531639
34442 0.710375
34443 0.597676
34444 0.790252
34445 0.832597
34446 0.688762
34447 0.791951
34448 0.759867
34449 0.766605
34450 0.809378
34451 0.785607
34452 0.797746
34453 0.764454
34454 0.786624
34455 0.723241
34456 0.760567
34457 0.658685
34458 0.67343
34459 0.827446
34460 0.840076
34461 0.729728
34462 0.810671
34463 0.645474
34464 0.733978
34465 0.821817
34466 0.875084
34467 0.903811
34468 0.924767
34469 0.843846
34470 0.709215
34471 0.929588
34472 0.89732
34473 0.875419
34474 0.826863
34475 0.811073
34476 0.959442
34477 0.770536
34478 0.764772
34479 0.810699
34480 0.664097
34481 0.800235
34482 0.729605
34483 0.630559
34484 0.600407
34485 0.759338
34486 0.639165
34487 0.68168
34488 0.824097
34489 0.774064
34490 0.702542
34491 0.788595
34492 0.722483
34493 0.895945
34494 0.675368
34495 0.823628
34496 0.692101
34497 0.852043
34498 0.69319
34499 0.734279
34500 0.735972
34501 0.556197
34502 0.740332
34503 0.761585
34504 0.645944
34505 0.753178
34506 0.766335
34507 0.662773
34508 0.627253
34509 0.779384
34510 0.651344
34511 0.891418
34512 0.91136
34513 0.807127
34514 0.918551
34515 0.816522
34516 0.616494
34517 0.95269
34518 0.772608
34519 0.698891
34520 0.733094
34521 0.813953
34522 0.71306
34523 0.805468
34524 0.719376
34525 0.73302
34526 0.749072
34527 0.88113
34528 0.572203
34529 0.892528
34530 0.696557
34531 0.702119
34532 0.701392
34533 0.710281
34534 0.6601
34535 0.908524
34536 0.8211
34537 0.644202
34538 0.769109
34539 0.797017
34540 0.633526
34541 0.781437
34542 0.736823
34543 0.707855
34544 0.777344
34545 0.863572
34546 0.985165
34547 0.923481
34548 0.657034
34549 0.727857
34550 0.76239
34551 0.688018
34552 0.751619
34553 0.735898
34554 0.733188
34555 0.852254
34556 0.881473
34557 0.913722
34558 0.860863
34559 0.90627
34560 0.867786
34561 0.84591
34562 0.78789
34563 0.686795
34564 0.727774
34565 0.819474
34566 0.775506
34567 0.652984
34568 0.70966
34569 0.771152
34570 0.838374
34571 0.808688
34572 0.880383
34573 0.81638
34574 0.793037
34575 0.87324
34576 0.769515
34577 0.671134
34578 0.769971
34579 0.65246
34580 0.79277
34581 0.693272
34582 0.796147
34583 0.685227
34584 0.774578
34585 0.803193
34586 0.812962
34587 0.97539
34588 0.793706
34589 0.73574
34590 0.976832
34591 0.836798
34592 0.654874
34593 0.720564
34594 0.74983
34595 0.750692
34596 0.792121
34597 0.787252
34598 0.810773
34599 0.825856
34600 0.867325
34601 0.599463
34602 0.842747
34603 0.915011
34604 0.775465
34605 0.870523
34606 0.73961
34607 0.781715
34608 0.779721
34609 0.800285
34610 0.826372
34611 0.771576
34612 0.795743
34613 0.765653
34614 0.76229
34615 0.815536
34616 0.838852
34617 0.699665
34618 0.673015
34619 0.831447
34620 0.670842
34621 0.677829
34622 0.707425
34623 0.722916
34624 0.786399
34625 0.77838
34626 0.74006
34627 0.820744
34628 0.8253
34629 0.8602
34630 0.932434
34631 0.81205
34632 0.88983
34633 0.8404
34634 0.799031
34635 0.810841
34636 0.836635
34637 0.883932
34638 0.865348
34639 0.930471
34640 0.678284
34641 0.717747
34642 0.624802
34643 0.853119
34644 0.870738
34645 0.720712
34646 0.882791
34647 0.642467
34648 0.642648
34649 0.840056
34650 0.71312
34651 0.684837
34652 0.8168
34653 0.777322
34654 0.79585
34655 0.736158
34656 0.615527
34657 0.761249
34658 0.647691
34659 0.854733
34660 0.805024
34661 0.807163
34662 0.552438
34663 0.864102
34664 0.875972
34665 0.820616
34666 0.818412
34667 0.617234
34668 0.786685
34669 0.853875
34670 0.725085
34671 0.95911
34672 0.805969
34673 0.599891
34674 0.7526
34675 0.789333
34676 0.556903
34677 0.818194
34678 0.824735
34679 0.888222
34680 0.904052
34681 0.695776
34682 0.804996
34683 0.887031
34684 0.766844
34685 0.597767
34686 0.66994
34687 0.687942
34688 0.665528
34689 0.848706
34690 0.723427
34691 0.854895
34692 0.857672
34693 0.983918
34694 0.765321
34695 0.658419
34696 0.795992
34697 0.694485
34698 0.848165
34699 0.788543
34700 0.790226
34701 0.846187
34702 0.733107
34703 0.734564
34704 0.711173
34705 0.912453
34706 0.637634
34707 0.594661
34708 0.694769
34709 0.729428
34710 0.786935
34711 0.780717
34712 0.788123
34713 0.694631
34714 0.91523
34715 0.887152
34716 0.869382
34717 0.677001
34718 0.525085
34719 0.712503
34720 0.675182
34721 0.823773
34722 0.782993
34723 0.692925
34724 0.834601
34725 0.674673
34726 0.784794
34727 0.74811
34728 0.714115
34729 0.896217
34730 0.780798
34731 0.944224
34732 0.902691
34733 0.807762
34734 0.81109
34735 0.784978
34736 0.8229
34737 0.809568
34738 0.809131
34739 0.899046
34740 0.711969
34741 0.758064
34742 0.820086
34743 0.675114
34744 0.709489
34745 0.716634
34746 0.660692
34747 0.805108
34748 0.81793
34749 0.654339
34750 0.688255
34751 0.945617
34752 0.865261
34753 0.777507
34754 0.914886
34755 0.840617
34756 0.826918
34757 0.806367
34758 0.834984
34759 0.755496
34760 0.92292
34761 0.646255
34762 0.800973
34763 0.666875
34764 0.872418
34765 0.848057
34766 0.599017
34767 0.733939
34768 0.667087
34769 0.705871
34770 0.750625
34771 0.946563
34772 0.73634
34773 0.853225
34774 0.70362
34775 0.814662
34776 0.758071
34777 0.74768
34778 0.682692
34779 0.852678
34780 0.722504
34781 0.675789
34782 0.821909
34783 0.82148
34784 0.811979
34785 0.880532
34786 0.789786
34787 0.84099
34788 0.86146
34789 0.868818
34790 0.719071
34791 0.860169
34792 0.697335
34793 0.732966
34794 0.882275
34795 0.678757
34796 0.840532
34797 0.728129
34798 0.765887
34799 0.810114
34800 0.837779
34801 0.925556
34802 0.664638
34803 0.625405
34804 0.579635
34805 0.629247
34806 0.846613
34807 0.670388
34808 0.878865
34809 0.835328
34810 0.934073
34811 0.873363
34812 0.83635
34813 0.859648
34814 0.672402
34815 0.678998
34816 0.674325
34817 0.799977
34818 0.708348
34819 0.787621
34820 0.626825
34821 0.709803
34822 0.832609
34823 0.882723
34824 0.859319
34825 0.700723
34826 0.777093
34827 0.874814
34828 0.919134
34829 0.876133
34830 0.845976
34831 0.731352
34832 0.805259
34833 0.8587
34834 0.858557
34835 0.735205
34836 0.814271
34837 0.8962
34838 0.895088
34839 0.768029
34840 0.726957
34841 0.9187
34842 0.83963
34843 0.778148
34844 0.969851
34845 0.860531
34846 0.81469
34847 0.887312
34848 0.869367
34849 0.877955
34850 0.775009
34851 0.893606
34852 0.743962
34853 0.869396
34854 0.879512
34855 0.770929
34856 0.669517
34857 0.872535
34858 0.900243
34859 0.834862
34860 0.979139
34861 0.939242
34862 0.729991
34863 0.873491
34864 0.838762
34865 0.935472
34866 0.853472
34867 0.816867
34868 0.759104
34869 0.880856
34870 0.796845
34871 0.818808
34872 0.774085
34873 0.693251
34874 0.729347
34875 0.571125
34876 0.872624
34877 0.890716
34878 0.872977
34879 0.748428
34880 0.780838
34881 0.794096
34882 0.669647
34883 0.749363
34884 0.799282
34885 0.731917
34886 0.669488
34887 0.678733
34888 0.684843
34889 0.744658
34890 0.733097
34891 0.587026
34892 0.780982
34893 0.7112
34894 0.747131
34895 0.884552
34896 0.90703
34897 0.961019
34898 0.63457
34899 0.746116
34900 0.665955
34901 0.776131
34902 0.622915
34903 0.712732
34904 0.775624
34905 0.819132
34906 0.881841
34907 0.691523
34908 0.557932
34909 0.450586
34910 0.914372
34911 0.751245
34912 0.840414
34913 0.815591
34914 0.844392
34915 0.84243
34916 0.73857
34917 0.817859
34918 0.813429
34919 0.813157
34920 0.679705
34921 0.787223
34922 0.763908
34923 0.542838
34924 0.80893
34925 0.690132
34926 0.905215
34927 0.796491
34928 0.710526
34929 0.827804
34930 0.602185
34931 0.819225
34932 0.849086
34933 0.765334
34934 0.834882
34935 0.65322
34936 0.786291
34937 0.68944
34938 0.867464
34939 0.664567
34940 0.703854
34941 0.74694
34942 0.927059
34943 0.837381
34944 0.842291
34945 0.738402
34946 0.562573
34947 0.860306
34948 0.77258
34949 0.994864
34950 0.942911
34951 0.806178
34952 0.855154
34953 0.779711
34954 0.723369
34955 0.958946
34956 0.874086
34957 0.918053
34958 0.776625
34959 0.640543
34960 0.886327
34961 0.636118
34962 0.683624
34963 0.775267
34964 0.748189
34965 0.698012
34966 0.688373
34967 0.565593
34968 0.606132
34969 0.661898
34970 0.705654
34971 0.879671
34972 0.719851
34973 0.724832
34974 0.953945
34975 0.90564
34976 0.830023
34977 0.847456
34978 0.720977
34979 0.534934
34980 0.797231
34981 0.908428
34982 0.611026
34983 0.67458
34984 0.867945
34985 0.627602
34986 0.538123
34987 0.68223
34988 0.648987
34989 0.706992
34990 0.576435
34991 0.823279
34992 0.900754
34993 0.801322
34994 0.768282
34995 0.702553
34996 0.875545
34997 0.818155
34998 0.829295
34999 0.803025
35000 0.769045
35001 0.623674
35002 0.704032
35003 0.837815
35004 0.720568
35005 0.896729
35006 0.675266
35007 0.865114
35008 0.854735
35009 0.879479
35010 0.77152
35011 0.843376
35012 0.866267
35013 0.747738
35014 0.716985
35015 0.874389
35016 0.714694
35017 0.679379
35018 0.658775
35019 0.766172
35020 0.733525
35021 0.77667
35022 0.734708
35023 0.872425
35024 0.806374
35025 0.738811
35026 0.846192
35027 0.876945
35028 0.711208
35029 0.947468
35030 0.788692
35031 0.908689
35032 0.878724
35033 0.682217
35034 0.845936
35035 0.772008
35036 0.984972
35037 0.810145
35038 0.861941
35039 0.600377
35040 0.94951
35041 0.743553
35042 0.57305
35043 0.832756
35044 0.783545
35045 0.820418
35046 0.724962
35047 0.822291
35048 0.892249
35049 0.862704
35050 0.708391
35051 0.728726
35052 0.75753
35053 0.817619
35054 0.806676
35055 0.81404
35056 0.756305
35057 0.807952
35058 0.80818
35059 0.83406
35060 0.69527
35061 0.781906
35062 0.652946
35063 0.961476
35064 0.880627
35065 0.728678
35066 0.755964
35067 0.867406
35068 0.686599
35069 0.778674
35070 0.881831
35071 0.801997
35072 0.994047
35073 0.85785
35074 0.672293
35075 0.85483
35076 0.774703
35077 0.933679
35078 0.919494
35079 0.861894
35080 0.579629
35081 0.769365
35082 0.715908
35083 0.766751
35084 0.718551
35085 0.779468
35086 0.698536
35087 0.764009
35088 0.708663
35089 0.802402
35090 0.815861
35091 0.809866
35092 0.813992
35093 0.853554
35094 0.762197
35095 0.90549
35096 0.834917
35097 0.906166
35098 0.867067
35099 0.722008
35100 0.796291
35101 0.917799
35102 0.744284
35103 0.804465
35104 0.894216
35105 0.907299
35106 0.560304
35107 0.945678
35108 0.901734
35109 0.88276
35110 0.488855
35111 0.933988
35112 0.723015
35113 0.865506
35114 0.532465
35115 0.843879
35116 0.783482
35117 0.767713
35118 0.71941
35119 0.671969
35120 0.787238
35121 0.7321
35122 0.65304
35123 0.686865
35124 0.870794
35125 0.802277
35126 0.853269
35127 0.761333
35128 0.688496
35129 0.702359
35130 0.67268
35131 0.809116
35132 0.882696
35133 0.908752
35134 0.630221
35135 0.802267
35136 0.792206
35137 0.842574
35138 0.64947
35139 0.750528
35140 0.800951
35141 0.818639
35142 0.806285
35143 0.898944
35144 0.864133
35145 0.643651
35146 0.860037
35147 0.773236
35148 0.573868
35149 0.74695
35150 0.971327
35151 0.802584
35152 0.770981
35153 0.970379
35154 0.562833
35155 0.85698
35156 0.738498
35157 0.780493
35158 0.773462
35159 0.708127
35160 0.699282
35161 0.74463
35162 0.780647
35163 0.57709
35164 0.949148
35165 0.875795
35166 0.724801
35167 0.92814
35168 0.540679
35169 0.87199
35170 0.726806
35171 0.91838
35172 0.653786
35173 0.767346
35174 0.771442
35175 0.67514
35176 0.765405
35177 0.869086
35178 0.692762
35179 0.793533
35180 0.820592
35181 0.745256
35182 0.681378
35183 0.72199
35184 0.847156
35185 0.723176
35186 0.864791
35187 0.752961
35188 0.834863
35189 0.844062
35190 0.65135
35191 0.94927
35192 0.883081
35193 0.730503
35194 0.678521
35195 0.773548
35196 0.914526
35197 0.952768
35198 0.82603
35199 0.675295
35200 0.694467
35201 0.597309
35202 0.804618
35203 0.689492
35204 0.871209
35205 0.857006
35206 0.805749
35207 0.756882
35208 0.860571
35209 0.745907
35210 0.874417
35211 0.829102
35212 0.866565
35213 0.812827
35214 0.774269
35215 0.695808
35216 0.939225
35217 0.861791
35218 0.684453
35219 0.702464
35220 0.937668
35221 0.697249
35222 0.799268
35223 0.88917
35224 0.839495
35225 0.914136
35226 0.703127
35227 0.851704
35228 0.918978
35229 0.642617
35230 0.51666
35231 0.718595
35232 0.84806
35233 0.697379
35234 0.86203
35235 0.873508
35236 0.860557
35237 0.741783
35238 0.833131
35239 0.835878
35240 0.888399
35241 0.80387
35242 0.851029
35243 0.872785
35244 0.976396
35245 0.956851
35246 0.828243
35247 0.802649
35248 0.702959
35249 0.901163
35250 0.786429
35251 0.781539
35252 0.932859
35253 0.662931
35254 0.69758
35255 0.882284
35256 0.606119
35257 0.939868
35258 0.775618
35259 0.8406
35260 0.759167
35261 0.824458
35262 0.816157
35263 0.916575
35264 0.821752
35265 0.764234
35266 0.770245
35267 0.902979
35268 0.802881
35269 0.757017
35270 0.837088
35271 0.850171
35272 0.673395
35273 0.765287
35274 0.834183
35275 0.780861
35276 0.771218
35277 0.717023
35278 0.85279
35279 0.772011
35280 0.822347
35281 0.83609
35282 0.66777
35283 0.856369
35284 0.646916
35285 0.645938
35286 0.889251
35287 0.771174
35288 0.806396
35289 0.633448
35290 0.798671
35291 0.734565
35292 0.844123
35293 0.752881
35294 0.83564
35295 0.759753
35296 0.718016
35297 0.797009
35298 0.574569
35299 0.786778
35300 0.825927
35301 0.749331
35302 0.710132
35303 0.800883
35304 0.816645
35305 0.760477
35306 0.810847
35307 0.719419
35308 0.689506
35309 0.762011
35310 0.71284
35311 0.761247
35312 0.668136
35313 0.754118
35314 0.776949
35315 0.825243
35316 0.846887
35317 0.915397
35318 0.913259
35319 0.756542
35320 0.767877
35321 0.868391
35322 0.92849
35323 0.759948
35324 0.807045
35325 0.744323
35326 0.833772
35327 0.8794
35328 0.77877
35329 0.729917
35330 0.973568
35331 0.762899
35332 0.908952
35333 0.756055
35334 0.774253
35335 0.864223
35336 0.753753
35337 0.824627
35338 0.653999
35339 0.778967
35340 0.789244
35341 0.78648
35342 0.802137
35343 0.802122
35344 0.802969
35345 0.546466
35346 0.66519
35347 0.855539
35348 0.915689
35349 0.758884
35350 0.60178
35351 0.823229
35352 0.687941
35353 0.856647
35354 0.770486
35355 0.628929
35356 0.679451
35357 0.720995
35358 0.734258
35359 0.813723
35360 0.818528
35361 0.839194
35362 0.795692
35363 0.683528
35364 0.719357
35365 0.461681
35366 0.628181
35367 0.823557
35368 0.727651
35369 0.680887
35370 0.652216
35371 0.749248
35372 0.830872
35373 0.882614
35374 0.832077
35375 0.73553
35376 0.878563
35377 0.657739
35378 0.869841
35379 0.911616
35380 0.83915
35381 0.705007
35382 0.839198
35383 0.751709
35384 0.885436
35385 0.852164
35386 0.852634
35387 0.642198
35388 0.846696
35389 0.823383
35390 0.742799
35391 0.79053
35392 0.763499
35393 0.913101
35394 0.898536
35395 0.709294
35396 0.739887
35397 0.836016
35398 0.844
35399 0.854455
35400 0.651809
35401 0.668807
35402 0.698327
35403 0.918215
35404 0.709187
35405 0.9374
35406 0.724158
35407 0.744432
35408 0.82652
35409 0.830613
35410 0.882632
35411 0.692626
35412 0.945384
35413 0.845805
35414 0.615548
35415 0.683255
35416 0.694616
35417 0.911321
35418 0.926866
35419 0.716839
35420 0.816803
35421 0.686731
35422 0.792973
35423 0.849717
35424 0.833372
35425 0.943284
35426 0.772717
35427 0.750006
35428 0.789515
35429 0.565847
35430 0.90816
35431 0.655278
35432 0.587829
35433 0.730691
35434 0.74923
35435 0.711812
35436 0.807829
35437 0.74829
35438 0.823718
35439 0.713049
35440 0.839253
35441 0.773437
35442 0.760275
35443 0.835941
35444 0.867301
35445 0.722886
35446 0.709589
35447 0.818572
35448 0.772918
35449 0.739747
35450 0.802243
35451 0.781415
35452 0.718409
35453 0.686395
35454 0.803582
35455 0.772675
35456 0.696128
35457 0.773071
35458 0.715021
35459 0.860849
35460 0.620373
35461 0.877289
35462 0.869098
35463 0.830457
35464 0.823315
35465 0.845617
35466 0.822883
35467 0.929608
35468 0.698398
35469 0.744821
35470 0.795088
35471 0.981039
35472 0.596691
35473 0.912339
35474 0.748941
35475 0.826291
35476 0.853063
35477 0.815818
35478 0.74268
35479 0.777986
35480 0.777621
35481 0.736459
35482 0.88368
35483 0.9313
35484 0.833432
35485 0.755588
35486 0.857172
35487 0.748529
35488 0.851283
35489 0.824808
35490 0.679998
35491 0.804003
35492 0.789139
35493 0.6919
35494 0.689851
35495 0.669114
35496 0.871248
35497 0.901376
35498 0.753653
35499 0.740943
35500 0.708186
35501 0.939358
35502 0.929054
35503 0.837016
35504 0.67504
35505 0.928607
35506 0.842836
35507 0.881439
35508 0.690421
35509 0.783714
35510 0.72235
35511 0.720303
35512 0.746918
35513 0.701231
35514 0.801906
35515 0.730369
35516 0.752575
35517 0.872715
35518 0.831525
35519 0.650411
35520 0.801879
35521 0.596792
35522 0.628357
35523 0.954123
35524 0.900268
35525 0.921755
35526 0.841266
35527 0.689161
35528 0.831872
35529 0.783568
35530 0.831503
35531 0.789592
35532 0.694085
35533 0.788188
35534 0.834872
35535 0.734622
35536 0.946518
35537 0.891425
35538 0.791022
35539 0.809779
35540 0.799552
35541 0.662543
35542 0.733431
35543 0.77583
35544 0.738552
35545 0.783095
35546 0.722388
35547 0.837218
35548 0.782292
35549 0.765928
35550 0.785813
35551 0.79579
35552 0.724268
35553 0.784454
35554 0.770448
35555 0.733717
35556 0.85857
35557 0.764606
35558 0.887846
35559 0.75171
35560 0.545577
35561 0.839999
35562 0.862107
35563 0.452622
35564 0.92119
35565 0.80487
35566 0.900148
35567 0.841215
35568 0.520653
35569 0.862133
35570 0.743907
35571 0.778359
35572 0.753753
35573 0.654196
35574 0.661423
35575 0.731049
35576 0.754541
35577 0.827185
35578 0.813922
35579 0.878111
35580 0.889861
35581 0.952348
35582 0.860807
35583 0.840254
35584 0.750826
35585 0.846411
35586 0.914643
35587 0.68291
35588 0.78916
35589 0.738466
35590 0.891375
35591 0.881808
35592 0.931986
35593 0.59888
35594 0.591031
35595 0.761786
35596 0.650856
35597 0.911353
35598 0.846726
35599 0.8223
35600 0.891211
35601 0.897723
35602 0.72009
35603 0.913423
35604 0.924177
35605 0.947208
35606 0.760395
35607 0.886537
35608 0.832529
35609 0.939252
35610 0.673153
35611 0.674072
35612 0.665833
35613 0.812555
35614 0.731003
35615 0.742048
35616 0.775013
35617 0.630589
35618 0.751525
35619 0.651087
35620 0.777078
35621 0.689934
35622 0.651995
35623 0.819612
35624 0.625757
35625 0.833067
35626 0.891497
35627 0.838039
35628 0.787877
35629 0.768533
35630 0.829443
35631 0.735488
35632 0.633577
35633 0.831133
35634 0.668742
35635 0.729266
35636 0.881391
35637 0.74574
35638 0.943886
35639 0.789018
35640 0.757909
35641 0.746818
35642 0.890742
35643 0.730141
35644 0.682542
35645 0.733757
35646 0.831585
35647 0.893459
35648 0.848326
35649 0.805637
35650 0.772079
35651 0.741593
35652 0.655534
35653 0.774885
35654 0.748755
35655 0.648584
35656 0.773459
35657 0.790019
35658 0.899249
35659 0.755805
35660 0.660447
35661 0.763353
35662 0.78332
35663 0.698327
35664 0.725582
35665 0.672053
35666 0.732773
35667 0.868996
35668 0.880771
35669 0.738408
35670 0.847048
35671 0.874891
35672 0.679943
35673 0.820327
35674 0.612926
35675 0.924346
35676 0.812145
35677 0.826492
35678 0.724068
35679 0.721279
35680 0.892567
35681 0.71726
35682 0.7516
35683 0.796843
35684 0.806273
35685 0.886988
35686 0.819938
35687 0.730978
35688 0.686959
35689 0.751441
35690 0.685458
35691 0.888935
35692 0.945162
35693 0.745966
35694 0.841234
35695 0.696057
35696 0.599736
35697 0.860053
35698 0.866086
35699 0.878501
35700 0.682185
35701 0.808807
35702 0.671572
35703 0.926122
35704 0.762371
35705 0.848266
35706 0.823885
35707 0.654516
35708 0.921302
35709 0.920445
35710 0.77581
35711 0.884244
35712 0.703149
35713 0.662845
35714 0.763575
35715 0.913683
35716 0.758077
35717 0.660611
35718 0.604702
35719 0.638027
35720 0.837334
35721 0.979755
35722 0.89699
35723 0.869101
35724 0.962471
35725 0.834292
35726 0.683526
35727 0.661984
35728 0.696347
35729 0.407181
35730 0.719748
35731 0.811772
35732 0.693824
35733 0.737841
35734 0.800459
35735 0.796968
35736 0.815046
35737 0.810939
35738 0.684083
35739 0.761845
35740 0.631505
35741 0.912941
35742 0.699526
35743 0.809419
35744 0.922023
35745 0.689084
35746 0.675965
35747 0.745555
35748 0.782526
35749 0.774856
35750 0.717115
35751 0.66183
35752 0.89542
35753 0.62945
35754 0.804099
35755 0.873795
35756 0.721949
35757 0.862038
35758 0.720991
35759 0.825204
35760 0.737031
35761 0.830991
35762 0.817063
35763 0.751949
35764 0.864723
35765 0.784268
35766 0.688849
35767 0.899493
35768 0.822939
35769 0.789052
35770 0.857888
35771 0.709255
35772 0.662096
35773 0.670534
35774 0.626531
35775 0.665899
35776 0.791473
35777 0.796585
35778 0.843639
35779 0.84785
35780 0.898172
35781 0.792323
35782 0.922101
35783 0.758608
35784 0.716272
35785 0.805497
35786 0.816514
35787 0.776081
35788 0.710501
35789 0.836249
35790 0.777711
35791 0.716499
35792 0.904945
35793 0.912214
35794 0.916147
35795 0.776801
35796 0.880917
35797 0.768659
35798 0.780205
35799 0.88397
35800 0.970718
35801 0.927486
35802 0.783501
35803 0.756201
35804 0.861178
35805 0.785159
35806 0.702165
35807 0.780128
35808 0.693012
35809 0.836399
35810 0.783274
35811 0.884883
35812 0.90528
35813 0.748817
35814 0.671331
35815 0.731149
35816 0.883006
35817 0.751515
35818 0.918445
35819 0.826867
35820 0.815044
35821 0.850874
35822 0.947976
35823 0.926907
35824 0.751333
35825 0.967801
35826 0.822845
35827 0.755931
35828 0.955235
35829 0.515791
35830 0.789763
35831 0.635135
35832 0.814483
35833 0.702346
35834 0.6796
35835 0.873153
35836 0.788699
35837 0.855451
35838 0.85511
35839 0.779243
35840 0.817812
35841 0.786245
35842 0.915139
35843 0.635409
35844 0.785889
35845 0.761874
35846 0.744802
35847 0.827379
35848 0.734571
35849 0.679283
35850 0.855325
35851 0.88674
35852 0.776408
35853 0.868677
35854 0.73671
35855 0.820363
35856 0.833782
35857 0.914443
35858 0.902413
35859 0.815795
35860 0.945973
35861 0.610977
35862 0.773512
35863 0.78615
35864 0.809809
35865 0.702391
35866 0.778736
35867 0.825732
35868 0.895558
35869 0.936769
35870 0.814176
35871 0.992312
35872 0.855933
35873 0.720513
35874 0.726914
35875 0.687019
35876 0.77433
35877 0.628117
35878 0.704483
35879 0.875724
35880 0.713232
35881 0.806311
35882 0.806417
35883 0.726165
35884 0.744551
35885 0.766526
35886 0.851275
35887 0.667824
35888 0.736856
35889 0.715135
35890 0.895489
35891 0.859886
35892 0.958524
35893 0.883168
35894 0.553436
35895 0.905679
35896 0.82243
35897 0.781784
35898 0.842808
35899 0.895062
35900 0.695828
35901 0.859211
35902 0.851114
35903 0.645132
35904 0.685388
35905 0.919401
35906 0.815414
35907 0.816994
35908 0.882779
35909 0.729307
35910 0.686788
35911 0.723866
35912 0.771946
35913 0.765198
35914 0.719306
35915 0.717247
35916 0.677402
35917 0.657159
35918 0.959131
35919 0.809459
35920 0.733798
35921 0.621649
35922 0.633934
35923 0.574153
35924 0.891475
35925 0.811266
35926 0.84909
35927 0.680782
35928 0.911336
35929 0.890027
35930 0.83446
35931 0.823397
35932 0.760597
35933 0.823199
35934 0.726231
35935 0.918118
35936 0.693521
35937 0.709271
35938 0.6038
35939 0.632413
35940 0.683745
35941 0.779007
35942 0.798595
35943 0.943494
35944 0.78054
35945 0.842236
35946 0.751432
35947 0.730611
35948 0.783536
35949 0.939638
35950 0.725748
35951 0.722913
35952 0.919647
35953 0.710244
35954 0.770687
35955 0.864499
35956 0.831259
35957 0.94262
35958 0.849336
35959 0.758534
35960 0.728086
35961 0.834261
35962 0.860555
35963 0.798095
35964 0.603156
35965 0.537722
35966 0.719757
35967 0.605907
35968 0.771171
35969 0.668234
35970 0.68024
35971 0.88714
35972 0.892567
35973 0.863933
35974 0.747068
35975 0.746615
35976 0.7477
35977 0.775222
35978 0.737015
35979 0.59657
35980 0.829668
35981 0.705024
35982 0.684562
35983 0.745645
35984 0.761682
35985 0.724262
35986 0.7445
35987 0.697648
35988 0.850499
35989 0.690352
35990 0.773301
35991 0.832171
35992 0.702714
35993 0.815268
35994 0.912982
35995 0.745971
35996 0.92825
35997 0.780092
35998 0.654084
35999 0.680405
36000 0.662304
36001 0.691482
36002 0.793014
36003 0.698752
36004 0.804591
36005 0.831116
36006 0.699481
36007 0.712406
36008 0.78589
36009 0.791016
36010 0.56812
36011 0.630701
36012 0.786981
36013 0.866556
36014 0.666106
36015 0.662262
36016 0.821536
36017 0.576785
36018 0.740811
36019 0.859565
36020 0.631689
36021 0.600836
36022 0.640165
36023 0.717579
36024 0.964737
36025 0.723286
36026 0.909895
36027 0.757633
36028 0.726938
36029 0.749256
36030 0.765433
36031 0.877869
36032 0.838159
36033 0.860725
36034 0.84078
36035 0.66633
36036 0.690729
36037 0.764144
36038 0.791921
36039 0.822115
36040 0.6622
36041 0.766833
36042 0.876954
36043 0.685758
36044 0.776032
36045 0.682889
36046 0.792685
36047 0.653432
36048 0.699828
36049 0.782001
36050 0.633243
36051 0.751761
36052 0.76004
36053 0.74885
36054 0.783662
36055 0.746275
36056 0.796521
36057 0.826396
36058 0.86031
36059 0.701496
36060 0.734131
36061 0.646023
36062 0.697081
36063 0.735948
36064 0.891076
36065 0.917686
36066 0.707374
36067 0.836018
36068 0.857531
36069 0.701409
36070 0.584331
36071 0.544327
36072 0.878047
36073 0.569488
36074 0.906946
36075 0.731628
36076 0.662014
36077 0.755193
36078 0.679209
36079 0.697757
36080 0.73647
36081 0.686104
36082 0.691866
36083 0.720776
36084 0.668893
36085 0.660478
36086 0.757632
36087 0.759484
36088 0.743497
36089 0.805593
36090 0.967345
36091 0.659431
36092 0.746892
36093 0.947952
36094 0.738938
36095 0.705479
36096 0.708762
36097 0.769507
36098 0.791893
36099 0.711207
36100 0.855913
36101 0.813029
36102 0.501853
36103 0.594624
36104 0.845864
36105 0.828271
36106 0.810107
36107 0.75112
36108 0.768487
36109 0.890982
36110 0.867976
36111 0.584146
36112 0.929536
36113 0.701597
36114 0.756285
36115 0.758795
36116 0.819568
36117 0.609602
36118 0.7196
36119 0.963749
36120 0.771625
36121 0.841352
36122 0.798218
36123 0.898335
36124 0.750056
36125 0.80408
36126 0.693345
36127 0.779136
36128 0.866245
36129 0.887988
36130 0.726258
36131 0.754008
36132 0.9466
36133 0.941815
36134 0.856492
36135 0.797964
36136 0.796285
36137 0.781349
36138 0.79002
36139 0.788265
36140 0.698259
36141 0.793983
36142 0.709235
36143 0.861715
36144 0.923025
36145 0.881091
36146 0.734334
36147 0.689534
36148 0.977066
36149 0.911191
36150 0.908749
36151 0.78398
36152 0.94815
36153 0.758918
36154 0.91189
36155 0.754661
36156 0.655996
36157 0.572975
36158 0.878263
36159 0.732726
36160 0.575427
36161 0.820042
36162 0.83636
36163 0.604415
36164 0.755048
36165 0.770584
36166 0.854514
36167 0.737316
36168 0.792546
36169 0.77001
36170 0.829693
36171 0.758517
36172 0.699484
36173 0.872159
36174 0.911453
36175 0.941186
36176 0.742124
36177 0.808081
36178 0.917943
36179 0.862373
36180 0.643459
36181 0.948285
36182 0.848027
36183 0.915529
36184 0.860129
36185 0.716296
36186 0.791687
36187 0.730284
36188 0.69431
36189 0.668181
36190 0.752741
36191 0.815053
36192 0.855115
36193 0.795628
36194 0.806535
36195 0.709264
36196 0.676587
36197 0.741998
36198 0.902924
36199 0.725828
36200 0.752523
36201 0.757471
36202 0.753485
36203 0.760286
36204 0.865308
36205 0.802069
36206 0.841568
36207 0.72036
36208 0.737053
36209 0.79045
36210 0.830313
36211 0.855301
36212 0.808635
36213 0.779294
36214 0.792941
36215 0.880211
36216 0.555368
36217 0.762318
36218 0.85506
36219 0.755293
36220 0.745657
36221 0.725271
36222 0.711357
36223 0.820388
36224 0.806736
36225 0.742059
36226 0.741581
36227 0.890321
36228 0.718168
36229 0.831416
36230 0.91146
36231 0.843431
36232 0.781746
36233 0.918184
36234 0.678051
36235 0.671486
36236 0.948693
36237 0.798259
36238 0.768087
36239 0.799453
36240 0.90037
36241 0.897424
36242 0.793825
36243 0.583741
36244 0.719205
36245 0.755654
36246 0.950473
36247 0.634385
36248 0.845084
36249 0.749515
36250 0.958776
36251 0.899557
36252 0.68561
36253 0.860354
36254 0.892476
36255 0.658312
36256 0.841622
36257 0.722306
36258 0.770259
36259 0.533364
36260 0.502511
36261 0.800083
36262 0.751613
36263 0.718522
36264 0.659114
36265 0.930615
36266 0.882011
36267 0.720817
36268 0.675276
36269 0.753315
36270 0.933248
36271 0.590207
36272 0.758877
36273 0.913346
36274 0.715309
36275 0.850992
36276 0.708324
36277 0.804103
36278 0.630987
36279 0.696229
36280 0.775266
36281 0.808223
36282 0.770319
36283 0.846955
36284 0.849669
36285 0.928108
36286 0.707102
36287 0.858068
36288 0.846421
36289 0.648546
36290 0.699817
36291 0.785089
36292 0.840732
36293 0.688766
36294 0.83616
36295 0.727197
36296 0.846768
36297 0.781336
36298 0.79886
36299 0.816042
36300 0.846458
36301 0.736477
36302 0.826266
36303 0.736191
36304 0.857443
36305 0.767695
36306 0.701567
36307 0.876001
36308 0.508965
36309 0.826467
36310 0.775475
36311 0.832252
36312 0.680174
36313 0.906282
36314 0.805912
36315 0.920615
36316 0.773587
36317 0.940301
36318 0.956295
36319 0.878474
36320 0.88793
36321 0.680949
36322 0.833892
36323 0.811197
36324 0.767109
36325 0.625965
36326 0.823139
36327 0.656617
36328 0.702634
36329 0.68597
36330 0.661926
36331 0.906851
36332 0.789505
36333 0.765947
36334 0.712506
36335 0.650144
36336 0.774006
36337 0.817766
36338 0.83654
36339 0.728891
36340 0.881681
36341 0.940447
36342 0.746497
36343 0.794377
36344 0.738239
36345 0.716552
36346 0.963023
36347 0.75328
36348 0.915539
36349 0.965193
36350 0.846611
36351 0.871442
36352 0.952871
36353 0.815819
36354 0.698693
36355 0.736981
36356 0.719964
36357 0.802333
36358 0.67836
36359 0.671863
36360 0.785076
36361 0.856572
36362 0.74618
36363 0.752317
36364 0.914119
36365 0.790767
36366 0.70595
36367 0.825704
36368 0.763115
36369 0.844324
36370 0.864726
36371 0.73876
36372 0.796286
36373 0.761978
36374 0.806609
36375 0.724298
36376 0.801302
36377 0.843414
36378 0.781666
36379 0.795222
36380 0.787863
36381 0.842623
36382 0.94022
36383 0.724152
36384 0.717901
36385 0.814621
36386 0.923754
36387 0.794556
36388 0.635813
36389 0.862608
36390 0.820055
36391 0.719781
36392 0.831626
36393 0.82859
36394 0.785824
36395 0.556949
36396 0.811707
36397 0.722567
36398 0.758537
36399 0.784681
36400 0.710567
36401 0.740489
36402 0.807216
36403 0.800545
36404 0.820508
36405 0.856128
36406 0.851428
36407 0.761043
36408 0.871329
36409 0.745678
36410 0.832666
36411 0.781952
36412 0.758686
36413 0.847222
36414 0.83193
36415 0.803504
36416 0.8093
36417 0.837783
36418 0.69069
36419 0.778797
36420 0.853985
36421 0.7509
36422 0.769199
36423 0.72915
36424 0.707993
36425 0.914248
36426 0.685035
36427 0.920883
36428 0.916204
36429 0.776622
36430 0.777091
36431 0.869566
36432 0.781828
36433 0.87067
36434 0.664499
36435 0.88947
36436 0.756861
36437 0.706498
36438 0.710379
36439 0.814192
36440 0.90542
36441 0.793318
36442 0.770392
36443 0.821658
36444 0.834305
36445 0.819459
36446 0.835565
36447 0.680003
36448 0.796877
36449 0.839044
36450 0.779982
36451 0.792361
36452 0.795798
36453 0.825376
36454 0.963136
36455 0.812138
36456 0.803111
36457 0.743624
36458 0.73559
36459 0.692273
36460 0.739475
36461 0.781972
36462 0.717587
36463 0.817952
36464 0.8136
36465 0.839941
36466 0.863798
36467 0.701756
36468 0.945423
36469 0.80086
36470 0.594786
36471 0.751729
36472 0.657934
36473 0.735517
36474 0.703359
36475 0.795613
36476 0.746691
36477 0.766503
36478 0.804126
36479 0.842043
36480 0.724216
36481 0.750311
36482 0.840628
36483 0.786983
36484 0.785813
36485 0.62927
36486 0.752425
36487 0.626474
36488 0.860998
36489 0.743011
36490 0.803255
36491 0.823946
36492 0.758331
36493 0.913898
36494 0.757774
36495 0.714488
36496 0.7653
36497 0.948609
36498 0.844887
36499 0.703035
36500 0.830267
36501 0.70247
36502 0.725941
36503 0.930351
36504 0.773789
36505 0.822737
36506 0.820622
36507 0.879379
36508 0.633449
36509 0.901402
36510 0.658663
36511 0.60683
36512 0.824274
36513 0.687408
36514 0.684919
36515 0.534317
36516 0.894029
36517 0.74678
36518 0.836784
36519 0.74533
36520 0.518309
36521 0.752079
36522 0.548504
36523 0.882639
36524 0.797996
36525 0.90658
36526 0.774836
36527 0.701112
36528 0.71221
36529 0.689216
36530 0.81896
36531 0.642955
36532 0.77121
36533 0.711925
36534 0.797594
36535 0.837528
36536 0.825274
36537 0.925807
36538 0.812633
36539 0.713133
36540 0.642244
36541 0.787631
36542 0.924822
36543 0.893546
36544 0.637989
36545 0.688715
36546 0.825074
36547 0.822847
36548 0.703124
36549 0.711774
36550 0.85267
36551 0.945887
36552 0.858619
36553 0.664478
36554 0.755493
36555 0.741104
36556 0.716033
36557 0.719928
36558 0.781411
36559 0.753508
36560 0.670328
36561 0.832642
36562 0.489358
36563 0.930954
36564 0.82196
36565 0.837281
36566 0.629358
36567 0.846962
36568 0.858526
36569 0.865708
36570 0.642844
36571 0.811133
36572 0.856342
36573 0.673888
36574 0.780637
36575 0.822834
36576 0.65054
36577 0.725375
36578 0.763619
36579 0.668261
36580 0.581506
36581 0.804867
36582 0.859736
36583 0.672503
36584 0.526314
36585 0.804222
36586 0.765088
36587 0.672931
36588 0.830975
36589 0.8946
36590 0.729249
36591 0.857321
36592 0.631812
36593 0.869716
36594 0.8132
36595 0.884274
36596 0.766971
36597 0.801194
36598 0.792543
36599 0.881333
36600 0.770217
36601 0.775439
36602 0.882914
36603 0.636484
36604 0.790832
36605 0.933737
36606 0.715972
36607 0.466165
36608 0.839419
36609 0.888094
36610 0.848547
36611 0.461141
36612 0.841702
36613 0.890054
36614 0.659508
36615 0.898985
36616 0.861039
36617 0.870692
36618 0.782481
36619 0.696432
36620 0.664965
36621 0.635718
36622 0.918507
36623 0.853806
36624 0.55383
36625 0.941396
36626 0.800023
36627 0.796055
36628 0.856497
36629 0.69138
36630 0.912896
36631 0.743859
36632 0.794495
36633 0.825045
36634 0.910177
36635 0.729971
36636 0.875995
36637 0.770348
36638 0.68544
36639 0.785063
36640 0.505509
36641 0.94617
36642 0.86782
36643 0.591018
36644 0.878707
36645 0.804291
36646 0.8165
36647 0.808546
36648 0.833041
36649 0.835938
36650 0.704888
36651 0.717496
36652 0.784476
36653 0.773553
36654 0.782182
36655 0.782225
36656 0.888458
36657 0.847761
36658 0.639043
36659 0.59445
36660 0.68486
36661 0.741969
36662 0.889068
36663 0.831922
36664 0.691408
36665 0.774041
36666 0.834622
36667 0.961498
36668 0.786645
36669 0.790176
36670 0.575854
36671 0.779964
36672 0.860657
36673 0.751104
36674 0.750107
36675 0.714126
36676 0.887209
36677 0.781154
36678 0.671906
36679 0.786385
36680 0.817299
36681 0.843307
36682 0.735421
36683 0.809985
36684 0.728422
36685 0.779085
36686 0.752912
36687 0.653016
36688 0.82881
36689 0.807536
36690 0.833582
36691 0.830532
36692 0.750713
36693 0.692416
36694 0.815981
36695 0.610601
36696 0.649754
36697 0.533384
36698 0.852762
36699 0.739789
36700 0.801035
36701 0.795461
36702 0.833413
36703 0.884993
36704 0.675344
36705 0.848648
36706 0.953931
36707 0.807984
36708 0.773425
36709 0.459707
36710 0.700619
36711 0.752633
36712 0.890855
36713 0.805909
36714 0.982943
36715 0.625333
36716 0.973643
36717 0.689289
36718 0.800324
36719 0.802875
36720 0.905639
36721 0.642065
36722 0.684521
36723 0.788415
36724 0.802596
36725 0.845773
36726 0.764153
36727 0.750185
36728 0.703708
36729 0.793142
36730 0.761405
36731 0.772941
36732 0.747049
36733 0.677006
36734 0.748633
36735 0.916425
36736 0.916464
36737 0.757038
36738 0.852526
36739 0.88754
36740 0.541972
36741 0.794207
36742 0.722586
36743 0.752501
36744 0.780706
36745 0.898603
36746 0.866833
36747 0.589595
36748 0.708443
36749 0.832576
36750 0.928309
36751 0.540612
36752 0.726932
36753 0.600931
36754 0.662712
36755 0.646835
36756 0.688245
36757 0.695022
36758 0.72125
36759 0.69401
36760 0.737949
36761 0.835117
36762 0.777394
36763 0.724709
36764 0.758479
36765 0.863775
36766 0.870476
36767 0.93485
36768 0.863134
36769 0.855291
36770 0.818213
36771 0.743944
36772 0.867208
36773 0.619817
36774 0.739243
36775 0.651543
36776 0.850402
36777 0.797851
36778 0.838561
36779 0.755178
36780 0.74502
36781 0.766543
36782 0.766125
36783 0.672064
36784 0.725693
36785 0.89916
36786 0.839092
36787 0.706552
36788 0.837532
36789 0.803087
36790 0.806356
36791 0.626648
36792 0.616698
36793 0.615888
36794 0.766485
36795 0.593955
36796 0.726844
36797 0.635745
36798 0.874539
36799 0.821861
36800 0.737551
36801 0.748902
36802 0.751059
36803 0.73248
36804 0.750464
36805 0.789835
36806 0.827464
36807 0.853207
36808 0.629862
36809 0.737426
36810 0.697513
36811 0.639151
36812 0.714959
36813 0.807438
36814 0.933376
36815 0.650997
36816 0.870858
36817 0.953716
36818 0.734356
36819 0.683119
36820 0.903825
36821 0.726558
36822 0.91212
36823 0.616287
36824 0.855524
36825 0.673626
36826 0.696766
36827 0.744171
36828 0.816247
36829 0.833047
36830 0.800033
36831 0.849444
36832 0.7649
36833 0.789571
36834 0.847716
36835 0.830215
36836 0.889994
36837 0.814585
36838 0.810314
36839 0.7669
36840 0.869589
36841 0.526848
36842 0.789929
36843 0.750164
36844 0.61733
36845 0.586388
36846 0.703049
36847 0.812497
36848 0.787518
36849 0.689595
36850 0.694095
36851 0.657603
36852 0.779793
36853 0.823798
36854 0.781711
36855 0.699008
36856 0.795844
36857 0.712911
36858 0.781733
36859 0.883221
36860 0.872478
36861 0.724949
36862 0.778015
36863 0.823015
36864 0.768834
36865 0.656826
36866 0.745483
36867 0.779859
36868 0.774634
36869 0.692731
36870 0.713417
36871 0.612135
36872 0.781402
36873 0.835116
36874 0.872981
36875 0.85341
36876 0.752969
36877 0.687892
36878 0.6801
36879 0.892656
36880 0.787546
36881 0.767249
36882 0.791927
36883 0.775856
36884 0.654652
36885 0.695679
36886 0.801829
36887 0.740919
36888 0.901208
36889 0.707825
36890 0.813785
36891 0.851166
36892 0.827204
36893 0.753373
36894 0.851025
36895 0.873423
36896 0.505934
36897 0.681329
36898 0.739144
36899 0.772563
36900 0.658175
36901 0.793113
36902 0.797558
36903 0.719828
36904 0.847903
36905 0.720983
36906 0.86453
36907 0.713575
36908 0.823627
36909 0.641696
36910 0.623376
36911 0.633811
36912 0.656093
36913 0.718226
36914 0.719787
36915 0.774893
36916 0.714397
36917 0.868216
36918 0.740114
36919 0.723058
36920 0.642632
36921 0.896263
36922 0.765057
36923 0.80507
36924 0.726856
36925 0.859269
36926 0.770366
36927 0.915451
36928 0.848677
36929 0.9067
36930 0.856095
36931 0.828306
36932 0.898153
36933 0.495244
36934 0.808451
36935 0.880642
36936 0.634224
36937 0.777533
36938 0.851953
36939 0.79381
36940 0.591215
36941 0.819887
36942 0.853372
36943 0.673049
36944 0.762315
36945 0.839722
36946 0.726519
36947 0.863102
36948 0.800939
36949 0.818992
36950 0.808959
36951 0.88096
36952 0.875738
36953 0.896152
36954 0.694736
36955 0.772701
36956 0.628877
36957 0.889659
36958 0.776109
36959 0.906211
36960 0.769827
36961 0.787491
36962 0.879807
36963 0.91809
36964 0.805504
36965 0.828392
36966 0.819011
36967 0.847244
36968 0.794702
36969 0.815525
36970 0.879546
36971 0.846606
36972 0.740213
36973 0.873015
36974 0.873509
36975 0.755833
36976 0.890611
36977 0.904735
36978 0.764066
36979 0.916215
36980 0.975317
36981 0.816304
36982 0.846761
36983 0.874459
36984 0.934966
36985 0.879628
36986 0.617534
36987 0.787162
36988 0.786844
36989 0.676362
36990 0.699101
36991 0.917014
36992 0.818408
36993 0.882893
36994 0.724237
36995 0.680027
36996 0.466594
36997 0.83931
36998 0.525519
36999 0.7342
37000 0.845206
37001 0.82454
37002 0.951003
37003 0.924886
37004 0.879669
37005 0.934695
37006 0.96104
37007 0.871358
37008 0.816474
37009 0.867885
37010 0.901139
37011 0.910544
37012 0.642283
37013 0.773272
37014 0.89601
37015 0.906417
37016 0.975527
37017 0.58532
37018 0.775269
37019 0.853516
37020 0.738195
37021 0.737177
37022 0.749896
37023 0.885232
37024 0.636013
37025 0.583137
37026 0.851757
37027 0.802826
37028 0.825573
37029 0.655799
37030 0.837297
37031 0.766519
37032 0.789169
37033 0.596352
37034 0.74173
37035 0.769554
37036 0.809653
37037 0.651885
37038 0.683041
37039 0.789183
37040 0.848517
37041 0.8334
37042 0.745106
37043 0.781099
37044 0.734532
37045 0.66257
37046 0.623683
37047 0.917388
37048 0.757951
37049 0.690056
37050 0.827855
37051 0.677052
37052 0.819546
37053 0.699185
37054 0.807124
37055 0.84727
37056 0.809276
37057 0.768484
37058 0.88565
37059 0.849775
37060 0.741625
37061 0.788815
37062 0.846368
37063 0.617138
37064 0.925508
37065 0.851932
37066 0.73612
37067 0.912758
37068 0.780584
37069 0.617817
37070 0.931556
37071 0.84736
37072 0.885705
37073 0.801042
37074 0.644869
37075 0.865476
37076 0.87585
37077 0.825549
37078 0.776098
37079 0.76551
37080 0.728087
37081 0.870807
37082 0.920801
37083 0.754479
37084 0.847894
37085 0.792779
37086 0.849759
37087 0.532265
37088 0.78909
37089 0.641833
37090 0.817368
37091 0.831587
37092 0.767807
37093 0.902872
37094 0.767492
37095 0.780152
37096 0.843306
37097 0.784723
37098 0.941998
37099 0.716935
37100 0.891986
37101 0.677181
37102 0.752082
37103 0.719425
37104 0.724269
37105 0.765359
37106 0.839282
37107 0.739812
37108 0.805126
37109 0.923318
37110 0.788894
37111 0.804349
37112 0.891572
37113 0.656398
37114 0.616437
37115 0.74092
37116 0.743692
37117 0.760185
37118 0.922689
37119 0.625771
37120 0.79096
37121 0.874407
37122 0.613645
37123 0.742891
37124 0.802367
37125 0.640413
37126 0.809421
37127 0.88717
37128 0.618242
37129 0.755799
37130 0.909227
37131 0.960766
37132 0.848291
37133 0.872412
37134 0.853728
37135 0.753921
37136 0.864124
37137 0.811997
37138 0.764218
37139 0.630232
37140 0.635975
37141 0.882826
37142 0.845568
37143 0.868113
37144 0.779866
37145 0.727726
37146 0.687496
37147 0.865239
37148 0.64926
37149 0.792919
37150 0.874688
37151 0.854933
37152 0.89357
37153 0.521483
37154 0.850432
37155 0.868125
37156 0.833317
37157 0.638885
37158 0.960921
37159 0.742125
37160 0.867131
37161 0.947371
37162 0.72756
37163 0.825911
37164 0.763488
37165 0.65875
37166 0.810786
37167 0.736622
37168 0.853558
37169 0.884539
37170 0.807756
37171 0.749678
37172 0.7072
37173 0.807601
37174 0.771183
37175 0.922018
37176 0.735394
37177 0.700958
37178 0.890758
37179 0.72911
37180 0.872394
37181 0.86744
37182 0.876513
37183 0.851024
37184 0.733846
37185 0.797957
37186 0.81721
37187 0.74356
37188 0.717245
37189 0.606498
37190 0.928176
37191 0.527783
37192 0.814475
37193 0.776623
37194 0.698275
37195 0.776901
37196 0.832634
37197 0.792267
37198 0.752906
37199 0.845268
37200 0.760463
37201 0.738461
37202 0.72988
37203 0.818257
37204 0.722358
37205 0.628643
37206 0.81984
37207 0.695076
37208 0.687375
37209 0.612036
37210 0.688335
37211 0.890509
37212 0.807744
37213 0.862585
37214 0.696261
37215 0.754502
37216 0.77605
37217 0.873442
37218 0.71511
37219 0.792505
37220 0.850264
37221 0.85825
37222 0.725773
37223 0.779379
37224 0.821045
37225 0.760513
37226 0.779416
37227 0.718276
37228 0.905959
37229 0.826962
37230 0.792832
37231 0.799026
37232 0.842623
37233 0.903667
37234 0.774158
37235 0.7065
37236 0.876074
37237 0.758283
37238 0.682716
37239 0.757794
37240 0.537425
37241 0.872685
37242 0.922755
37243 0.534354
37244 0.801847
37245 0.676485
37246 0.688605
37247 0.859508
37248 0.827659
37249 0.769773
37250 0.708613
37251 0.736579
37252 0.68641
37253 0.855485
37254 0.663009
37255 0.846453
37256 0.728487
37257 0.749219
37258 0.735828
37259 0.709516
37260 0.807545
37261 0.923165
37262 0.723684
37263 0.720312
37264 0.819053
37265 0.763319
37266 0.825326
37267 0.86616
37268 0.935112
37269 0.705622
37270 0.802156
37271 0.922706
37272 0.940545
37273 0.922625
37274 0.934465
37275 0.837069
37276 0.867888
37277 0.860313
37278 0.783475
37279 0.778685
37280 0.969247
37281 0.729654
37282 0.58537
37283 0.758059
37284 0.753069
37285 0.770974
37286 0.985235
37287 0.876904
37288 0.742658
37289 0.671061
37290 0.830261
37291 0.79414
37292 0.773264
37293 0.803835
37294 0.686425
37295 0.744852
37296 0.607676
37297 0.734695
37298 0.699197
37299 0.832855
37300 0.469962
37301 0.789845
37302 0.825435
37303 0.618119
37304 0.703816
37305 0.706209
37306 0.599373
37307 0.949745
37308 0.806053
37309 0.710491
37310 0.86154
37311 0.683501
37312 0.72791
37313 0.852817
37314 0.798708
37315 0.728593
37316 0.851195
37317 0.750297
37318 0.769632
37319 0.901418
37320 0.717555
37321 0.943366
37322 0.801598
37323 0.689463
37324 0.872069
37325 0.846338
37326 0.924359
37327 0.583912
37328 0.649143
37329 0.808456
37330 0.824494
37331 0.754043
37332 0.657982
37333 0.686917
37334 0.569197
37335 0.835343
37336 0.852058
37337 0.755684
37338 0.900235
37339 0.907906
37340 0.774517
37341 0.862591
37342 0.756422
37343 0.663427
37344 0.844378
37345 0.906027
37346 0.869581
37347 0.800697
37348 0.83404
37349 0.979175
37350 0.654682
37351 0.936325
37352 0.685324
37353 0.691066
37354 0.81017
37355 0.863343
37356 0.784251
37357 0.580505
37358 0.818398
37359 0.822887
37360 0.736743
37361 0.932292
37362 0.766034
37363 0.952857
37364 0.764571
37365 0.794606
37366 0.737029
37367 0.798166
37368 0.838736
37369 0.95853
37370 0.910932
37371 0.775118
37372 0.944558
37373 0.877508
37374 0.852662
37375 0.798486
37376 0.765795
37377 0.833154
37378 0.788092
37379 0.751275
37380 0.792792
37381 0.700441
37382 0.720248
37383 0.924788
37384 0.88858
37385 0.811011
37386 0.877429
37387 0.748801
37388 0.822839
37389 0.71807
37390 0.767217
37391 0.759583
37392 0.710955
37393 0.618644
37394 0.708879
37395 0.706898
37396 0.734896
37397 0.823121
37398 0.691795
37399 0.591158
37400 0.863216
37401 0.733317
37402 0.803645
37403 0.665588
37404 0.781299
37405 0.845039
37406 0.888939
37407 0.893756
37408 0.859958
37409 0.900098
37410 0.923512
37411 0.595455
37412 0.494741
37413 0.655777
37414 0.865631
37415 0.886874
37416 0.758666
37417 0.923167
37418 0.733328
37419 0.834977
37420 0.823705
37421 0.890179
37422 0.904312
37423 0.829816
37424 0.763074
37425 0.723073
37426 0.725225
37427 0.782317
37428 0.80873
37429 0.813998
37430 0.860199
37431 0.821004
37432 0.658634
37433 0.931109
37434 0.819903
37435 0.806913
37436 0.726149
37437 0.660075
37438 0.847947
37439 0.756495
37440 0.613622
37441 0.754837
37442 0.612455
37443 0.724779
37444 0.804267
37445 0.621641
37446 0.541028
37447 0.814805
37448 0.709526
37449 0.696428
37450 0.7174
37451 0.777808
37452 0.756268
37453 0.670682
37454 0.735564
37455 0.773601
37456 0.664882
37457 0.766379
37458 0.818974
37459 0.691381
37460 0.743759
37461 0.66616
37462 0.545989
37463 0.697206
37464 0.727448
37465 0.646351
37466 0.886047
37467 0.812035
37468 0.895017
37469 0.75658
37470 0.735453
37471 0.793414
37472 0.705991
37473 0.832484
37474 0.783589
37475 0.861807
37476 0.741372
37477 0.896923
37478 0.811523
37479 0.680849
37480 0.873365
37481 0.705778
37482 0.752597
37483 0.844693
37484 0.856761
37485 0.656045
37486 0.775996
37487 0.823737
37488 0.693958
37489 0.710442
37490 0.812246
37491 0.838361
37492 0.695953
37493 0.708622
37494 0.749266
37495 0.906731
37496 0.774819
37497 0.727284
37498 0.784264
37499 0.742572
37500 0.789797
37501 0.749842
37502 0.870931
37503 0.813256
37504 0.770172
37505 0.713448
37506 0.807678
37507 0.850347
37508 0.733733
37509 0.808597
37510 0.841061
37511 0.659534
37512 0.753171
37513 0.718602
37514 0.845231
37515 0.68567
37516 0.716148
37517 0.940222
37518 0.895649
37519 0.701806
37520 0.787673
37521 0.910138
37522 0.895206
37523 0.810908
37524 0.861327
37525 0.755854
37526 0.88697
37527 0.888523
37528 0.908044
37529 0.965503
37530 0.702642
37531 0.532947
37532 0.826581
37533 0.822543
37534 0.756082
37535 0.895063
37536 0.842516
37537 0.664635
37538 0.57122
37539 0.816027
37540 0.709
37541 0.825592
37542 0.69999
37543 0.953661
37544 0.972283
37545 0.760776
37546 0.793847
37547 0.821272
37548 0.668749
37549 0.776054
37550 0.790704
37551 0.845605
37552 0.675626
37553 0.686842
37554 0.843694
37555 0.88588
37556 0.860694
37557 0.920012
37558 0.818059
37559 0.827208
37560 0.836903
37561 0.893584
37562 0.837035
37563 0.726593
37564 0.717385
37565 0.740878
37566 0.772784
37567 0.749447
37568 0.808148
37569 0.665962
37570 0.780562
37571 0.817213
37572 0.732733
37573 0.708944
37574 0.686778
37575 0.729606
37576 0.679371
37577 0.854836
37578 0.613814
37579 0.727706
37580 0.746519
37581 0.575538
37582 0.583838
37583 0.75413
37584 0.741735
37585 0.834205
37586 0.790017
37587 0.777373
37588 0.924858
37589 0.697035
37590 0.701617
37591 0.790133
37592 0.935427
37593 0.847814
37594 0.903046
37595 0.918897
37596 0.553915
37597 0.647672
37598 0.797627
37599 0.831645
37600 0.632013
37601 0.752749
37602 0.744262
37603 0.675765
37604 0.686592
37605 0.829826
37606 0.795311
37607 0.626197
37608 0.802329
37609 0.71605
37610 0.805509
37611 0.651918
37612 0.841573
37613 0.872982
37614 0.71815
37615 0.779586
37616 0.723696
37617 0.73032
37618 0.768268
37619 0.727657
37620 0.701487
37621 0.795156
37622 0.858914
37623 0.787146
37624 0.870069
37625 0.831399
37626 0.603635
37627 0.859661
37628 0.773904
37629 0.698893
37630 0.936946
37631 0.481743
37632 0.827406
37633 0.818464
37634 0.783255
37635 0.788007
37636 0.751135
37637 0.755216
37638 0.738799
37639 0.880556
37640 0.883693
37641 0.666377
37642 0.749517
37643 0.646354
37644 0.721187
37645 0.719864
37646 0.721933
37647 0.845382
37648 0.775162
37649 0.721301
37650 0.844597
37651 0.697943
37652 0.790073
37653 0.939796
37654 0.684028
37655 0.750168
37656 0.767574
37657 0.839667
37658 0.947211
37659 0.706554
37660 0.855208
37661 0.749046
37662 0.782454
37663 0.663555
37664 0.844029
37665 0.656361
37666 0.841617
37667 0.973164
37668 0.748575
37669 0.842323
37670 0.788817
37671 0.761826
37672 0.638503
37673 0.603545
37674 0.544093
37675 0.981838
37676 0.782481
37677 0.832284
37678 0.468547
37679 0.517927
37680 0.415346
37681 0.675467
37682 0.851585
37683 0.771164
37684 0.731253
37685 0.810085
37686 0.816344
37687 0.8076
37688 0.659306
37689 0.710071
37690 0.703604
37691 0.801456
37692 0.730649
37693 0.850246
37694 0.892845
37695 0.830333
37696 0.820166
37697 0.75847
37698 0.691274
37699 0.724526
37700 0.677692
37701 0.774146
37702 0.951292
37703 0.881977
37704 0.757221
37705 0.670635
37706 0.79881
37707 0.864151
37708 0.840672
37709 0.709282
37710 0.823544
37711 0.792233
37712 0.746777
37713 0.886437
37714 0.796567
37715 0.821693
37716 0.954942
37717 0.675133
37718 0.712477
37719 0.802654
37720 0.70677
37721 0.750666
37722 0.821499
37723 0.727312
37724 0.883047
37725 0.688014
37726 0.892316
37727 0.875742
37728 0.744365
37729 0.709528
37730 0.7081
37731 0.712387
37732 0.735155
37733 0.735257
37734 0.68147
37735 0.701654
37736 0.735121
37737 0.722321
37738 0.676042
37739 0.632694
37740 0.816686
37741 0.876105
37742 0.763886
37743 0.819425
37744 0.852988
37745 0.677756
37746 0.891536
37747 0.814803
37748 0.859421
37749 0.794033
37750 0.725144
37751 0.835808
37752 0.784689
37753 0.919776
37754 0.959738
37755 0.853135
37756 0.66231
37757 0.622568
37758 0.91781
37759 0.741206
37760 0.591018
37761 0.715985
37762 0.807571
37763 0.836716
37764 0.791263
37765 0.938025
37766 0.684068
37767 0.850876
37768 0.846101
37769 0.887372
37770 0.645985
37771 0.761568
37772 0.633833
37773 0.691921
37774 0.8501
37775 0.859433
37776 0.868067
37777 0.704814
37778 0.637622
37779 0.787937
37780 0.650752
37781 0.951594
37782 0.508815
37783 0.854221
37784 0.560949
37785 0.784085
37786 0.849076
37787 0.794562
37788 0.669778
37789 0.865661
37790 0.70819
37791 0.900251
37792 0.823743
37793 0.706125
37794 0.7743
37795 0.80511
37796 0.912068
37797 0.915391
37798 0.782702
37799 0.720358
37800 0.861854
37801 0.954149
37802 0.738724
37803 0.873575
37804 0.868514
37805 0.841544
37806 0.709581
37807 0.711865
37808 0.736487
37809 0.768576
37810 0.822129
37811 0.743252
37812 0.797633
37813 0.832292
37814 0.782388
37815 0.798376
37816 0.820692
37817 0.690718
37818 0.844667
37819 0.704947
37820 0.721784
37821 0.735147
37822 0.690075
37823 0.804628
37824 0.73436
37825 0.705704
37826 0.880373
37827 0.94525
37828 0.84312
37829 0.571781
37830 0.914031
37831 0.90886
37832 0.709949
37833 0.782076
37834 0.79743
37835 0.893287
37836 0.751848
37837 0.773721
37838 0.796648
37839 0.726962
37840 0.94275
37841 0.878871
37842 0.88348
37843 0.882825
37844 0.916033
37845 0.831028
37846 0.686364
37847 0.878901
37848 0.798183
37849 0.819958
37850 0.716105
37851 0.798164
37852 0.8315
37853 0.803285
37854 0.894133
37855 0.925183
37856 0.750974
37857 0.807803
37858 0.865926
37859 0.750927
37860 0.843868
37861 0.858002
37862 0.873657
37863 0.898873
37864 0.852708
37865 0.484457
37866 0.921213
37867 0.797944
37868 0.832433
37869 0.821486
37870 0.863078
37871 0.825804
37872 0.910281
37873 0.833611
37874 0.812739
37875 0.702133
37876 0.879433
37877 0.730692
37878 0.746715
37879 0.730445
37880 0.696469
37881 0.684276
37882 0.823569
37883 0.763071
37884 0.879318
37885 0.574996
37886 0.768263
37887 0.763074
37888 0.790098
37889 0.71379
37890 0.778187
37891 0.686876
37892 0.78679
37893 0.897715
37894 0.749619
37895 0.697003
37896 0.766618
37897 0.824455
37898 0.962389
37899 0.817332
37900 0.77618
37901 0.692951
37902 0.742959
37903 0.778443
37904 0.942768
37905 0.676482
37906 0.646978
37907 0.817867
37908 0.903129
37909 0.757237
37910 0.859663
37911 0.920256
37912 0.876897
37913 0.87957
37914 0.830761
37915 0.668904
37916 0.653715
37917 0.841646
37918 0.797634
37919 0.944984
37920 0.899382
37921 0.754856
37922 0.895759
37923 0.831838
37924 0.919379
37925 0.802252
37926 0.771051
37927 0.924407
37928 0.72808
37929 0.898149
37930 0.913
37931 0.867614
37932 0.731498
37933 0.820986
37934 0.839958
37935 0.756808
37936 0.839425
37937 0.67521
37938 0.681141
37939 0.731701
37940 0.682866
37941 0.872874
37942 0.701522
37943 0.923179
37944 0.972066
37945 0.626437
37946 0.695074
37947 0.64833
37948 0.841959
37949 0.800528
37950 0.638959
37951 0.805218
37952 0.85986
37953 0.833716
37954 0.587058
37955 0.79458
37956 0.622851
37957 0.673948
37958 0.878574
37959 0.804496
37960 0.684451
37961 0.657576
37962 0.789078
37963 0.736486
37964 0.912642
37965 0.918765
37966 0.863552
37967 0.809082
37968 0.688737
37969 0.868675
37970 0.657349
37971 0.819206
37972 0.803644
37973 0.79991
37974 0.7154
37975 0.830927
37976 0.810867
37977 0.787609
37978 0.836105
37979 0.869944
37980 0.886061
37981 0.847271
37982 0.609658
37983 0.533094
37984 0.867224
37985 0.842243
37986 0.801906
37987 0.816034
37988 0.640316
37989 0.666864
37990 0.684594
37991 0.712008
37992 0.895462
37993 0.956618
37994 0.602731
37995 0.890086
37996 0.81163
37997 0.61946
37998 0.812205
37999 0.613692
38000 0.832896
38001 0.952519
38002 0.916571
38003 0.911129
38004 0.663075
38005 0.697639
38006 0.728835
38007 0.884959
38008 0.883878
38009 0.77535
38010 0.698816
38011 0.638271
38012 0.903956
38013 0.725616
38014 0.911343
38015 0.747349
38016 0.648036
38017 0.930246
38018 0.686204
38019 0.857664
38020 0.718589
38021 0.817383
38022 0.804685
38023 0.740162
38024 0.810726
38025 0.750481
38026 0.798378
38027 0.641375
38028 0.802193
38029 0.732784
38030 0.823892
38031 0.835259
38032 0.815971
38033 0.946628
38034 0.630277
38035 0.785536
38036 0.692359
38037 0.776896
38038 0.674378
38039 0.782916
38040 0.802421
38041 0.698146
38042 0.788392
38043 0.831845
38044 0.800381
38045 0.51529
38046 0.86224
38047 0.806027
38048 0.766332
38049 0.843903
38050 0.653987
38051 0.71048
38052 0.819985
38053 0.892862
38054 0.80872
38055 0.862515
38056 0.728109
38057 0.871781
38058 0.787101
38059 0.795872
38060 0.86246
38061 0.624822
38062 0.93643
38063 0.875757
38064 0.677283
38065 0.764722
38066 0.731683
38067 0.890408
38068 0.911686
38069 0.843372
38070 0.737001
38071 0.729621
38072 0.770303
38073 0.829468
38074 0.645117
38075 0.823989
38076 0.789566
38077 0.903035
38078 0.760201
38079 0.706171
38080 0.904123
38081 0.486166
38082 0.77397
38083 0.657006
38084 0.797332
38085 0.870769
38086 0.788505
38087 0.659299
38088 0.772908
38089 0.691018
38090 0.699787
38091 0.820431
38092 0.904398
38093 0.81394
38094 0.774015
38095 0.657698
38096 0.745139
38097 0.669418
38098 0.636309
38099 0.808562
38100 0.883817
38101 0.815361
38102 0.848214
38103 0.767109
38104 0.791335
38105 0.813267
38106 0.854445
38107 0.842696
38108 0.849072
38109 0.627207
38110 0.78777
38111 0.862896
38112 0.759296
38113 0.964451
38114 0.765138
38115 0.819622
38116 0.816468
38117 0.646968
38118 0.707987
38119 0.833799
38120 0.786754
38121 0.810975
38122 0.746201
38123 0.632534
38124 0.709753
38125 0.747715
38126 0.816924
38127 0.725497
38128 0.772284
38129 0.836771
38130 0.831108
38131 0.872201
38132 0.714803
38133 0.751339
38134 0.8112
38135 0.682621
38136 0.990835
38137 0.730751
38138 0.705111
38139 0.759931
38140 0.754196
38141 0.786672
38142 0.747652
38143 0.705853
38144 0.571638
38145 0.905003
38146 0.662552
38147 0.683507
38148 0.802326
38149 0.855102
38150 0.807326
38151 0.796156
38152 0.69007
38153 0.579674
38154 0.613487
38155 0.744971
38156 0.77831
38157 0.911536
38158 0.876495
38159 0.542999
38160 0.95609
38161 0.730311
38162 0.565459
38163 0.72523
38164 0.925679
38165 0.76808
38166 0.746647
38167 0.853368
38168 0.858645
38169 0.765147
38170 0.832002
38171 0.729805
38172 0.722459
38173 0.620558
38174 0.795908
38175 0.854704
38176 0.903127
38177 0.847034
38178 0.900572
38179 0.683088
38180 0.898119
38181 0.877735
38182 0.894682
38183 0.839175
38184 0.834524
38185 0.65288
38186 0.94858
38187 0.802945
38188 0.735821
38189 0.914268
38190 0.86536
38191 0.808348
38192 0.776156
38193 0.923086
38194 0.796205
38195 0.583876
38196 0.709608
38197 0.69023
38198 0.716928
38199 0.743356
38200 0.803373
38201 0.778024
38202 0.663769
38203 0.905228
38204 0.596919
38205 0.643038
38206 0.893363
38207 0.792577
38208 0.674994
38209 0.731674
38210 0.62191
38211 0.782607
38212 0.794043
38213 0.922151
38214 0.853583
38215 0.698563
38216 0.791924
38217 0.874515
38218 0.779076
38219 0.849112
38220 0.641048
38221 0.836869
38222 0.580027
38223 0.747945
38224 0.795453
38225 0.724382
38226 0.764307
38227 0.848608
38228 0.751277
38229 0.673948
38230 0.77713
38231 0.730252
38232 0.639709
38233 0.674166
38234 0.715359
38235 0.698745
38236 0.737454
38237 0.634223
38238 0.840227
38239 0.872943
38240 0.683327
38241 0.895297
38242 0.811894
38243 0.590843
38244 0.86253
38245 0.790347
38246 0.731089
38247 0.799939
38248 0.828592
38249 0.674889
38250 0.64072
38251 0.715866
38252 0.861002
38253 0.529673
38254 0.942972
38255 0.80239
38256 0.95928
38257 0.873935
38258 0.724449
38259 0.828102
38260 0.768603
38261 0.892761
38262 0.825924
38263 0.611356
38264 0.923411
38265 0.814796
38266 0.54854
38267 0.931093
38268 0.911502
38269 0.790695
38270 0.631528
38271 0.650319
38272 0.733847
38273 0.621091
38274 0.891707
38275 0.702081
38276 0.706716
38277 0.731745
38278 0.893814
38279 0.807079
38280 0.856967
38281 0.756505
38282 0.949162
38283 0.698513
38284 0.852235
38285 0.771469
38286 0.568742
38287 0.810484
38288 0.580396
38289 0.884624
38290 0.77075
38291 0.706408
38292 0.760552
38293 0.895352
38294 0.788936
38295 0.802041
38296 0.703336
38297 0.859149
38298 0.579151
38299 0.930774
38300 0.85272
38301 0.823307
38302 0.817424
38303 0.803683
38304 0.736244
38305 0.873555
38306 0.757954
38307 0.866542
38308 0.623142
38309 0.742691
38310 0.638701
38311 0.89114
38312 0.70935
38313 0.938304
38314 0.690191
38315 0.933592
38316 0.823704
38317 0.815473
38318 0.640834
38319 0.807469
38320 0.71931
38321 0.825235
38322 0.964966
38323 0.731703
38324 0.926646
38325 0.768965
38326 0.820287
38327 0.731616
38328 0.707717
38329 0.838203
38330 0.895941
38331 0.842649
38332 0.852486
38333 0.773929
38334 0.782269
38335 0.7539
38336 0.79033
38337 0.877135
38338 0.849481
38339 0.745146
38340 0.671464
38341 0.834094
38342 0.899484
38343 0.841964
38344 0.8972
38345 0.813539
38346 0.976783
38347 0.884353
38348 0.626651
38349 0.727741
38350 0.845262
38351 0.842455
38352 0.740861
38353 0.586533
38354 0.718173
38355 0.671485
38356 0.886734
38357 0.71944
38358 0.801611
38359 0.723636
38360 0.810255
38361 0.844317
38362 0.771617
38363 0.665839
38364 0.854384
38365 0.738961
38366 0.772151
38367 0.622298
38368 0.628558
38369 0.85236
38370 0.889381
38371 0.771134
38372 0.662744
38373 0.719593
38374 0.961039
38375 0.96242
38376 0.905986
38377 0.70693
38378 0.874473
38379 0.833791
38380 0.777426
38381 0.748037
38382 0.7399
38383 0.836792
38384 0.768473
38385 0.888203
38386 0.925314
38387 0.908688
38388 0.918295
38389 0.874975
38390 0.831063
38391 0.875019
38392 0.735967
38393 0.793622
38394 0.85111
38395 0.863523
38396 0.757445
38397 0.920803
38398 0.812156
38399 0.904353
38400 0.753266
38401 0.733717
38402 0.918538
38403 0.789646
38404 0.857688
38405 0.763191
38406 0.910336
38407 0.905718
38408 0.916778
38409 0.600792
38410 0.787813
38411 0.634403
38412 0.762492
38413 0.599103
38414 0.673516
38415 0.812797
38416 0.871384
38417 0.841184
38418 0.92366
38419 0.797014
38420 0.840934
38421 0.801002
38422 0.805143
38423 0.791026
38424 0.834404
38425 0.944877
38426 0.880227
38427 0.893315
38428 0.814609
38429 0.835978
38430 0.661693
38431 0.857656
38432 0.790876
38433 0.602022
38434 0.704355
38435 0.727157
38436 0.585788
38437 0.853264
38438 0.777625
38439 0.82766
38440 0.932472
38441 0.766306
38442 0.386025
38443 0.878677
38444 0.851554
38445 0.765472
38446 0.350442
38447 0.59358
38448 0.885805
38449 0.957081
38450 0.727333
38451 0.868825
38452 0.909422
38453 0.777987
38454 0.814236
38455 0.864282
38456 0.620831
38457 0.704481
38458 0.872494
38459 0.89556
38460 0.60622
38461 0.738779
38462 0.782726
38463 0.569342
38464 0.803653
38465 0.694618
38466 0.741582
38467 0.84475
38468 0.710826
38469 0.656993
38470 0.72078
38471 0.806166
38472 0.818005
38473 0.731338
38474 0.73705
38475 0.824258
38476 0.890927
38477 0.756765
38478 0.717572
38479 0.71192
38480 0.872939
38481 0.883042
38482 0.884112
38483 0.789973
38484 0.810044
38485 0.861072
38486 0.760014
38487 0.778571
38488 0.875256
38489 0.667174
38490 0.870956
38491 0.835461
38492 0.796622
38493 0.850595
38494 0.69582
38495 0.719615
38496 0.942779
38497 0.677315
38498 0.804045
38499 0.956541
38500 0.941983
38501 0.643837
38502 0.669636
38503 0.78716
38504 0.544714
38505 0.803686
38506 0.887482
38507 0.478226
38508 0.797418
38509 0.454077
38510 0.789633
38511 0.815368
38512 0.721601
38513 0.720629
38514 0.924935
38515 0.870255
38516 0.818605
38517 0.740322
38518 0.695245
38519 0.784063
38520 0.625696
38521 0.661154
38522 0.644187
38523 0.744137
38524 0.821292
38525 0.774098
38526 0.837481
38527 0.751447
38528 0.819417
38529 0.862511
38530 0.754701
38531 0.895235
38532 0.779945
38533 0.841717
38534 0.908131
38535 0.894651
38536 0.918932
38537 0.814802
38538 0.89352
38539 0.64163
38540 0.716974
38541 0.812718
38542 0.747556
38543 0.775799
38544 0.786723
38545 0.891836
38546 0.877233
38547 0.808186
38548 0.734189
38549 0.71099
38550 0.788363
38551 0.823916
38552 0.769741
38553 0.898626
38554 0.864652
38555 0.906402
38556 0.756465
38557 0.942251
38558 0.765741
38559 0.85687
38560 0.826877
38561 0.889227
38562 0.712623
38563 0.706283
38564 0.850774
38565 0.655945
38566 0.753506
38567 0.65079
38568 0.811164
38569 0.819508
38570 0.857991
38571 0.894706
38572 0.771599
38573 0.86263
38574 0.860573
38575 0.791782
38576 0.843799
38577 0.788367
38578 0.655485
38579 0.838394
38580 0.778557
38581 0.715455
38582 0.777554
38583 0.786081
38584 0.777718
38585 0.827664
38586 0.766324
38587 0.819389
38588 0.782605
38589 0.848909
38590 0.760893
38591 0.835839
38592 0.773054
38593 0.835745
38594 0.934014
38595 0.853623
38596 0.887731
38597 0.934915
38598 0.975867
38599 0.745067
38600 0.717222
38601 0.939976
38602 0.861654
38603 0.902467
38604 0.795133
38605 0.695546
38606 0.638434
38607 0.915587
38608 0.63128
38609 0.726858
38610 0.784438
38611 0.441035
38612 0.746037
38613 0.837318
38614 0.801959
38615 0.856607
38616 0.75411
38617 0.870057
38618 0.935401
38619 0.856816
38620 0.742185
38621 0.765622
38622 0.861424
38623 0.785543
38624 0.40276
38625 0.893011
38626 0.503413
38627 0.832
38628 0.824072
38629 0.635241
38630 0.9578
38631 0.712608
38632 0.806747
38633 0.610647
38634 0.807035
38635 0.853809
38636 0.67809
38637 0.840863
38638 0.743973
38639 0.856247
38640 0.760864
38641 0.75466
38642 0.745121
38643 0.744777
38644 0.608001
38645 0.814554
38646 0.827348
38647 0.842775
38648 0.729007
38649 0.771499
38650 0.861119
38651 0.902221
38652 0.743211
38653 0.755836
38654 0.802183
38655 0.634021
38656 0.914663
38657 0.740352
38658 0.951604
38659 0.849356
38660 0.894915
38661 0.924355
38662 0.78551
38663 0.827133
38664 0.838537
38665 0.847778
38666 0.914674
38667 0.822529
38668 0.822021
38669 0.828464
38670 0.786614
38671 0.827322
38672 0.702769
38673 0.81076
38674 0.859748
38675 0.829944
38676 0.906173
38677 0.836757
38678 0.767503
38679 0.913139
38680 0.737006
38681 0.921749
38682 0.898391
38683 0.802016
38684 0.89341
38685 0.665463
38686 0.687013
38687 0.782335
38688 0.803643
38689 0.7448
38690 0.540853
38691 0.86658
38692 0.738731
38693 0.684225
38694 0.773137
38695 0.66731
38696 0.606437
38697 0.828707
38698 0.821795
38699 0.933539
38700 0.93109
38701 0.615194
38702 0.734063
38703 0.820226
38704 0.790284
38705 0.76494
38706 0.900763
38707 0.876198
38708 0.888702
38709 0.628464
38710 0.92738
38711 0.787866
38712 0.739755
38713 0.759101
38714 0.831611
38715 0.768874
38716 0.924889
38717 0.890971
38718 0.792811
38719 0.834702
38720 0.820449
38721 0.81307
38722 0.906323
38723 0.565627
38724 0.650726
38725 0.793751
38726 0.733327
38727 0.952966
38728 0.84667
38729 0.700703
38730 0.757614
38731 0.816085
38732 0.814084
38733 0.857749
38734 0.782291
38735 0.828773
38736 0.769285
38737 0.80454
38738 0.822891
38739 0.838994
38740 0.796553
38741 0.905385
38742 0.829463
38743 0.829874
38744 0.876359
38745 0.781455
38746 0.748703
38747 0.787879
38748 0.876864
38749 0.800921
38750 0.664102
38751 0.875951
38752 0.867857
38753 0.707097
38754 0.689258
38755 0.806384
38756 0.699025
38757 0.641875
38758 0.850731
38759 0.824136
38760 0.90152
38761 0.825033
38762 0.906099
38763 0.830898
38764 0.784514
38765 0.762505
38766 0.727996
38767 0.844304
38768 0.720206
38769 0.745386
38770 0.73117
38771 0.852228
38772 0.803113
38773 0.842277
38774 0.757459
38775 0.731893
38776 0.757725
38777 0.906118
38778 0.804826
38779 0.706437
38780 0.688963
38781 0.867731
38782 0.822387
38783 0.780907
38784 0.775191
38785 0.60726
38786 0.731663
38787 0.825594
38788 0.625087
38789 0.782774
38790 0.572244
38791 0.732846
38792 0.780858
38793 0.913937
38794 0.788548
38795 0.789738
38796 0.819688
38797 0.810127
38798 0.780995
38799 0.871007
38800 0.755958
38801 0.733001
38802 0.669666
38803 0.759734
38804 0.642002
38805 0.81326
38806 0.638373
38807 0.75415
38808 0.748194
38809 0.766051
38810 0.709122
38811 0.736079
38812 0.733352
38813 0.644352
38814 0.686693
38815 0.884262
38816 0.652118
38817 0.750836
38818 0.887455
38819 0.639492
38820 0.951127
38821 0.786814
38822 0.833886
38823 0.881868
38824 0.892238
38825 0.835663
38826 0.852047
38827 0.882545
38828 0.844729
38829 0.904124
38830 0.8761
38831 0.959863
38832 0.846944
38833 0.823637
38834 0.840391
38835 0.768453
38836 0.901092
38837 0.948822
38838 0.734216
38839 0.675717
38840 0.669773
38841 0.820136
38842 0.581121
38843 0.720812
38844 0.749656
38845 0.703996
38846 0.839805
38847 0.810979
38848 0.908846
38849 0.722925
38850 0.916122
38851 0.896361
38852 0.716708
38853 0.903966
38854 0.676034
38855 0.824475
38856 0.831861
38857 0.901958
38858 0.90435
38859 0.919939
38860 0.886688
38861 0.7177
38862 0.536917
38863 0.806933
38864 0.82689
38865 0.812152
38866 0.604753
38867 0.815685
38868 0.885061
38869 0.44523
38870 0.92017
38871 0.648257
38872 0.969621
38873 0.570332
38874 0.742778
38875 0.864685
38876 0.637372
38877 0.661213
38878 0.909266
38879 0.903858
38880 0.902329
38881 0.887129
38882 0.768528
38883 0.592145
38884 0.581561
38885 0.752627
38886 0.779788
38887 0.807944
38888 0.802262
38889 0.754263
38890 0.780731
38891 0.8221
38892 0.860558
38893 0.844817
38894 0.851721
38895 0.825595
38896 0.740074
38897 0.901199
38898 0.740194
38899 0.805574
38900 0.829292
38901 0.677678
38902 0.846548
38903 0.83959
38904 0.828484
38905 0.64364
38906 0.822992
38907 0.50106
38908 0.792078
38909 0.708502
38910 0.571531
38911 0.831701
38912 0.765917
38913 0.849874
38914 0.924725
38915 0.825749
38916 0.896952
38917 0.74323
38918 0.863446
38919 0.920257
38920 0.944049
38921 0.744038
38922 0.691734
38923 0.662093
38924 0.777509
38925 0.772657
38926 0.798589
38927 0.732456
38928 0.724757
38929 0.662699
38930 0.659366
38931 0.661772
38932 0.877608
38933 0.764668
38934 0.806617
38935 0.675516
38936 0.753282
38937 0.62104
38938 0.727282
38939 0.594197
38940 0.712158
38941 0.866108
38942 0.873826
38943 0.768815
38944 0.892242
38945 0.718888
38946 0.683982
38947 0.895582
38948 0.726446
38949 0.905207
38950 0.721443
38951 0.72566
38952 0.729473
38953 0.818144
38954 0.752892
38955 0.820905
38956 0.742226
38957 0.782916
38958 0.791662
38959 0.762735
38960 0.897785
38961 0.614161
38962 0.897283
38963 0.643296
38964 0.726016
38965 0.655365
38966 0.654756
38967 0.846406
38968 0.818261
38969 0.824998
38970 0.905644
38971 0.661729
38972 0.958488
38973 0.941782
38974 0.881907
38975 0.84069
38976 0.727834
38977 0.869397
38978 0.853503
38979 0.882443
38980 0.808168
38981 0.660465
38982 0.7138
38983 0.715471
38984 0.683663
38985 0.76813
38986 0.841695
38987 0.637193
38988 0.784388
38989 0.781288
38990 0.931094
38991 0.747382
38992 0.641174
38993 0.874067
38994 0.705285
38995 0.680201
38996 0.737839
38997 0.787078
38998 0.640906
38999 0.737263
39000 0.680097
39001 0.732092
39002 0.866655
39003 0.82464
39004 0.772086
39005 0.711223
39006 0.658442
39007 0.707089
39008 0.808229
39009 0.77463
39010 0.733409
39011 0.892525
39012 0.679573
39013 0.920762
39014 0.867764
39015 0.83072
39016 0.967508
39017 0.927999
39018 0.711424
39019 0.908095
39020 0.82935
39021 0.694987
39022 0.753163
39023 0.769781
39024 0.757438
39025 0.924943
39026 0.844493
39027 0.757357
39028 0.914992
39029 0.83421
39030 0.76575
39031 0.903664
39032 0.849849
39033 0.78559
39034 0.762838
39035 0.927336
39036 0.865719
39037 0.866707
39038 0.906163
39039 0.828079
39040 0.91542
39041 0.809247
39042 0.818556
39043 0.764845
39044 0.764947
39045 0.597239
39046 0.957913
39047 0.877082
39048 0.708584
39049 0.723207
39050 0.714024
39051 0.529329
39052 0.835651
39053 0.811715
39054 0.901305
39055 0.582591
39056 0.629287
39057 0.887828
39058 0.87995
39059 0.858121
39060 0.770284
39061 0.818005
39062 0.869588
39063 0.878855
39064 0.813885
39065 0.71258
39066 0.853762
39067 0.75741
39068 0.815565
39069 0.730672
39070 0.786877
39071 0.805097
39072 0.820024
39073 0.886375
39074 0.839159
39075 0.854038
39076 0.817956
39077 0.674378
39078 0.747461
39079 0.714822
39080 0.703195
39081 0.699073
39082 0.874882
39083 0.791655
39084 0.768239
39085 0.862487
39086 0.950188
39087 0.888011
39088 0.891855
39089 0.817743
39090 0.790595
39091 0.82409
39092 0.926236
39093 0.805647
39094 0.706007
39095 0.821888
39096 0.791394
39097 0.663489
39098 0.642105
39099 0.850123
39100 0.785501
39101 0.754815
39102 0.82636
39103 0.818745
39104 0.842949
39105 0.837538
39106 0.501925
39107 0.760971
39108 0.688534
39109 0.803224
39110 0.832599
39111 0.585072
39112 0.744152
39113 0.86248
39114 0.82225
39115 0.603774
39116 0.703328
39117 0.968726
39118 0.800553
39119 0.801611
39120 0.866856
39121 0.750179
39122 0.927814
39123 0.8981
39124 0.773302
39125 0.881598
39126 0.796663
39127 0.933887
39128 0.770482
39129 0.683782
39130 0.874101
39131 0.877942
39132 0.769563
39133 0.942421
39134 0.821069
39135 0.665146
39136 0.785376
39137 0.946584
39138 0.677939
39139 0.902566
39140 0.928594
39141 0.830352
39142 0.827983
39143 0.833162
39144 0.838706
39145 0.87924
39146 0.714198
39147 0.836952
39148 0.577291
39149 0.743422
39150 0.720291
39151 0.682965
39152 0.727729
39153 0.710412
39154 0.750717
39155 0.888364
39156 0.739372
39157 0.933034
39158 0.715523
39159 0.906252
39160 0.74317
39161 0.765031
39162 0.843844
39163 0.496275
39164 0.858916
39165 0.667411
39166 0.74399
39167 0.70621
39168 0.721343
39169 0.866832
39170 0.7969
39171 0.793229
39172 0.791881
39173 0.853611
39174 0.81163
39175 0.530826
39176 0.830373
39177 0.835022
39178 0.671068
39179 0.718259
39180 0.793007
39181 0.877782
39182 0.605282
39183 0.775131
39184 0.845083
39185 0.844495
39186 0.655539
39187 0.739942
39188 0.793887
39189 0.73875
39190 0.676931
39191 0.8611
39192 0.63539
39193 0.696064
39194 0.798768
39195 0.816471
39196 0.596069
39197 0.892533
39198 0.705417
39199 0.918334
39200 0.683959
39201 0.794112
39202 0.769189
39203 0.5771
39204 0.801986
39205 0.741642
39206 0.48218
39207 0.769013
39208 0.861017
39209 0.737063
39210 0.776138
39211 0.844282
39212 0.681971
39213 0.670864
39214 0.634311
39215 0.737095
39216 0.732584
39217 0.745089
39218 0.897112
39219 0.782379
39220 0.745785
39221 0.738905
39222 0.732894
39223 0.788376
39224 0.897543
39225 0.775755
39226 0.704575
39227 0.869668
39228 0.551903
39229 0.80198
39230 0.669286
39231 0.909385
39232 0.863673
39233 0.720475
39234 0.969632
39235 0.548605
39236 0.849764
39237 0.680418
39238 0.701842
39239 0.824034
39240 0.856103
39241 0.750991
39242 0.848895
39243 0.791721
39244 0.870221
39245 0.714087
39246 0.741362
39247 0.771768
39248 0.747461
39249 0.719573
39250 0.732855
39251 0.854072
39252 0.730787
39253 0.858424
39254 0.88316
39255 0.73009
39256 0.804294
39257 0.703761
39258 0.757837
39259 0.82065
39260 0.670333
39261 0.790341
39262 0.832432
39263 0.780828
39264 0.677006
39265 0.780099
39266 0.821186
39267 0.866694
39268 0.932473
39269 0.912746
39270 0.715894
39271 0.746658
39272 0.450072
39273 0.844925
39274 0.687226
39275 0.795198
39276 0.896216
39277 0.79746
39278 0.778485
39279 0.669709
39280 0.755894
39281 0.842586
39282 0.761501
39283 0.937144
39284 0.852182
39285 0.756334
39286 0.740683
39287 0.798626
39288 0.830613
39289 0.876273
39290 0.90484
39291 0.930894
39292 0.834091
39293 0.861627
39294 0.869282
39295 0.869775
39296 0.737711
39297 0.803165
39298 0.74632
39299 0.935517
39300 0.840905
39301 0.792009
39302 0.783531
39303 0.862914
39304 0.876966
39305 0.743286
39306 0.89452
39307 0.863886
39308 0.593875
39309 0.811179
39310 0.887875
39311 0.783904
39312 0.811559
39313 0.868751
39314 0.876431
39315 0.683052
39316 0.74906
39317 0.830805
39318 0.84194
39319 0.640157
39320 0.724583
39321 0.815047
39322 0.876168
39323 0.766531
39324 0.748118
39325 0.899692
39326 0.816896
39327 0.568929
39328 0.559558
39329 0.939729
39330 0.698721
39331 0.729906
39332 0.875702
39333 0.757602
39334 0.767086
39335 0.73146
39336 0.87023
39337 0.670344
39338 0.788477
39339 0.938481
39340 0.797257
39341 0.847009
39342 0.912178
39343 0.738983
39344 0.772376
39345 0.811254
39346 0.891705
39347 0.573057
39348 0.556589
39349 0.619816
39350 0.675588
39351 0.618126
39352 0.740315
39353 0.79075
39354 0.748519
39355 0.882768
39356 0.784252
39357 0.915226
39358 0.823962
39359 0.69522
39360 0.743882
39361 0.905726
39362 0.939241
39363 0.943116
39364 0.901724
39365 0.942021
39366 0.865093
39367 0.720857
39368 0.848963
39369 0.836839
39370 0.924661
39371 0.659286
39372 0.715899
39373 0.828145
39374 0.702668
39375 0.805604
39376 0.8833
39377 0.69658
39378 0.875261
39379 0.940746
39380 0.889582
39381 0.915634
39382 0.791683
39383 0.755039
39384 0.823165
39385 0.792382
39386 0.75336
39387 0.859679
39388 0.834049
39389 0.803426
39390 0.855518
39391 0.90946
39392 0.887053
39393 0.888055
39394 0.906749
39395 0.811092
39396 0.878972
39397 0.816051
39398 0.876705
39399 0.726055
39400 0.893942
39401 0.804936
39402 0.884544
39403 0.876532
39404 0.697829
39405 0.903343
39406 0.89549
39407 0.75222
39408 0.770925
39409 0.700323
39410 0.900913
39411 0.683619
39412 0.7866
39413 0.877744
39414 0.687787
39415 0.985322
39416 0.940602
39417 0.963457
39418 0.804699
39419 0.834973
39420 0.78999
39421 0.682339
39422 0.756246
39423 0.696442
39424 0.71092
39425 0.737659
39426 0.735518
39427 0.755871
39428 0.796036
39429 0.681432
39430 0.817986
39431 0.924011
39432 0.889711
39433 0.79474
39434 0.755072
39435 0.725808
39436 0.83274
39437 0.912548
39438 0.830557
39439 0.827688
39440 0.719721
39441 0.718411
39442 0.639141
39443 0.798078
39444 0.720713
39445 0.906952
39446 0.735866
39447 0.773894
39448 0.803763
39449 0.777235
39450 0.836841
39451 0.65983
39452 0.662474
39453 0.790325
39454 0.742983
39455 0.790307
39456 0.87127
39457 0.897801
39458 0.880549
39459 0.830233
39460 0.880276
39461 0.931363
39462 0.824105
39463 0.745151
39464 0.978955
39465 0.892099
39466 0.959766
39467 0.729995
39468 0.750242
39469 0.824099
39470 0.869931
39471 0.485227
39472 0.748382
39473 0.639751
39474 0.57676
39475 0.649356
39476 0.696484
39477 0.661143
39478 0.790572
39479 0.735098
39480 0.689971
39481 0.736252
39482 0.76231
39483 0.649811
39484 0.660972
39485 0.708062
39486 0.855287
39487 0.828459
39488 0.676535
39489 0.698647
39490 0.911635
39491 0.902217
39492 0.931085
39493 0.81759
39494 0.897112
39495 0.885188
39496 0.798485
39497 0.656016
39498 0.904321
39499 0.857298
39500 0.7701
39501 0.790278
39502 0.884663
39503 0.92733
39504 0.774194
39505 0.833036
39506 0.818027
39507 0.897499
39508 0.788262
39509 0.78051
39510 0.800171
39511 0.827362
39512 0.892206
39513 0.630612
39514 0.812076
39515 0.828108
39516 0.644658
39517 0.903329
39518 0.762352
39519 0.803467
39520 0.753503
39521 0.719369
39522 0.555773
39523 0.747769
39524 0.707963
39525 0.718405
39526 0.59848
39527 0.556259
39528 0.626433
39529 0.743587
39530 0.836652
39531 0.720064
39532 0.798825
39533 0.856963
39534 0.818591
39535 0.817838
39536 0.761534
39537 0.795114
39538 0.831775
39539 0.806158
39540 0.744761
39541 0.758206
39542 0.800932
39543 0.600367
39544 0.597286
39545 0.717021
39546 0.798313
39547 0.877959
39548 0.729088
39549 0.72674
39550 0.677278
39551 0.81219
39552 0.801853
39553 0.794351
39554 0.781967
39555 0.683768
39556 0.727123
39557 0.756615
39558 0.794853
39559 0.911651
39560 0.764728
39561 0.795631
39562 0.707322
39563 0.762714
39564 0.710706
39565 0.678525
39566 0.732896
39567 0.760546
39568 0.803991
39569 0.865294
39570 0.804302
39571 0.746364
39572 0.749313
39573 0.839965
39574 0.754301
39575 0.74373
39576 0.802455
39577 0.695515
39578 0.614557
39579 0.771515
39580 0.810549
39581 0.824122
39582 0.873421
39583 0.909155
39584 0.861059
39585 0.962768
39586 0.840055
39587 0.756171
39588 0.906925
39589 0.774255
39590 0.808853
39591 0.741664
39592 0.75922
39593 0.822643
39594 0.891281
39595 0.889844
39596 0.709243
39597 0.784614
39598 0.667347
39599 0.791657
39600 0.595057
39601 0.600102
39602 0.90624
39603 0.683079
39604 0.855834
39605 0.792143
39606 0.84807
39607 0.799305
39608 0.709138
39609 0.871532
39610 0.772646
39611 0.862556
39612 0.855622
39613 0.72541
39614 0.854181
39615 0.847182
39616 0.796471
39617 0.772511
39618 0.802743
39619 0.751373
39620 0.897895
39621 0.791844
39622 0.896916
39623 0.969277
39624 0.727137
39625 0.641423
39626 0.766734
39627 0.471393
39628 0.785319
39629 0.785067
39630 0.865053
39631 0.795563
39632 0.632794
39633 0.765164
39634 0.678387
39635 0.709971
39636 0.79376
39637 0.857951
39638 0.501481
39639 0.768001
39640 0.659745
39641 0.809139
39642 0.734765
39643 0.711046
39644 0.909003
39645 0.893294
39646 0.861497
39647 0.669827
39648 0.914671
39649 0.608979
39650 0.801311
39651 0.717621
39652 0.637413
39653 0.583962
39654 0.682349
39655 0.826727
39656 0.777591
39657 0.837086
39658 0.565874
39659 0.741628
39660 0.769499
39661 0.81887
39662 0.763237
39663 0.858249
39664 0.755091
39665 0.861824
39666 0.791839
39667 0.593796
39668 0.917444
39669 0.865177
39670 0.778564
39671 0.81508
39672 0.755513
39673 0.748933
39674 0.632074
39675 0.718675
39676 0.680613
39677 0.605322
39678 0.817109
39679 0.600675
39680 0.760656
39681 0.731934
39682 0.843891
39683 0.83101
39684 0.894748
39685 0.63317
39686 0.795465
39687 0.738253
39688 0.810892
39689 0.639332
39690 0.781951
39691 0.69485
39692 0.794607
39693 0.806193
39694 0.851941
39695 0.840017
39696 0.744281
39697 0.598772
39698 0.752295
39699 0.836572
39700 0.746775
39701 0.672214
39702 0.500723
39703 0.891165
39704 0.778936
39705 0.859312
39706 0.693004
39707 0.850762
39708 0.812279
39709 0.70862
39710 0.880608
39711 0.80648
39712 0.786567
39713 0.93163
39714 0.938637
39715 0.918886
39716 0.895938
39717 0.853523
39718 0.776829
39719 0.864415
39720 0.693944
39721 0.608009
39722 0.752122
39723 0.874187
39724 0.652164
39725 0.95217
39726 0.876837
39727 0.746225
39728 0.874032
39729 0.716278
39730 0.683099
39731 0.908705
39732 0.584906
39733 0.783598
39734 0.610659
39735 0.710292
39736 0.86163
39737 0.664071
39738 0.80294
39739 0.899993
39740 0.755695
39741 0.737881
39742 0.899258
39743 0.790821
39744 0.832742
39745 0.853845
39746 0.797209
39747 0.901323
39748 0.857137
39749 0.848911
39750 0.846202
39751 0.798082
39752 0.776459
39753 0.716487
39754 0.542152
39755 0.832617
39756 0.824709
39757 0.802895
39758 0.693498
39759 0.939461
39760 0.918248
39761 0.91155
39762 0.809428
39763 0.686238
39764 0.788751
39765 0.98796
39766 0.803731
39767 0.854263
39768 0.722037
39769 0.713307
39770 0.819202
39771 0.754037
39772 0.706107
39773 0.708667
39774 0.728934
39775 0.956718
39776 0.720937
39777 0.683634
39778 0.807413
39779 0.719138
39780 0.809814
39781 0.753445
39782 0.644851
39783 0.778288
39784 0.838375
39785 0.829148
39786 0.769312
39787 0.838075
39788 0.726419
39789 0.782507
39790 0.762412
39791 0.726929
39792 0.704964
39793 0.857487
39794 0.838452
39795 0.725484
39796 0.903791
39797 0.651122
39798 0.839163
39799 0.688064
39800 0.922968
39801 0.92269
39802 0.697663
39803 0.778195
39804 0.905469
39805 0.789106
39806 0.874633
39807 0.698075
39808 0.713895
39809 0.798008
39810 0.778202
39811 0.794741
39812 0.865957
39813 0.700732
39814 0.686802
39815 0.776491
39816 0.787585
39817 0.672898
39818 0.757275
39819 0.707116
39820 0.931095
39821 0.696634
39822 0.685793
39823 0.716742
39824 0.756835
39825 0.671562
39826 0.598524
39827 0.776651
39828 0.913622
39829 0.885407
39830 0.808775
39831 0.826082
39832 0.66121
39833 0.688253
39834 0.712143
39835 0.759346
39836 0.812699
39837 0.80726
39838 0.625089
39839 0.839671
39840 0.607194
39841 0.673889
39842 0.715563
39843 0.857548
39844 0.891879
39845 0.690032
39846 0.853922
39847 0.908337
39848 0.839687
39849 0.726554
39850 0.822751
39851 0.670374
39852 0.86247
39853 0.746242
39854 0.763022
39855 0.657531
39856 0.674156
39857 0.794455
39858 0.801909
39859 0.849884
39860 0.980569
39861 0.826906
39862 0.872134
39863 0.63111
39864 0.865209
39865 0.722628
39866 0.826704
39867 0.912185
39868 0.796197
39869 0.669899
39870 0.799437
39871 0.838285
39872 0.932345
39873 0.842687
39874 0.73771
39875 0.825279
39876 0.83319
39877 0.931033
39878 0.868199
39879 0.828547
39880 0.614223
39881 0.876654
39882 0.958034
39883 0.650983
39884 0.800457
39885 0.948187
39886 0.936823
39887 0.678883
39888 0.975559
39889 0.899365
39890 0.911553
39891 0.896528
39892 0.694344
39893 0.601637
39894 0.731901
39895 0.769364
39896 0.72929
39897 0.804705
39898 0.716672
39899 0.673434
39900 0.688411
39901 0.551852
39902 0.691891
39903 0.722329
39904 0.660492
39905 0.569828
39906 0.937329
39907 0.601969
39908 0.628461
39909 0.798521
39910 0.744805
39911 0.805671
39912 0.816736
39913 0.983945
39914 0.796544
39915 0.738963
39916 0.675531
39917 0.866149
39918 0.610893
39919 0.568473
39920 0.714425
39921 0.710696
39922 0.730488
39923 0.707326
39924 0.77142
39925 0.802845
39926 0.820345
39927 0.944953
39928 0.857909
39929 0.864734
39930 0.862476
39931 0.622321
39932 0.855311
39933 0.848025
39934 0.929474
39935 0.540851
39936 0.886373
39937 0.794835
39938 0.793979
39939 0.846141
39940 0.774108
39941 0.866388
39942 0.66513
39943 0.812894
39944 0.685811
39945 0.707591
39946 0.695032
39947 0.757413
39948 0.638396
39949 0.770802
39950 0.717622
39951 0.929619
39952 0.858989
39953 0.741261
39954 0.952031
39955 0.849056
39956 0.955633
39957 0.817934
39958 0.714931
39959 0.828835
39960 0.791975
39961 0.593119
39962 0.77866
39963 0.638414
39964 0.82698
39965 0.700094
39966 0.865225
39967 0.710822
39968 0.898364
39969 0.855502
39970 0.72382
39971 0.681795
39972 0.742309
39973 0.652614
39974 0.750385
39975 0.763693
39976 0.914945
39977 0.927275
39978 0.796491
39979 0.786287
39980 0.824912
39981 0.951226
39982 0.886407
39983 0.614177
39984 0.798286
39985 0.895007
39986 0.725519
39987 0.751794
39988 0.648686
39989 0.890804
39990 0.769077
39991 0.790738
39992 0.874735
39993 0.797352
39994 0.62026
39995 0.700324
39996 0.720021
39997 0.687318
39998 0.655546
39999 0.704613
40000 0.782858
40001 0.884652
40002 0.653069
40003 0.691148
40004 0.680303
40005 0.765382
40006 0.851399
40007 0.957109
40008 0.748906
40009 0.94327
40010 0.886083
40011 0.789068
40012 0.825007
40013 0.875034
40014 0.858503
40015 0.815054
40016 0.737492
40017 0.492613
40018 0.553282
40019 0.679411
40020 0.783049
40021 0.855768
40022 0.863872
40023 0.728257
40024 0.797842
40025 0.773668
40026 0.887225
40027 0.783718
40028 0.761506
40029 0.725348
40030 0.831344
40031 0.798467
40032 0.752165
40033 0.899372
40034 0.847628
40035 0.874891
40036 0.684554
40037 0.885728
40038 0.732326
40039 0.855739
40040 0.787844
40041 0.706443
40042 0.743936
40043 0.778639
40044 0.952044
40045 0.955505
40046 0.661777
40047 0.883359
40048 0.675811
40049 0.793561
40050 0.867841
40051 0.755303
40052 0.884298
40053 0.924706
40054 0.817042
40055 0.659708
40056 0.702541
40057 0.461684
40058 0.793675
40059 0.838543
40060 0.944016
40061 0.68256
40062 0.701316
40063 0.857447
40064 0.716295
40065 0.781063
40066 0.733237
40067 0.84291
40068 0.820932
40069 0.664144
40070 0.832227
40071 0.722601
40072 0.774385
40073 0.700667
40074 0.816886
40075 0.723757
40076 0.839253
40077 0.679061
40078 0.790551
40079 0.807707
40080 0.717981
40081 0.759231
40082 0.783479
40083 0.866979
40084 0.721975
40085 0.806894
40086 0.847448
40087 0.745656
40088 0.840605
40089 0.82946
40090 0.637844
40091 0.713944
40092 0.587654
40093 0.898283
40094 0.79494
40095 0.736371
40096 0.961329
40097 0.685763
40098 0.662591
40099 0.880144
40100 0.955833
40101 0.905392
40102 0.939028
40103 0.833538
40104 0.93976
40105 0.875773
40106 0.651265
40107 0.883109
40108 0.964818
40109 0.801258
40110 0.895802
40111 0.835255
40112 0.866213
40113 0.857391
40114 0.866385
40115 0.818584
40116 0.63434
40117 0.740374
40118 0.925478
40119 0.756807
40120 0.643211
40121 0.870561
40122 0.804364
40123 0.893491
40124 0.759047
40125 0.779958
40126 0.788287
40127 0.677655
40128 0.787789
40129 0.63058
40130 0.647095
40131 0.690574
40132 0.849376
40133 0.836636
40134 0.817063
40135 0.846612
40136 0.745208
40137 0.934831
40138 0.816723
40139 0.723292
40140 0.70018
40141 0.781858
40142 0.743551
40143 0.630265
40144 0.792952
40145 0.663542
40146 0.774102
40147 0.815495
40148 0.656621
40149 0.851219
40150 0.677691
40151 0.816942
40152 0.714576
40153 0.757051
40154 0.72607
40155 0.727407
40156 0.752966
40157 0.803728
40158 0.916989
40159 0.954957
40160 0.828546
40161 0.966579
40162 0.747308
40163 0.636906
40164 0.806704
40165 0.671914
40166 0.810626
40167 0.551115
40168 0.652139
40169 0.74755
40170 0.611383
40171 0.741885
40172 0.85116
40173 0.850461
40174 0.621833
40175 0.79915
40176 0.766764
40177 0.818126
40178 0.724356
40179 0.722621
40180 0.741355
40181 0.703472
40182 0.727133
40183 0.658156
40184 0.894501
40185 0.541505
40186 0.868837
40187 0.833504
40188 0.782822
40189 0.777424
40190 0.529589
40191 0.989453
40192 0.661539
40193 0.71264
40194 0.930284
40195 0.78439
40196 0.687499
40197 0.750136
40198 0.761489
40199 0.871069
40200 0.737314
40201 0.74901
40202 0.793878
40203 0.85998
40204 0.685776
40205 0.972738
40206 0.787232
40207 0.888975
40208 0.858228
40209 0.706089
40210 0.939798
40211 0.687719
40212 0.754935
40213 0.771647
40214 0.777466
40215 0.915487
40216 0.871408
40217 0.835777
40218 0.67956
40219 0.744237
40220 0.752814
40221 0.837187
40222 0.868577
40223 0.951602
40224 0.949549
40225 0.67419
40226 0.479559
40227 0.973459
40228 0.723897
40229 0.912909
40230 0.74107
40231 0.755283
40232 0.683813
40233 0.773986
40234 0.781804
40235 0.884581
40236 0.60228
40237 0.719656
40238 0.752829
40239 0.623891
40240 0.718557
40241 0.776315
40242 0.813542
40243 0.721216
40244 0.715586
40245 0.654217
40246 0.749812
40247 0.872082
40248 0.761089
40249 0.762239
40250 0.80494
40251 0.72769
40252 0.823954
40253 0.792161
40254 0.714727
40255 0.771891
40256 0.71638
40257 0.718452
40258 0.837206
40259 0.934102
40260 0.870203
40261 0.783289
40262 0.881831
40263 0.937351
40264 0.607195
40265 0.758646
40266 0.628596
40267 0.634439
40268 0.668809
40269 0.614808
40270 0.859667
40271 0.907403
40272 0.809764
40273 0.804068
40274 0.838384
40275 0.729318
40276 0.765674
40277 0.785493
40278 0.768334
40279 0.813851
40280 0.685558
40281 0.717948
40282 0.816914
40283 0.685673
40284 0.696217
40285 0.703038
40286 0.678295
40287 0.72826
40288 0.761222
40289 0.851073
40290 0.635345
40291 0.769522
40292 0.83405
40293 0.776416
40294 0.616286
40295 0.76401
40296 0.855932
40297 0.833181
40298 0.923358
40299 0.86249
40300 0.821637
40301 0.717317
40302 0.605366
40303 0.703792
40304 0.708803
40305 0.683624
40306 0.865773
40307 0.76294
40308 0.907351
40309 0.695677
40310 0.805354
40311 0.832897
40312 0.77175
40313 0.839034
40314 0.909971
40315 0.81952
40316 0.699181
40317 0.797778
40318 0.737587
40319 0.747443
40320 0.74619
40321 0.673605
40322 0.782333
40323 0.718267
40324 0.72012
40325 0.772641
40326 0.634777
40327 0.781424
40328 0.772236
40329 0.677279
40330 0.737342
40331 0.658495
40332 0.787607
40333 0.734597
40334 0.736091
40335 0.9435
40336 0.739885
40337 0.726906
40338 0.919328
40339 0.748391
40340 0.876572
40341 0.849129
40342 0.906781
40343 0.656323
40344 0.758398
40345 0.61288
40346 0.758356
40347 0.752147
40348 0.762656
40349 0.746654
40350 0.824434
40351 0.92411
40352 0.82164
40353 0.810517
40354 0.792194
40355 0.821841
40356 0.656618
40357 0.889312
40358 0.760164
40359 0.721218
40360 0.745644
40361 0.772622
40362 0.820881
40363 0.865795
40364 0.943182
40365 0.850078
40366 0.823772
40367 0.778885
40368 0.809472
40369 0.777068
40370 0.680167
40371 0.745107
40372 0.604503
40373 0.851676
40374 0.660356
40375 0.929429
40376 0.85091
40377 0.863555
40378 0.856626
40379 0.867769
40380 0.801766
40381 0.817967
40382 0.74785
40383 0.802659
40384 0.843338
40385 0.938976
40386 0.808758
40387 0.881466
40388 0.766485
40389 0.840049
40390 0.839756
40391 0.767759
40392 0.781668
40393 0.781522
40394 0.820354
40395 0.689536
40396 0.771403
40397 0.666199
40398 0.765397
40399 0.600694
40400 0.735334
40401 0.953618
40402 0.625194
40403 0.814739
40404 0.735299
40405 0.778654
40406 0.728211
40407 0.698445
40408 0.898285
40409 0.891544
40410 0.848949
40411 0.668104
40412 0.711238
40413 0.798747
40414 0.797549
40415 0.754325
40416 0.761522
40417 0.643427
40418 0.838372
40419 0.747487
40420 0.619836
40421 0.723197
40422 0.915693
40423 0.901539
40424 0.812406
40425 0.853804
40426 0.749738
40427 0.79981
40428 0.852339
40429 0.818912
40430 0.60946
40431 0.757609
40432 0.667469
40433 0.679318
40434 0.801795
40435 0.856154
40436 0.744017
40437 0.8225
40438 0.675165
40439 0.82479
40440 0.827609
40441 0.778537
40442 0.79494
40443 0.814505
40444 0.739454
40445 0.692864
40446 0.807223
40447 0.9533
40448 0.891697
40449 0.717641
40450 0.777906
40451 0.838319
40452 0.851925
40453 0.802034
40454 0.889226
40455 0.874759
40456 0.774308
40457 0.861751
40458 0.876276
40459 0.847282
40460 0.697945
40461 0.754956
40462 0.739901
40463 0.705123
40464 0.745595
40465 0.703663
40466 0.780371
40467 0.780078
40468 0.835766
40469 0.819801
40470 0.765523
40471 0.805415
40472 0.608037
40473 0.684272
40474 0.677596
40475 0.730489
40476 0.687711
40477 0.750855
40478 0.840752
40479 0.777888
40480 0.974262
40481 0.702244
40482 0.704563
40483 0.770469
40484 0.628959
40485 0.740593
40486 0.70171
40487 0.813022
40488 0.794724
40489 0.941295
40490 0.736932
40491 0.764009
40492 0.689569
40493 0.84063
40494 0.783716
40495 0.775749
40496 0.790523
40497 0.858283
40498 0.968523
40499 0.924789
40500 0.583831
40501 0.950685
40502 0.897547
40503 0.721173
40504 0.723584
40505 0.819324
40506 0.82141
40507 0.742949
40508 0.828016
40509 0.697353
40510 0.865565
40511 0.747363
40512 0.932232
40513 0.846248
40514 0.719456
40515 0.607154
40516 0.776804
40517 0.742539
40518 0.688844
40519 0.774693
40520 0.76059
40521 0.693407
40522 0.719959
40523 0.843975
40524 0.916486
40525 0.734784
40526 0.673643
40527 0.794612
40528 0.757566
40529 0.902823
40530 0.840675
40531 0.837996
40532 0.959039
40533 0.732952
40534 0.756067
40535 0.844372
40536 0.490023
40537 0.745593
40538 0.533121
40539 0.664525
40540 0.717316
40541 0.954544
40542 0.861069
40543 0.718788
40544 0.855133
40545 0.808742
40546 0.719663
40547 0.861037
40548 0.648934
40549 0.652711
40550 0.769982
40551 0.750469
40552 0.651447
40553 0.699369
40554 0.774977
40555 0.695395
40556 0.80801
40557 0.739466
40558 0.908039
40559 0.757638
40560 0.738951
40561 0.778931
40562 0.720972
40563 0.976257
40564 0.809533
40565 0.573276
40566 0.825552
40567 0.927324
40568 0.71531
40569 0.969866
40570 0.92925
40571 0.867248
40572 0.809588
40573 0.868423
40574 0.95595
40575 0.988398
40576 0.604102
40577 0.648109
40578 0.829286
40579 0.817062
40580 0.722779
40581 0.608883
40582 0.816088
40583 0.76092
40584 0.746464
40585 0.786982
40586 0.708365
40587 0.67888
40588 0.74656
40589 0.780917
40590 0.710471
40591 0.904155
40592 0.702705
40593 0.812363
40594 0.765837
40595 0.732606
40596 0.785181
40597 0.781879
40598 0.796
40599 0.891871
40600 0.855096
40601 0.689684
40602 0.766012
40603 0.77328
40604 0.783577
40605 0.924733
40606 0.795735
40607 0.867016
40608 0.733928
40609 0.844897
40610 0.806787
40611 0.871183
40612 0.804526
40613 0.594599
40614 0.835492
40615 0.862883
40616 0.680762
40617 0.612258
40618 0.76818
40619 0.823297
40620 0.57978
40621 0.865381
40622 0.928014
40623 0.647428
40624 0.873323
40625 0.778337
40626 0.753339
40627 0.899319
40628 0.739975
40629 0.911162
40630 0.782706
40631 0.837332
40632 0.854847
40633 0.904759
40634 0.90541
40635 0.861392
40636 0.922759
40637 0.822925
40638 0.867751
40639 0.864434
40640 0.832117
40641 0.93643
40642 0.88571
40643 0.808449
40644 0.936676
40645 0.908084
40646 0.711501
40647 0.689133
40648 0.731624
40649 0.709495
40650 0.667178
40651 0.680903
40652 0.714181
40653 0.679882
40654 0.727366
40655 0.686297
40656 0.750648
40657 0.947406
40658 0.60796
40659 0.849598
40660 0.858298
40661 0.853302
40662 0.867514
40663 0.713823
40664 0.782606
40665 0.749148
40666 0.779803
40667 0.640782
40668 0.721943
40669 0.71612
40670 0.556564
40671 0.872943
40672 0.761372
40673 0.6759
40674 0.657262
40675 0.754435
40676 0.66906
40677 0.839171
40678 0.936016
40679 0.632419
40680 0.822218
40681 0.761655
40682 0.79204
40683 0.940411
40684 0.935599
40685 0.715719
40686 0.912236
40687 0.93134
40688 0.777507
40689 0.93365
40690 0.862055
40691 0.648477
40692 0.727668
40693 0.845924
40694 0.979793
40695 0.753717
40696 0.771567
40697 0.756315
40698 0.7575
40699 0.702692
40700 0.790601
40701 0.732332
40702 0.847597
40703 0.721473
40704 0.737219
40705 0.786315
40706 0.54491
40707 0.839715
40708 0.740295
40709 0.775024
40710 0.88477
40711 0.791337
40712 0.831276
40713 0.753378
40714 0.689787
40715 0.835313
40716 0.844976
40717 0.619733
40718 0.872142
40719 0.849074
40720 0.770164
40721 0.644948
40722 0.815623
40723 0.531555
40724 0.664285
40725 0.874997
40726 0.746046
40727 0.869929
40728 0.590571
40729 0.963612
40730 0.876726
40731 0.75763
40732 0.66918
40733 0.693646
40734 0.857025
40735 0.967245
40736 0.854028
40737 0.743962
40738 0.927383
40739 0.810941
40740 0.63966
40741 0.654305
40742 0.487876
40743 0.667667
40744 0.879887
40745 0.890768
40746 0.782997
40747 0.934502
40748 0.680898
40749 0.972247
40750 0.736873
40751 0.856411
40752 0.935139
40753 0.732672
40754 0.915275
40755 0.760685
40756 0.863826
40757 0.77696
40758 0.650546
40759 0.743351
40760 0.95513
40761 0.625379
40762 0.88295
40763 0.589644
40764 0.566051
40765 0.695071
40766 0.780887
40767 0.747754
40768 0.917749
40769 0.783387
40770 0.737524
40771 0.740666
40772 0.730259
40773 0.575139
40774 0.568299
40775 0.846461
40776 0.799611
40777 0.732522
40778 0.825978
40779 0.678033
40780 0.910178
40781 0.757763
40782 0.617541
40783 0.842974
40784 0.915285
40785 0.7765
40786 0.724238
40787 0.752647
40788 0.860579
40789 0.779954
40790 0.762821
40791 0.82441
40792 0.880983
40793 0.806902
40794 0.830807
40795 0.682117
40796 0.850862
40797 0.721485
40798 0.658218
40799 0.661703
40800 0.726736
40801 0.940978
40802 0.803194
40803 0.83109
40804 0.881448
40805 0.789062
40806 0.88353
40807 0.881377
40808 0.935036
40809 0.779205
40810 0.808415
40811 0.992006
40812 0.76776
40813 0.938005
40814 0.806276
40815 0.868612
40816 0.856238
40817 0.751881
40818 0.652782
40819 0.775663
40820 0.742276
40821 0.690146
40822 0.714435
40823 0.715349
40824 0.831698
40825 0.811313
40826 0.729868
40827 0.896263
40828 0.880564
40829 0.688458
40830 0.733577
40831 0.959126
40832 0.899713
40833 0.975472
40834 0.796614
40835 0.777597
40836 0.778911
40837 0.686594
40838 0.770497
40839 0.630185
40840 0.933144
40841 0.743557
40842 0.669639
40843 0.736301
40844 0.748237
40845 0.708186
40846 0.745981
40847 0.643587
40848 0.802391
40849 0.890743
40850 0.78757
40851 0.837093
40852 0.727164
40853 0.718163
40854 0.726569
40855 0.648349
40856 0.759255
40857 0.748593
40858 0.704252
40859 0.732534
40860 0.68981
40861 0.827255
40862 0.61828
40863 0.6048
40864 0.8474
40865 0.89488
40866 0.651219
40867 0.668268
40868 0.610922
40869 0.879643
40870 0.693431
40871 0.686242
40872 0.869553
40873 0.730784
40874 0.896931
40875 0.829809
40876 0.794122
40877 0.849176
40878 0.930334
40879 0.756999
40880 0.966518
40881 0.853238
40882 0.71704
40883 0.682016
40884 0.909679
40885 0.825707
40886 0.665109
40887 0.888274
40888 0.869918
40889 0.955697
40890 0.787741
40891 0.907333
40892 0.819753
40893 0.902174
40894 0.911525
40895 0.840532
40896 0.844165
40897 0.795804
40898 0.722036
40899 0.725877
40900 0.81835
40901 0.676939
40902 0.700091
40903 0.715709
40904 0.766555
40905 0.683524
40906 0.751744
40907 0.833114
40908 0.561253
40909 0.580839
40910 0.681625
40911 0.947493
40912 0.771519
40913 0.790463
40914 0.806519
40915 0.827474
40916 0.80538
40917 0.979133
40918 0.858586
40919 0.771728
40920 0.77397
40921 0.930591
40922 0.749067
40923 0.667427
40924 0.735621
40925 0.710499
40926 0.64936
40927 0.634796
40928 0.782574
40929 0.671285
40930 0.75573
40931 0.707456
40932 0.650524
40933 0.596966
40934 0.694687
40935 0.78073
40936 0.918014
40937 0.758608
40938 0.926225
40939 0.949084
40940 0.787534
40941 0.75454
40942 0.801266
40943 0.829563
40944 0.843709
40945 0.827779
40946 0.617546
40947 0.92815
40948 0.627768
40949 0.888312
40950 0.748311
40951 0.836969
40952 0.668842
40953 0.71325
40954 0.953454
40955 0.845149
40956 0.676235
40957 0.566625
40958 0.595576
40959 0.756553
40960 0.696201
40961 0.853369
40962 0.881128
40963 0.665337
40964 0.79996
40965 0.708692
40966 0.678996
40967 0.74661
40968 0.756943
40969 0.942413
40970 0.943968
40971 0.812684
40972 0.853565
40973 0.806701
40974 0.616802
40975 0.694976
40976 0.739504
40977 0.869934
40978 0.778885
40979 0.673098
40980 0.732989
40981 0.714933
40982 0.884708
40983 0.793645
40984 0.727628
40985 0.957601
40986 0.909021
40987 0.821243
40988 0.795581
40989 0.71323
40990 0.917497
40991 0.900801
40992 0.793507
40993 0.781814
40994 0.724989
40995 0.742997
40996 0.654499
40997 0.842921
40998 0.653121
40999 0.742091
41000 0.81032
41001 0.508359
41002 0.62464
41003 0.829196
41004 0.928753
41005 0.860982
41006 0.836921
41007 0.774638
41008 0.821451
41009 0.76263
41010 0.593928
41011 0.938636
41012 0.768144
41013 0.722864
41014 0.860713
41015 0.849844
41016 0.922163
41017 0.678221
41018 0.713626
41019 0.649465
41020 0.711527
41021 0.723652
41022 0.810573
41023 0.821263
41024 0.765007
41025 0.783824
41026 0.793139
41027 0.72369
41028 0.823351
41029 0.667576
41030 0.749786
41031 0.622632
41032 0.707757
41033 0.881231
41034 0.820502
41035 0.889058
41036 0.66867
41037 0.736762
41038 0.774491
41039 0.828651
41040 0.780688
41041 0.830324
41042 0.958819
41043 0.795541
41044 0.759723
41045 0.720462
41046 0.868213
41047 0.653617
41048 0.78906
41049 0.71584
41050 0.801212
41051 0.732035
41052 0.842041
41053 0.692118
41054 0.836386
41055 0.748896
41056 0.759677
41057 0.86362
41058 0.9443
41059 0.693187
41060 0.862458
41061 0.761738
41062 0.852705
41063 0.847854
41064 0.917371
41065 0.913283
41066 0.949277
41067 0.81578
41068 0.806322
41069 0.926138
41070 0.846695
41071 0.77227
41072 0.91272
41073 0.871453
41074 0.858345
41075 0.870763
41076 0.704248
41077 0.963037
41078 0.73479
41079 0.763759
41080 0.935446
41081 0.726289
41082 0.92076
41083 0.750964
41084 0.765789
41085 0.821143
41086 0.888366
41087 0.935027
41088 0.780566
41089 0.746323
41090 0.742894
41091 0.560966
41092 0.873013
41093 0.886618
41094 0.838224
41095 0.789508
41096 0.810055
41097 0.927016
41098 0.796221
41099 0.854926
41100 0.865247
41101 0.761577
41102 0.764832
41103 0.942687
41104 0.760952
41105 0.887447
41106 0.758793
41107 0.934446
41108 0.931425
41109 0.879688
41110 0.690757
41111 0.926378
41112 0.77586
41113 0.686738
41114 0.957193
41115 0.693835
41116 0.743155
41117 0.697899
41118 0.841187
41119 0.684798
41120 0.832094
41121 0.882898
41122 0.802336
41123 0.796119
41124 0.788947
41125 0.986839
41126 0.83266
41127 0.830878
41128 0.918375
41129 0.793303
41130 0.927638
41131 0.773916
41132 0.864022
41133 0.772444
41134 0.804312
41135 0.834089
41136 0.750684
41137 0.828956
41138 0.917913
41139 0.748883
41140 0.783088
41141 0.76185
41142 0.818646
41143 0.791005
41144 0.762986
41145 0.680244
41146 0.792327
41147 0.690537
41148 0.877897
41149 0.716386
41150 0.755117
41151 0.811118
41152 0.820501
41153 0.8253
41154 0.780868
41155 0.885746
41156 0.889749
41157 0.655103
41158 0.759057
41159 0.761778
41160 0.665905
41161 0.853799
41162 0.812191
41163 0.726952
41164 0.64145
41165 0.777339
41166 0.682798
41167 0.641713
41168 0.704217
41169 0.768022
41170 0.603877
41171 0.804692
41172 0.89633
41173 0.592269
41174 0.576079
41175 0.825641
41176 0.730071
41177 0.663397
41178 0.864687
41179 0.695704
41180 0.794506
41181 0.890014
41182 0.670666
41183 0.597295
41184 0.681414
41185 0.68602
41186 0.78599
41187 0.783439
41188 0.737739
41189 0.660048
41190 0.760255
41191 0.783449
41192 0.608329
41193 0.845198
41194 0.748178
41195 0.76105
41196 0.701934
41197 0.795087
41198 0.767453
41199 0.720393
41200 0.607181
41201 0.76676
41202 0.790138
41203 0.82937
41204 0.780164
41205 0.650203
41206 0.441929
41207 0.823388
41208 0.921152
41209 0.587447
41210 0.638331
41211 0.721056
41212 0.813961
41213 0.856645
41214 0.800484
41215 0.7526
41216 0.779558
41217 0.489151
41218 0.898345
41219 0.683171
41220 0.667044
41221 0.867238
41222 0.865081
41223 0.767037
41224 0.905413
41225 0.673497
41226 0.828839
41227 0.517853
41228 0.700983
41229 0.799764
41230 0.622032
41231 0.873411
41232 0.770609
41233 0.914035
41234 0.792637
41235 0.837761
41236 0.798764
41237 0.702949
41238 0.783552
41239 0.764584
41240 0.654985
41241 0.826765
41242 0.737884
41243 0.72404
41244 0.761757
41245 0.683476
41246 0.811744
41247 0.77841
41248 0.621552
41249 0.788661
41250 0.768746
41251 0.906072
41252 0.930261
41253 0.576524
41254 0.877367
41255 0.928199
41256 0.889128
41257 0.797388
41258 0.783384
41259 0.766434
41260 0.866907
41261 0.836481
41262 0.851524
41263 0.788558
41264 0.75516
41265 0.790671
41266 0.775058
41267 0.689147
41268 0.854413
41269 0.714952
41270 0.840924
41271 0.863903
41272 0.888612
41273 0.770999
41274 0.848682
41275 0.860385
41276 0.751442
41277 0.921124
41278 0.934483
41279 0.965024
41280 0.454056
41281 0.582002
41282 0.653046
41283 0.829243
41284 0.671146
41285 0.693919
41286 0.493698
41287 0.850883
41288 0.619143
41289 0.781314
41290 0.90653
41291 0.783339
41292 0.791697
41293 0.731963
41294 0.975616
41295 0.695809
41296 0.693624
41297 0.927889
41298 0.885064
41299 0.790172
41300 0.823074
41301 0.872149
41302 0.785401
41303 0.802905
41304 0.742156
41305 0.762375
41306 0.794777
41307 0.908986
41308 0.537585
41309 0.821852
41310 0.810691
41311 0.655528
41312 0.785093
41313 0.955171
41314 0.835292
41315 0.743552
41316 0.697468
41317 0.735545
41318 0.733877
41319 0.797745
41320 0.68647
41321 0.728616
41322 0.815598
41323 0.714628
41324 0.9586
41325 0.833711
41326 0.822506
41327 0.861654
41328 0.84842
41329 0.804655
41330 0.801873
41331 0.760771
41332 0.74661
41333 0.936246
41334 0.759625
41335 0.752954
41336 0.713404
41337 0.70983
41338 0.694928
41339 0.705622
41340 0.878034
41341 0.930282
41342 0.821359
41343 0.885392
41344 0.771823
41345 0.758557
41346 0.749359
41347 0.73423
41348 0.584994
41349 0.621134
41350 0.925729
41351 0.944864
41352 0.711191
41353 0.871069
41354 0.940367
41355 0.664506
41356 0.799574
41357 0.763538
41358 0.841189
41359 0.819015
41360 0.752537
41361 0.74028
41362 0.748918
41363 0.610837
41364 0.906367
41365 0.745786
41366 0.615914
41367 0.904636
41368 0.772677
41369 0.691404
41370 0.789712
41371 0.725634
41372 0.907286
41373 0.739
41374 0.778797
41375 0.911816
41376 0.828646
41377 0.78542
41378 0.844086
41379 0.973729
41380 0.821664
41381 0.651892
41382 0.942742
41383 0.690579
41384 0.919518
41385 0.903047
41386 0.926805
41387 0.901272
41388 0.943125
41389 0.909319
41390 0.884876
41391 0.865514
41392 0.797437
41393 0.766812
41394 0.936779
41395 0.772567
41396 0.738991
41397 0.725444
41398 0.893251
41399 0.737897
41400 0.767766
41401 0.812618
41402 0.753734
41403 0.573257
41404 0.902016
41405 0.816997
41406 0.798814
41407 0.907956
41408 0.863591
41409 0.816033
41410 0.802051
41411 0.751043
41412 0.720835
41413 0.738343
41414 0.867512
41415 0.928146
41416 0.750413
41417 0.77195
41418 0.871868
41419 0.792918
41420 0.717203
41421 0.760924
41422 0.766419
41423 0.820697
41424 0.835864
41425 0.784085
41426 0.807109
41427 0.748163
41428 0.845407
41429 0.798388
41430 0.938409
41431 0.922593
41432 0.848688
41433 0.692469
41434 0.921427
41435 0.806806
41436 0.760692
41437 0.8648
41438 0.903219
41439 0.788798
41440 0.879422
41441 0.803797
41442 0.62897
41443 0.950866
41444 0.840784
41445 0.933679
41446 0.721181
41447 0.842461
41448 0.787059
41449 0.70182
41450 0.733975
41451 0.9405
41452 0.77024
41453 0.705224
41454 0.679457
41455 0.708725
41456 0.685764
41457 0.73377
41458 0.650536
41459 0.785866
41460 0.979704
41461 0.914338
41462 0.693447
41463 0.944477
41464 0.916258
41465 0.883235
41466 0.821078
41467 0.848963
41468 0.855484
41469 0.764212
41470 0.820917
41471 0.951043
41472 0.816506
41473 0.706476
41474 0.827325
41475 0.745474
41476 0.627728
41477 0.661788
41478 0.684175
41479 0.790268
41480 0.793274
41481 0.689388
41482 0.785277
41483 0.63371
41484 0.977646
41485 0.734408
41486 0.830862
41487 0.91616
41488 0.820591
41489 0.817951
41490 0.855743
41491 0.774972
41492 0.710219
41493 0.665359
41494 0.863983
41495 0.738259
41496 0.657583
41497 0.567897
41498 0.683485
41499 0.737621
41500 0.785579
41501 0.669645
41502 0.625801
41503 0.717001
41504 0.78669
41505 0.781524
41506 0.742138
41507 0.669873
41508 0.642695
41509 0.81136
41510 0.708196
41511 0.804436
41512 0.914931
41513 0.772145
41514 0.964238
41515 0.91983
41516 0.863076
41517 0.87193
41518 0.813626
41519 0.918422
41520 0.879696
41521 0.756676
41522 0.66607
41523 0.930784
41524 0.803385
41525 0.766629
41526 0.864289
41527 0.681986
41528 0.757939
41529 0.699706
41530 0.856277
41531 0.728919
41532 0.723438
41533 0.716864
41534 0.851377
41535 0.775664
41536 0.798998
41537 0.612402
41538 0.732451
41539 0.883684
41540 0.660966
41541 0.687005
41542 0.896181
41543 0.810239
41544 0.702174
41545 0.671546
41546 0.736276
41547 0.867559
41548 0.655047
41549 0.712531
41550 0.710984
41551 0.809382
41552 0.827569
41553 0.96773
41554 0.956147
41555 0.871496
41556 0.926503
41557 0.930807
41558 0.771813
41559 0.841689
41560 0.865619
41561 0.790901
41562 0.767569
41563 0.797096
41564 0.859422
41565 0.817165
41566 0.693811
41567 0.677498
41568 0.723874
41569 0.871648
41570 0.71378
41571 0.53024
41572 0.828625
41573 0.660147
41574 0.727306
41575 0.85025
41576 0.730044
41577 0.753898
41578 0.834355
41579 0.919497
41580 0.775975
41581 0.62608
41582 0.901695
41583 0.691902
41584 0.701449
41585 0.681597
41586 0.780212
41587 0.692768
41588 0.825904
41589 0.723741
41590 0.890326
41591 0.851175
41592 0.778206
41593 0.700852
41594 0.674167
41595 0.657856
41596 0.616169
41597 0.825276
41598 0.783434
41599 0.747175
41600 0.804333
41601 0.653071
41602 0.679774
41603 0.739198
41604 0.766028
41605 0.743229
41606 0.772801
41607 0.735657
41608 0.884705
41609 0.927008
41610 0.712913
41611 0.786159
41612 0.707817
41613 0.728004
41614 0.696475
41615 0.74097
41616 0.77318
41617 0.680686
41618 0.852497
41619 0.859451
41620 0.808937
41621 0.616009
41622 0.916095
41623 0.671703
41624 0.690447
41625 0.671108
41626 0.734701
41627 0.617125
41628 0.728412
41629 0.713234
41630 0.83728
41631 0.774104
41632 0.860976
41633 0.84061
41634 0.697396
41635 0.797913
41636 0.715395
41637 0.757335
41638 0.686436
41639 0.892941
41640 0.841023
41641 0.875337
41642 0.88946
41643 0.903136
41644 0.848793
41645 0.870488
41646 0.708683
41647 0.971281
41648 0.702743
41649 0.855951
41650 0.76148
41651 0.877536
41652 0.883342
41653 0.94175
41654 0.940576
41655 0.797606
41656 0.770573
41657 0.779217
41658 0.836785
41659 0.597478
41660 0.677967
41661 0.604876
41662 0.598902
41663 0.658206
41664 0.799461
41665 0.805946
41666 0.624848
41667 0.782018
41668 0.839764
41669 0.797137
41670 0.815266
41671 0.810544
41672 0.844546
41673 0.789991
41674 0.792788
41675 0.772213
41676 0.897625
41677 0.644772
41678 0.899039
41679 0.717785
41680 0.921812
41681 0.900237
41682 0.785607
41683 0.741881
41684 0.743395
41685 0.790797
41686 0.751784
41687 0.766456
41688 0.738827
41689 0.674094
41690 0.790334
41691 0.719517
41692 0.775036
41693 0.851969
41694 0.70582
41695 0.810621
41696 0.835379
41697 0.881776
41698 0.630635
41699 0.838752
41700 0.853873
41701 0.819784
41702 0.702008
41703 0.859391
41704 0.979335
41705 0.68213
41706 0.782591
41707 0.576092
41708 0.803216
41709 0.945331
41710 0.597806
41711 0.816979
41712 0.687143
41713 0.775432
41714 0.730166
41715 0.805868
41716 0.833875
41717 0.857519
41718 0.824967
41719 0.792593
41720 0.723754
41721 0.699336
41722 0.666421
41723 0.663604
41724 0.684333
41725 0.743643
41726 0.809525
41727 0.737459
41728 0.75246
41729 0.684908
41730 0.624925
41731 0.632004
41732 0.641703
41733 0.892416
41734 0.893036
41735 0.615085
41736 0.897403
41737 0.835618
41738 0.658769
41739 0.693106
41740 0.915898
41741 0.847548
41742 0.957104
41743 0.790581
41744 0.985884
41745 0.793998
41746 0.809566
41747 0.81891
41748 0.694745
41749 0.807416
41750 0.745409
41751 0.827306
41752 0.755091
41753 0.87474
41754 0.693603
41755 0.627889
41756 0.736796
41757 0.884923
41758 0.911162
41759 0.950097
41760 0.770169
41761 0.690223
41762 0.867489
41763 0.681999
41764 0.89885
41765 0.896277
41766 0.895955
41767 0.946853
41768 0.671784
41769 0.799922
41770 0.806404
41771 0.767334
41772 0.684416
41773 0.958347
41774 0.897273
41775 0.867271
41776 0.932624
41777 0.85611
41778 0.905466
41779 0.728139
41780 0.921386
41781 0.68079
41782 0.744372
41783 0.743286
41784 0.939141
41785 0.828611
41786 0.808733
41787 0.742156
41788 0.733879
41789 0.650061
41790 0.658637
41791 0.585862
41792 0.792081
41793 0.77233
41794 0.70624
41795 0.671319
41796 0.822668
41797 0.66904
41798 0.631806
41799 0.719683
41800 0.722099
41801 0.776037
41802 0.817209
41803 0.795011
41804 0.650617
41805 0.769217
41806 0.614997
41807 0.801431
41808 0.755558
41809 0.699411
41810 0.828549
41811 0.811138
41812 0.757441
41813 0.63419
41814 0.753944
41815 0.784445
41816 0.795957
41817 0.751575
41818 0.914803
41819 0.762902
41820 0.706666
41821 0.686256
41822 0.874743
41823 0.792407
41824 0.939329
41825 0.734636
41826 0.778171
41827 0.693715
41828 0.67004
41829 0.786517
41830 0.853056
41831 0.974458
41832 0.7017
41833 0.786602
41834 0.760741
41835 0.75074
41836 0.821268
41837 0.729977
41838 0.949038
41839 0.803013
41840 0.880689
41841 0.713665
41842 0.793656
41843 0.901297
41844 0.952156
41845 0.770852
41846 0.812768
41847 0.93717
41848 0.754559
41849 0.953683
41850 0.927378
41851 0.913463
41852 0.954375
41853 0.87816
41854 0.865797
41855 0.900468
41856 0.733702
41857 0.869121
41858 0.783118
41859 0.672839
41860 0.706936
41861 0.885808
41862 0.732325
41863 0.702456
41864 0.903765
41865 0.887741
41866 0.787916
41867 0.709171
41868 0.74848
41869 0.886536
41870 0.82912
41871 0.847249
41872 0.886959
41873 0.976058
41874 0.535209
41875 0.913031
41876 0.916259
41877 0.820043
41878 0.917951
41879 0.658279
41880 0.873395
41881 0.732253
41882 0.692607
41883 0.785432
41884 0.846509
41885 0.696957
41886 0.69412
41887 0.828525
41888 0.870532
41889 0.813994
41890 0.74288
41891 0.751843
41892 0.871801
41893 0.745037
41894 0.756179
41895 0.81438
41896 0.704614
41897 0.852297
41898 0.830761
41899 0.89687
41900 0.873825
41901 0.734994
41902 0.757918
41903 0.641817
41904 0.805276
41905 0.960436
41906 0.718397
41907 0.926867
41908 0.746113
41909 0.821643
41910 0.880707
41911 0.939947
41912 0.888748
41913 0.952032
41914 0.787212
41915 0.886786
41916 0.879165
41917 0.538364
41918 0.800094
41919 0.857809
41920 0.951364
41921 0.859594
41922 0.756174
41923 0.872126
41924 0.80618
41925 0.738152
41926 0.828221
41927 0.816221
41928 0.838911
41929 0.6718
41930 0.794571
41931 0.781753
41932 0.753776
41933 0.809094
41934 0.74676
41935 0.762962
41936 0.691991
41937 0.708154
41938 0.666204
41939 0.828913
41940 0.754252
41941 0.81377
41942 0.763255
41943 0.634965
41944 0.881775
41945 0.787996
41946 0.771427
41947 0.749596
41948 0.762075
41949 0.904022
41950 0.741955
41951 0.886285
41952 0.728638
41953 0.937954
41954 0.919492
41955 0.898874
41956 0.980826
41957 0.870405
41958 0.551734
41959 0.730991
41960 0.744871
41961 0.679943
41962 0.770165
41963 0.756294
41964 0.785265
41965 0.571237
41966 0.746043
41967 0.686761
41968 0.818275
41969 0.807767
41970 0.771137
41971 0.824112
41972 0.796001
41973 0.845438
41974 0.789507
41975 0.740353
41976 0.712339
41977 0.904569
41978 0.744137
41979 0.804349
41980 0.943669
41981 0.742172
41982 0.769608
41983 0.902731
41984 0.654274
41985 0.82483
41986 0.645053
41987 0.872654
41988 0.954392
41989 0.737276
41990 0.957173
41991 0.83037
41992 0.674146
41993 0.67486
41994 0.86402
41995 0.768911
41996 0.757354
41997 0.867023
41998 0.924594
41999 0.633533
42000 0.904908
42001 0.900743
42002 0.640999
42003 0.825309
42004 0.744896
42005 0.805625
42006 0.756169
42007 0.858923
42008 0.896226
42009 0.779144
42010 0.723353
42011 0.746435
42012 0.813997
42013 0.920566
42014 0.765391
42015 0.750185
42016 0.697315
42017 0.837208
42018 0.691163
42019 0.706309
42020 0.946682
42021 0.90199
42022 0.966345
42023 0.773953
42024 0.874656
42025 0.654471
42026 0.747899
42027 0.769864
42028 0.860375
42029 0.790701
42030 0.577461
42031 0.80444
42032 0.813293
42033 0.779011
42034 0.687442
42035 0.817201
42036 0.790131
42037 0.836432
42038 0.832368
42039 0.89743
42040 0.847777
42041 0.892946
42042 0.836572
42043 0.962741
42044 0.890844
42045 0.930133
42046 0.79967
42047 0.768474
42048 0.764838
42049 0.78633
42050 0.813085
42051 0.783985
42052 0.854212
42053 0.750894
42054 0.874919
42055 0.743623
42056 0.762529
42057 0.841808
42058 0.734999
42059 0.961713
42060 0.728941
42061 0.95365
42062 0.893055
42063 0.732656
42064 0.932525
42065 0.734778
42066 0.741189
42067 0.815966
42068 0.784931
42069 0.905558
42070 0.924573
42071 0.869055
42072 0.966285
42073 0.743611
42074 0.737622
42075 0.818767
42076 0.94314
42077 0.680382
42078 0.728861
42079 0.904927
42080 0.81077
42081 0.934696
42082 0.787615
42083 0.8815
42084 0.804149
42085 0.837818
42086 0.75514
42087 0.765832
42088 0.949839
42089 0.956944
42090 0.872063
42091 0.902429
42092 0.759172
42093 0.874121
42094 0.953915
42095 0.912945
42096 0.910409
42097 0.900493
42098 0.855176
42099 0.948111
42100 0.852843
42101 0.853623
42102 0.890755
42103 0.878466
42104 0.939621
42105 0.944997
42106 0.845091
42107 0.957826
42108 0.658008
42109 0.943408
42110 0.935984
42111 0.860416
42112 0.905374
42113 0.852183
42114 0.759609
42115 0.935792
42116 0.863247
42117 0.834869
42118 0.593644
42119 0.631969
42120 0.559986
42121 0.678837
42122 0.851089
42123 0.816555
42124 0.798683
42125 0.746436
42126 0.775618
42127 0.767237
42128 0.806037
42129 0.802629
42130 0.831511
42131 0.608784
42132 0.839767
42133 0.618361
42134 0.743019
42135 0.795237
42136 0.816022
42137 0.922624
42138 0.837688
42139 0.698076
42140 0.786808
42141 0.831242
42142 0.857677
42143 0.973433
42144 0.895971
42145 0.624004
42146 0.709728
42147 0.812079
42148 0.871498
42149 0.946493
42150 0.94262
42151 0.898935
42152 0.929083
42153 0.968773
42154 0.786795
42155 0.759316
42156 0.846535
42157 0.777955
42158 0.807774
42159 0.978483
42160 0.949296
42161 0.946968
42162 0.837739
42163 0.778357
42164 0.835621
42165 0.916989
42166 0.838007
42167 0.826521
42168 0.775777
42169 0.829951
42170 0.825564
42171 0.818133
42172 0.90664
42173 0.736611
42174 0.758728
42175 0.936811
42176 0.675532
42177 0.858738
42178 0.627296
42179 0.712373
42180 0.969901
42181 0.735706
42182 0.822429
42183 0.673223
42184 0.775455
42185 0.816853
42186 0.705078
42187 0.831689
42188 0.787934
42189 0.916502
42190 0.758702
42191 0.905518
42192 0.834339
42193 0.724629
42194 0.880133
42195 0.692346
42196 0.732542
42197 0.915597
42198 0.738175
42199 0.887938
42200 0.885678
42201 0.907031
42202 0.77522
42203 0.801331
42204 0.856803
42205 0.688914
42206 0.699208
42207 0.853797
42208 0.775506
42209 0.750126
42210 0.818433
42211 0.646985
42212 0.667424
42213 0.878929
42214 0.621114
42215 0.872884
42216 0.739842
42217 0.74241
42218 0.752279
42219 0.751961
42220 0.772152
42221 0.741209
42222 0.811953
42223 0.724275
42224 0.646615
42225 0.851768
42226 0.795927
42227 0.885426
42228 0.80211
42229 0.851796
42230 0.837936
42231 0.813178
42232 0.781819
42233 0.719256
42234 0.697007
42235 0.724158
42236 0.569439
42237 0.662534
42238 0.842588
42239 0.849247
42240 0.951357
42241 0.58489
42242 0.920038
42243 0.737963
42244 0.947895
42245 0.940392
42246 0.954415
42247 0.741167
42248 0.826494
42249 0.810929
42250 0.751856
42251 0.812074
42252 0.906399
42253 0.866803
42254 0.697533
42255 0.764044
42256 0.859217
42257 0.810224
42258 0.70995
42259 0.769031
42260 0.649449
42261 0.878243
42262 0.824824
42263 0.797377
42264 0.648792
42265 0.572729
42266 0.985873
42267 0.85937
42268 0.855463
42269 0.738877
42270 0.938073
42271 0.864559
42272 0.699466
42273 0.759554
42274 0.81778
42275 0.613897
42276 0.870744
42277 0.820868
42278 0.863389
42279 0.819273
42280 0.965094
42281 0.750009
42282 0.975048
42283 0.694924
42284 0.82673
42285 0.557106
42286 0.770939
42287 0.678738
42288 0.888305
42289 0.819809
42290 0.783035
42291 0.829188
42292 0.70782
42293 0.691273
42294 0.72129
42295 0.763365
42296 0.774253
42297 0.642717
42298 0.725093
42299 0.735203
42300 0.707891
42301 0.81907
42302 0.740544
42303 0.662646
42304 0.901068
42305 0.73736
42306 0.6662
42307 0.809991
42308 0.651623
42309 0.594173
42310 0.627927
42311 0.521415
42312 0.709696
42313 0.762599
42314 0.748894
42315 0.740472
42316 0.730024
42317 0.833933
42318 0.888089
42319 0.725278
42320 0.904596
42321 0.773269
42322 0.709052
42323 0.924577
42324 0.901051
42325 0.669794
42326 0.780071
42327 0.81512
42328 0.760566
42329 0.833181
42330 0.865339
42331 0.765141
42332 0.803385
42333 0.632397
42334 0.951094
42335 0.899195
42336 0.826858
42337 0.677763
42338 0.897663
42339 0.83156
42340 0.883045
42341 0.899633
42342 0.949277
42343 0.868378
42344 0.882907
42345 0.739383
42346 0.648865
42347 0.743285
42348 0.91055
42349 0.871682
42350 0.749873
42351 0.813025
42352 0.715299
42353 0.787886
42354 0.622746
42355 0.689091
42356 0.709954
42357 0.705219
42358 0.652964
42359 0.767516
42360 0.725546
42361 0.963227
42362 0.806091
42363 0.832312
42364 0.859416
42365 0.829832
42366 0.757183
42367 0.781627
42368 0.903492
42369 0.772191
42370 0.751186
42371 0.731437
42372 0.744305
42373 0.765518
42374 0.800161
42375 0.667559
42376 0.579593
42377 0.770891
42378 0.832833
42379 0.839947
42380 0.859248
42381 0.786198
42382 0.848709
42383 0.884416
42384 0.932679
42385 0.854669
42386 0.602734
42387 0.857963
42388 0.917804
42389 0.790263
42390 0.792308
42391 0.684694
42392 0.778786
42393 0.702463
42394 0.611759
42395 0.915596
42396 0.71701
42397 0.789005
42398 0.733841
42399 0.816375
42400 0.817781
42401 0.885911
42402 0.58138
42403 0.774717
42404 0.55078
42405 0.645945
42406 0.846499
42407 0.764693
42408 0.677166
42409 0.637744
42410 0.754643
42411 0.669931
42412 0.608981
42413 0.916384
42414 0.593991
42415 0.834186
42416 0.663562
42417 0.678791
42418 0.93492
42419 0.704822
42420 0.932604
42421 0.889493
42422 0.718922
42423 0.913365
42424 0.834624
42425 0.843032
42426 0.698299
42427 0.883882
42428 0.827561
42429 0.779288
42430 0.746177
42431 0.77462
42432 0.806753
42433 0.673423
42434 0.702049
42435 0.76144
42436 0.672341
42437 0.695398
42438 0.722152
42439 0.808724
42440 0.706063
42441 0.875661
42442 0.838614
42443 0.8179
42444 0.925596
42445 0.765635
42446 0.724884
42447 0.772038
42448 0.823613
42449 0.924615
42450 0.918806
42451 0.823103
42452 0.892194
42453 0.925727
42454 0.809599
42455 0.788362
42456 0.707664
42457 0.821961
42458 0.825905
42459 0.972828
42460 0.700986
42461 0.906289
42462 0.908748
42463 0.903727
42464 0.923178
42465 0.790218
42466 0.711154
42467 0.795521
42468 0.838775
42469 0.711584
42470 0.692203
42471 0.843043
42472 0.901866
42473 0.95812
42474 0.820995
42475 0.859864
42476 0.805861
42477 0.796662
42478 0.684707
42479 0.858267
42480 0.83891
42481 0.783079
42482 0.644802
42483 0.637654
42484 0.785478
42485 0.601159
42486 0.624413
42487 0.645733
42488 0.978618
42489 0.688661
42490 0.734315
42491 0.847764
42492 0.70263
42493 0.592379
42494 0.597705
42495 0.673414
42496 0.968311
42497 0.774729
42498 0.594924
42499 0.674696
42500 0.610357
42501 0.651932
42502 0.914329
42503 0.575472
42504 0.850276
42505 0.624845
42506 0.772101
42507 0.564727
42508 0.675703
42509 0.767082
42510 0.832007
42511 0.84752
42512 0.60079
42513 0.972491
42514 0.797295
42515 0.91286
42516 0.937263
42517 0.911071
42518 0.924798
42519 0.939906
42520 0.973471
42521 0.894954
42522 0.843006
42523 0.821051
42524 0.879149
42525 0.884697
42526 0.9246
42527 0.93062
42528 0.594433
42529 0.832702
42530 0.694663
42531 0.89176
42532 0.886419
42533 0.82931
42534 0.889181
42535 0.926888
42536 0.913971
42537 0.836414
42538 0.789958
42539 0.848438
42540 0.931643
42541 0.748878
42542 0.647723
42543 0.616876
42544 0.618748
42545 0.787693
42546 0.756514
42547 0.838236
42548 0.750718
42549 0.953011
42550 0.758966
42551 0.832831
42552 0.79859
42553 0.899494
42554 0.801663
42555 0.668563
42556 0.74865
42557 0.66527
42558 0.757974
42559 0.900117
42560 0.661111
42561 0.6235
42562 0.690346
42563 0.602173
42564 0.606225
42565 0.762069
42566 0.891558
42567 0.893788
42568 0.638216
42569 0.970216
42570 0.503237
42571 0.796749
42572 0.703071
42573 0.811198
42574 0.789708
42575 0.882955
42576 0.672531
42577 0.887229
42578 0.678062
42579 0.828479
42580 0.75461
42581 0.884443
42582 0.829135
42583 0.852425
42584 0.899241
42585 0.945536
42586 0.841658
42587 0.791929
42588 0.814385
42589 0.848949
42590 0.861242
42591 0.479467
42592 0.593201
42593 0.760205
42594 0.993373
42595 0.683262
42596 0.881438
42597 0.717405
42598 0.967812
42599 0.771935
42600 0.767742
42601 0.76884
42602 0.710454
42603 0.819543
42604 0.650382
42605 0.756615
42606 0.843822
42607 0.783907
42608 0.817019
42609 0.558865
42610 0.689209
42611 0.763109
42612 0.78767
42613 0.817645
42614 0.784906
42615 0.942998
42616 0.737381
42617 0.818848
42618 0.659882
42619 0.680473
42620 0.671466
42621 0.758739
42622 0.788592
42623 0.728614
42624 0.786964
42625 0.788475
42626 0.893752
42627 0.947826
42628 0.844187
42629 0.822222
42630 0.723525
42631 0.655358
42632 0.646995
42633 0.884875
42634 0.84643
42635 0.82185
42636 0.865823
42637 0.942273
42638 0.890343
42639 0.820127
42640 0.707979
42641 0.888518
42642 0.853228
42643 0.814476
42644 0.798357
42645 0.964587
42646 0.613596
42647 0.808445
42648 0.960584
42649 0.891321
42650 0.540844
42651 0.892897
42652 0.94391
42653 0.944835
42654 0.731727
42655 0.907564
42656 0.862909
42657 0.879004
42658 0.909177
42659 0.835381
42660 0.93748
42661 0.964245
42662 0.875082
42663 0.845081
42664 0.636182
42665 0.775229
42666 0.901071
42667 0.507774
42668 0.657904
42669 0.877877
42670 0.758015
42671 0.706706
42672 0.828142
42673 0.655718
42674 0.816427
42675 0.725022
42676 0.793223
42677 0.710142
42678 0.717071
42679 0.658711
42680 0.68368
42681 0.770712
42682 0.733103
42683 0.752848
42684 0.732084
42685 0.831976
42686 0.799822
42687 0.689543
42688 0.726387
42689 0.682838
42690 0.74732
42691 0.896957
42692 0.749942
42693 0.696483
42694 0.762206
42695 0.755912
42696 0.77565
42697 0.811264
42698 0.761998
42699 0.823885
42700 0.774521
42701 0.621034
42702 0.926484
42703 0.882889
42704 0.706033
42705 0.905796
42706 0.80451
42707 0.922515
42708 0.913095
42709 0.727876
42710 0.890803
42711 0.797574
42712 0.788885
42713 0.803077
42714 0.924376
42715 0.796359
42716 0.821951
42717 0.961212
42718 0.963506
42719 0.796118
42720 0.638514
42721 0.768373
42722 0.873352
42723 0.94996
42724 0.774631
42725 0.9433
42726 0.693238
42727 0.804284
42728 0.953334
42729 0.885606
42730 0.966621
42731 0.95188
42732 0.862933
42733 0.767663
42734 0.792277
42735 0.852593
42736 0.883559
42737 0.894607
42738 0.697729
42739 0.731852
42740 0.832084
42741 0.857597
42742 0.626358
42743 0.69964
42744 0.53418
42745 0.612359
42746 0.735989
42747 0.708633
42748 0.738826
42749 0.924439
42750 0.797679
42751 0.734847
42752 0.797208
42753 0.820302
42754 0.77268
42755 0.961487
42756 0.891172
42757 0.870948
42758 0.825316
42759 0.586842
42760 0.771441
42761 0.839312
42762 0.599973
42763 0.87181
42764 0.639207
42765 0.665013
42766 0.683299
42767 0.74105
42768 0.765339
42769 0.722612
42770 0.974566
42771 0.865487
42772 0.576825
42773 0.893062
42774 0.829569
42775 0.715276
42776 0.88422
42777 0.698099
42778 0.786571
42779 0.724345
42780 0.717554
42781 0.817899
42782 0.608108
42783 0.680587
42784 0.69086
42785 0.625721
42786 0.755473
42787 0.625364
42788 0.701642
42789 0.752488
42790 0.636804
42791 0.782577
42792 0.721364
42793 0.773737
42794 0.693495
42795 0.710684
42796 0.732844
42797 0.688799
42798 0.725275
42799 0.682889
42800 0.9292
42801 0.646313
42802 0.659217
42803 0.951551
42804 0.744157
42805 0.780535
42806 0.894623
42807 0.810195
42808 0.762939
42809 0.705163
42810 0.748501
42811 0.852373
42812 0.761494
42813 0.930903
42814 0.800566
42815 0.721494
42816 0.710774
42817 0.872948
42818 0.818419
42819 0.636019
42820 0.921981
42821 0.799799
42822 0.85743
42823 0.830378
42824 0.73953
42825 0.806613
42826 0.759704
42827 0.765741
42828 0.748125
42829 0.859265
42830 0.572194
42831 0.757361
42832 0.830583
42833 0.737214
42834 0.652884
42835 0.794486
42836 0.709765
42837 0.75301
42838 0.741039
42839 0.909486
42840 0.80932
42841 0.775739
42842 0.695737
42843 0.771433
42844 0.858075
42845 0.985294
42846 0.787314
42847 0.857765
42848 0.731535
42849 0.768149
42850 0.661062
42851 0.824856
42852 0.695673
42853 0.838912
42854 0.767511
42855 0.820162
42856 0.944197
42857 0.959081
42858 0.986574
42859 0.924956
42860 0.916427
42861 0.861822
42862 0.800314
42863 0.744819
42864 0.776232
42865 0.585295
42866 0.854091
42867 0.807271
42868 0.622411
42869 0.652135
42870 0.740812
42871 0.92624
42872 0.830975
42873 0.71552
42874 0.818229
42875 0.895707
42876 0.782121
42877 0.7219
42878 0.724172
42879 0.753734
42880 0.699246
42881 0.645568
42882 0.717324
42883 0.566295
42884 0.773987
42885 0.760676
42886 0.664976
42887 0.659938
42888 0.681192
42889 0.742534
42890 0.673037
42891 0.768671
42892 0.772657
42893 0.671494
42894 0.797216
42895 0.804111
42896 0.718225
42897 0.818708
42898 0.695609
42899 0.961623
42900 0.740094
42901 0.7123
42902 0.906085
42903 0.797968
42904 0.889613
42905 0.764204
42906 0.919305
42907 0.881616
42908 0.767317
42909 0.767886
42910 0.864135
42911 0.899211
42912 0.738401
42913 0.84219
42914 0.813411
42915 0.888734
42916 0.817291
42917 0.913079
42918 0.890924
42919 0.833353
42920 0.894486
42921 0.933371
42922 0.875266
42923 0.776946
42924 0.72641
42925 0.853921
42926 0.707569
42927 0.768354
42928 0.802751
42929 0.691501
42930 0.871465
42931 0.696856
42932 0.782175
42933 0.898802
42934 0.838319
42935 0.820358
42936 0.613822
42937 0.763234
42938 0.876076
42939 0.825726
42940 0.712041
42941 0.731832
42942 0.721307
42943 0.94352
42944 0.825991
42945 0.919897
42946 0.914052
42947 0.78029
42948 0.867474
42949 0.709933
42950 0.735205
42951 0.812188
42952 0.770536
42953 0.838207
42954 0.785286
42955 0.659861
42956 0.824589
42957 0.683224
42958 0.680672
42959 0.766441
42960 0.738065
42961 0.841613
42962 0.668341
42963 0.88034
42964 0.581895
42965 0.899019
42966 0.943739
42967 0.795248
42968 0.886211
42969 0.808612
42970 0.784099
42971 0.716008
42972 0.836284
42973 0.859458
42974 0.95273
42975 0.80331
42976 0.824163
42977 0.784369
42978 0.90603
42979 0.838219
42980 0.81585
42981 0.758149
42982 0.770177
42983 0.756134
42984 0.74991
42985 0.768622
42986 0.848695
42987 0.879182
42988 0.953012
42989 0.9371
42990 0.751188
42991 0.915834
42992 0.977122
42993 0.882024
42994 0.941966
42995 0.905326
42996 0.742592
42997 0.730681
42998 0.911039
42999 0.790422
43000 0.90892
43001 0.794012
43002 0.906505
43003 0.959047
43004 0.741845
43005 0.814085
43006 0.740646
43007 0.821169
43008 0.794275
43009 0.755423
43010 0.856998
43011 0.867912
43012 0.872702
43013 0.859536
43014 0.894085
43015 0.948861
43016 0.833334
43017 0.840774
43018 0.628401
43019 0.554664
43020 0.803092
43021 0.580743
43022 0.703371
43023 0.677034
43024 0.75346
43025 0.826882
43026 0.741232
43027 0.635628
43028 0.48522
43029 0.813558
43030 0.67576
43031 0.773298
43032 0.864798
43033 0.8342
43034 0.883086
43035 0.632188
43036 0.605307
43037 0.746382
43038 0.673135
43039 0.671792
43040 0.737983
43041 0.720028
43042 0.733339
43043 0.769337
43044 0.670319
43045 0.77075
43046 0.724509
43047 0.757641
43048 0.590891
43049 0.965293
43050 0.738458
43051 0.652374
43052 0.833967
43053 0.910215
43054 0.734165
43055 0.745164
43056 0.802965
43057 0.648055
43058 0.777893
43059 0.809655
43060 0.853707
43061 0.873439
43062 0.716937
43063 0.896763
43064 0.941888
43065 0.898635
43066 0.818483
43067 0.780411
43068 0.873773
43069 0.71134
43070 0.794105
43071 0.671088
43072 0.833606
43073 0.699891
43074 0.854059
43075 0.727822
43076 0.718077
43077 0.805007
43078 0.846284
43079 0.766158
43080 0.899219
43081 0.881715
43082 0.631609
43083 0.861059
43084 0.860241
43085 0.738864
43086 0.765798
43087 0.87964
43088 0.773332
43089 0.809477
43090 0.6619
43091 0.793602
43092 0.71615
43093 0.84887
43094 0.81009
43095 0.942542
43096 0.689566
43097 0.732306
43098 0.770874
43099 0.68497
43100 0.762871
43101 0.693328
43102 0.754861
43103 0.823609
43104 0.799559
43105 0.864203
43106 0.825882
43107 0.794402
43108 0.648732
43109 0.880453
43110 0.8313
43111 0.859304
43112 0.730702
43113 0.674097
43114 0.553029
43115 0.752133
43116 0.855844
43117 0.698011
43118 0.646789
43119 0.915422
43120 0.616412
43121 0.754999
43122 0.793362
43123 0.603316
43124 0.814952
43125 0.809406
43126 0.743064
43127 0.749544
43128 0.788159
43129 0.899342
43130 0.863613
43131 0.796969
43132 0.70618
43133 0.740353
43134 0.897285
43135 0.751047
43136 0.765763
43137 0.771696
43138 0.940189
43139 0.841571
43140 0.897644
43141 0.827417
43142 0.733743
43143 0.662508
43144 0.880468
43145 0.820324
43146 0.667201
43147 0.628806
43148 0.696024
43149 0.794839
43150 0.810524
43151 0.729966
43152 0.764141
43153 0.889807
43154 0.818966
43155 0.841171
43156 0.761177
43157 0.759984
43158 0.733577
43159 0.855668
43160 0.829855
43161 0.882082
43162 0.753991
43163 0.824687
43164 0.730822
43165 0.940307
43166 0.600067
43167 0.908492
43168 0.771843
43169 0.87608
43170 0.90344
43171 0.893909
43172 0.927337
43173 0.935917
43174 0.927422
43175 0.921771
43176 0.586947
43177 0.938781
43178 0.765499
43179 0.649015
43180 0.795605
43181 0.730804
43182 0.6549
43183 0.842657
43184 0.824493
43185 0.908331
43186 0.879019
43187 0.80354
43188 0.790465
43189 0.704666
43190 0.866285
43191 0.82765
43192 0.883682
43193 0.866488
43194 0.656556
43195 0.649982
43196 0.709957
43197 0.702074
43198 0.734009
43199 0.730937
43200 0.676778
43201 0.61705
43202 0.947122
43203 0.941934
43204 0.874572
43205 0.91498
43206 0.78645
43207 0.705742
43208 0.662497
43209 0.742517
43210 0.883761
43211 0.807794
43212 0.669006
43213 0.854777
43214 0.728188
43215 0.756917
43216 0.779947
43217 0.942343
43218 0.894642
43219 0.593172
43220 0.666961
43221 0.598436
43222 0.836157
43223 0.689432
43224 0.864353
43225 0.732819
43226 0.673399
43227 0.75134
43228 0.733462
43229 0.776672
43230 0.971888
43231 0.869377
43232 0.654666
43233 0.718735
43234 0.713137
43235 0.814754
43236 0.781955
43237 0.604582
43238 0.680039
43239 0.925419
43240 0.966598
43241 0.724273
43242 0.670443
43243 0.663667
43244 0.780164
43245 0.695316
43246 0.618861
43247 0.817123
43248 0.830421
43249 0.710045
43250 0.807579
43251 0.804406
43252 0.756033
43253 0.767522
43254 0.633972
43255 0.661955
43256 0.663573
43257 0.676496
43258 0.824793
43259 0.767068
43260 0.713396
43261 0.686766
43262 0.692637
43263 0.683624
43264 0.794733
43265 0.459083
43266 0.699302
43267 0.731763
43268 0.709168
43269 0.762976
43270 0.709646
43271 0.704644
43272 0.688403
43273 0.705652
43274 0.818987
43275 0.857676
43276 0.666958
43277 0.734494
43278 0.766158
43279 0.823602
43280 0.929809
43281 0.847799
43282 0.689639
43283 0.777679
43284 0.68876
43285 0.719706
43286 0.734223
43287 0.765396
43288 0.537781
43289 0.72675
43290 0.676274
43291 0.825276
43292 0.739601
43293 0.761464
43294 0.765793
43295 0.695429
43296 0.767829
43297 0.694785
43298 0.575263
43299 0.732269
43300 0.657429
43301 0.764728
43302 0.819806
43303 0.7576
43304 0.748361
43305 0.740028
43306 0.775709
43307 0.892257
43308 0.814844
43309 0.664961
43310 0.661313
43311 0.797359
43312 0.891423
43313 0.721352
43314 0.717134
43315 0.817818
43316 0.795241
43317 0.599425
43318 0.774444
43319 0.842121
43320 0.611823
43321 0.637058
43322 0.714879
43323 0.853195
43324 0.666852
43325 0.877025
43326 0.811664
43327 0.984458
43328 0.888214
43329 0.811373
43330 0.919442
43331 0.708345
43332 0.827671
43333 0.607195
43334 0.66348
43335 0.699191
43336 0.723119
43337 0.883804
43338 0.691981
43339 0.778072
43340 0.791452
43341 0.879467
43342 0.727111
43343 0.759107
43344 0.592658
43345 0.693998
43346 0.727566
43347 0.750002
43348 0.666783
43349 0.790865
43350 0.672061
43351 0.698923
43352 0.677425
43353 0.731615
43354 0.774024
43355 0.922434
43356 0.739987
43357 0.897556
43358 0.687291
43359 0.575794
43360 0.777222
43361 0.776429
43362 0.791588
43363 0.760583
43364 0.883733
43365 0.745254
43366 0.762906
43367 0.789014
43368 0.602141
43369 0.743092
43370 0.741724
43371 0.760246
43372 0.555282
43373 0.754677
43374 0.69419
43375 0.834896
43376 0.602309
43377 0.741621
43378 0.618152
43379 0.684546
43380 0.727947
43381 0.741159
43382 0.451656
43383 0.756696
43384 0.585704
43385 0.766842
43386 0.700315
43387 0.765448
43388 0.674853
43389 0.785153
43390 0.691324
43391 0.620292
43392 0.645237
43393 0.720303
43394 0.882142
43395 0.65365
43396 0.701664
43397 0.765099
43398 0.838752
43399 0.78691
43400 0.834554
43401 0.745682
43402 0.671536
43403 0.686103
43404 0.690913
43405 0.660735
43406 0.629449
43407 0.575036
43408 0.788405
43409 0.712938
43410 0.661179
43411 0.722864
43412 0.615499
43413 0.655866
43414 0.774935
43415 0.669808
43416 0.654543
43417 0.773733
43418 0.799318
43419 0.774457
43420 0.907822
43421 0.803299
43422 0.73334
43423 0.923441
43424 0.705715
43425 0.705324
43426 0.823928
43427 0.885751
43428 0.882798
43429 0.847801
43430 0.774794
43431 0.823196
43432 0.837497
43433 0.870001
43434 0.781932
43435 0.557668
43436 0.792317
43437 0.834091
43438 0.865712
43439 0.675163
43440 0.829065
43441 0.75182
43442 0.800768
43443 0.870714
43444 0.839842
43445 0.886431
43446 0.969463
43447 0.940574
43448 0.665602
43449 0.919853
43450 0.699351
43451 0.779947
43452 0.691177
43453 0.848902
43454 0.84231
43455 0.848808
43456 0.701688
43457 0.843071
43458 0.846792
43459 0.981125
43460 0.752946
43461 0.670178
43462 0.799305
43463 0.876521
43464 0.620616
43465 0.694631
43466 0.689459
43467 0.832439
43468 0.712155
43469 0.546604
43470 0.675084
43471 0.793107
43472 0.742103
43473 0.7483
43474 0.724318
43475 0.68372
43476 0.680698
43477 0.791384
43478 0.817365
43479 0.697523
43480 0.754706
43481 0.786383
43482 0.945597
43483 0.703307
43484 0.735981
43485 0.745697
43486 0.76772
43487 0.764099
43488 0.801388
43489 0.77595
43490 0.724515
43491 0.703649
43492 0.643826
43493 0.742404
43494 0.78024
43495 0.666013
43496 0.794242
43497 0.8412
43498 0.831438
43499 0.703279
43500 0.713798
43501 0.67065
43502 0.792963
43503 0.741983
43504 0.628844
43505 0.792232
43506 0.95311
43507 0.86124
43508 0.710677
43509 0.884322
43510 0.644882
43511 0.559296
43512 0.72666
43513 0.77727
43514 0.819287
43515 0.773782
43516 0.737812
43517 0.739744
43518 0.710272
43519 0.874345
43520 0.724787
43521 0.768712
43522 0.732538
43523 0.790792
43524 0.779845
43525 0.838009
43526 0.816042
43527 0.763265
43528 0.50914
43529 0.716382
43530 0.86845
43531 0.567305
43532 0.602093
43533 0.691114
43534 0.915187
43535 0.816258
43536 0.649067
43537 0.732762
43538 0.497844
43539 0.701523
43540 0.761227
43541 0.71811
43542 0.862914
43543 0.733653
43544 0.591145
43545 0.674425
43546 0.857964
43547 0.933551
43548 0.779004
43549 0.7675
43550 0.70949
43551 0.705798
43552 0.694618
43553 0.715612
43554 0.702048
43555 0.79283
43556 0.720157
43557 0.821503
43558 0.805145
43559 0.842287
43560 0.961739
43561 0.777126
43562 0.922479
43563 0.957321
43564 0.846173
43565 0.927564
43566 0.683642
43567 0.80489
43568 0.775196
43569 0.718257
43570 0.766938
43571 0.762464
43572 0.747108
43573 0.679024
43574 0.528893
43575 0.823016
43576 0.805266
43577 0.710632
43578 0.767131
43579 0.755476
43580 0.765496
43581 0.878001
43582 0.759146
43583 0.719734
43584 0.826775
43585 0.937366
43586 0.803551
43587 0.945735
43588 0.737821
43589 0.72064
43590 0.912183
43591 0.833406
43592 0.728518
43593 0.914472
43594 0.856873
43595 0.701079
43596 0.654038
43597 0.743907
43598 0.631472
43599 0.776707
43600 0.771031
43601 0.646334
43602 0.756253
43603 0.754716
43604 0.749948
43605 0.672662
43606 0.749547
43607 0.787741
43608 0.699509
43609 0.717378
43610 0.788209
43611 0.710542
43612 0.735506
43613 0.914714
43614 0.747612
43615 0.737641
43616 0.896566
43617 0.731728
43618 0.726109
43619 0.747744
43620 0.691236
43621 0.794766
43622 0.676063
43623 0.913106
43624 0.779747
43625 0.736114
43626 0.888259
43627 0.820719
43628 0.805876
43629 0.777609
43630 0.647923
43631 0.687774
43632 0.72942
43633 0.806643
43634 0.872903
43635 0.804709
43636 0.960456
43637 0.9596
43638 0.85815
43639 0.838665
43640 0.665266
43641 0.942276
43642 0.683713
43643 0.816193
43644 0.933092
43645 0.8816
43646 0.519739
43647 0.83767
43648 0.733409
43649 0.813465
43650 0.764132
43651 0.776846
43652 0.759492
43653 0.821567
43654 0.988388
43655 0.697784
43656 0.785704
43657 0.928779
43658 0.748334
43659 0.688938
43660 0.689649
43661 0.845454
43662 0.737997
43663 0.806155
43664 0.644343
43665 0.734517
43666 0.839955
43667 0.781777
43668 0.726465
43669 0.904548
43670 0.749333
43671 0.892364
43672 0.923714
43673 0.818611
43674 0.853714
43675 0.853938
43676 0.821795
43677 0.785682
43678 0.880396
43679 0.912778
43680 0.795636
43681 0.913661
43682 0.713351
43683 0.671743
43684 0.646157
43685 0.687933
43686 0.884358
43687 0.86243
43688 0.492101
43689 0.784041
43690 0.793243
43691 0.711986
43692 0.723189
43693 0.720515
43694 0.621317
43695 0.788775
43696 0.775147
43697 0.691333
43698 0.775645
43699 0.727174
43700 0.856755
43701 0.858919
43702 0.893074
43703 0.656272
43704 0.713499
43705 0.657654
43706 0.929841
43707 0.850206
43708 0.780742
43709 0.9395
43710 0.956837
43711 0.774763
43712 0.820699
43713 0.899401
43714 0.671125
43715 0.54566
43716 0.713408
43717 0.75374
43718 0.671609
43719 0.797944
43720 0.824461
43721 0.952676
43722 0.825504
43723 0.715265
43724 0.799358
43725 0.7793
43726 0.687056
43727 0.750658
43728 0.827122
43729 0.774823
43730 0.787997
43731 0.737758
43732 0.883588
43733 0.840076
43734 0.720862
43735 0.786215
43736 0.787257
43737 0.761438
43738 0.90187
43739 0.922687
43740 0.76679
43741 0.802884
43742 0.723721
43743 0.863417
43744 0.655651
43745 0.69096
43746 0.679283
43747 0.874589
43748 0.909481
43749 0.955079
43750 0.748648
43751 0.840016
43752 0.688325
43753 0.878467
43754 0.931303
43755 0.670352
43756 0.839275
43757 0.700786
43758 0.886693
43759 0.938127
43760 0.791467
43761 0.740711
43762 0.693932
43763 0.867497
43764 0.806695
43765 0.733542
43766 0.670752
43767 0.847404
43768 0.887391
43769 0.573307
43770 0.603015
43771 0.527731
43772 0.829681
43773 0.941827
43774 0.718705
43775 0.627774
43776 0.589738
43777 0.711919
43778 0.676523
43779 0.696183
43780 0.637683
43781 0.688099
43782 0.660271
43783 0.655382
43784 0.830842
43785 0.914141
43786 0.784551
43787 0.756712
43788 0.882139
43789 0.859649
43790 0.830013
43791 0.7201
43792 0.816459
43793 0.729362
43794 0.703006
43795 0.830179
43796 0.737227
43797 0.747721
43798 0.847041
43799 0.79128
43800 0.814545
43801 0.724213
43802 0.69793
43803 0.598221
43804 0.826919
43805 0.673278
43806 0.657512
43807 0.685177
43808 0.765817
43809 0.703068
43810 0.788753
43811 0.775383
43812 0.714695
43813 0.776808
43814 0.830669
43815 0.657205
43816 0.697678
43817 0.688299
43818 0.724429
43819 0.810737
43820 0.685294
43821 0.839307
43822 0.660925
43823 0.779161
43824 0.69938
43825 0.786104
43826 0.734899
43827 0.876368
43828 0.965225
43829 0.862184
43830 0.7628
43831 0.827068
43832 0.682035
43833 0.902199
43834 0.895304
43835 0.752005
43836 0.799522
43837 0.766455
43838 0.767593
43839 0.794353
43840 0.80996
43841 0.852525
43842 0.823297
43843 0.830872
43844 0.830559
43845 0.57609
43846 0.819109
43847 0.674289
43848 0.652161
43849 0.785446
43850 0.816853
43851 0.91358
43852 0.920018
43853 0.910926
43854 0.852377
43855 0.647282
43856 0.812717
43857 0.700606
43858 0.887252
43859 0.709911
43860 0.653222
43861 0.857163
43862 0.853216
43863 0.8198
43864 0.836085
43865 0.98999
43866 0.654116
43867 0.73949
43868 0.828902
43869 0.758837
43870 0.746615
43871 0.813561
43872 0.696074
43873 0.892211
43874 0.913685
43875 0.839464
43876 0.880917
43877 0.58178
43878 0.588112
43879 0.665962
43880 0.754568
43881 0.771698
43882 0.819507
43883 0.774796
43884 0.655554
43885 0.819975
43886 0.865325
43887 0.726894
43888 0.694288
43889 0.807225
43890 0.870568
43891 0.723742
43892 0.866334
43893 0.806011
43894 0.645835
43895 0.727348
43896 0.715069
43897 0.910159
43898 0.878825
43899 0.816126
43900 0.811039
43901 0.898513
43902 0.702729
43903 0.874938
43904 0.906795
43905 0.83625
43906 0.7519
43907 0.790959
43908 0.760337
43909 0.891298
43910 0.635042
43911 0.914766
43912 0.652862
43913 0.825093
43914 0.727744
43915 0.720143
43916 0.687586
43917 0.756486
43918 0.833731
43919 0.816241
43920 0.678317
43921 0.94919
43922 0.641774
43923 0.836271
43924 0.90408
43925 0.856741
43926 0.857638
43927 0.870423
43928 0.860902
43929 0.921415
43930 0.894874
43931 0.874626
43932 0.852863
43933 0.827236
43934 0.861103
43935 0.856044
43936 0.89885
43937 0.887154
43938 0.825251
43939 0.85113
43940 0.959308
43941 0.832646
43942 0.856983
43943 0.901635
43944 0.848088
43945 0.759826
43946 0.776911
43947 0.845413
43948 0.835484
43949 0.76227
43950 0.68379
43951 0.664042
43952 0.761165
43953 0.943135
43954 0.936575
43955 0.74494
43956 0.695493
43957 0.775598
43958 0.749208
43959 0.92941
43960 0.882433
43961 0.690758
43962 0.730558
43963 0.913018
43964 0.919661
43965 0.739432
43966 0.871675
43967 0.840783
43968 0.708511
43969 0.783834
43970 0.849489
43971 0.922551
43972 0.871735
43973 0.947352
43974 0.939178
43975 0.783088
43976 0.865115
43977 0.78247
43978 0.928831
43979 0.831978
43980 0.816047
43981 0.683851
43982 0.681415
43983 0.891291
43984 0.814513
43985 0.777209
43986 0.759616
43987 0.800762
43988 0.874715
43989 0.809849
43990 0.898388
43991 0.904566
43992 0.727278
43993 0.832424
43994 0.931421
43995 0.749588
43996 0.692614
43997 0.792818
43998 0.79597
43999 0.653228
44000 0.785411
44001 0.66522
44002 0.656449
44003 0.702037
44004 0.710425
44005 0.780548
44006 0.750784
44007 0.848939
44008 0.865748
44009 0.907687
44010 0.841299
44011 0.604776
44012 0.707964
44013 0.708835
44014 0.815176
44015 0.966909
44016 0.710941
44017 0.850397
44018 0.762451
44019 0.919131
44020 0.868366
44021 0.838118
44022 0.710287
44023 0.683204
44024 0.639131
44025 0.660438
44026 0.664147
44027 0.875069
44028 0.820514
44029 0.615142
44030 0.899573
44031 0.831694
44032 0.843422
44033 0.834153
44034 0.870202
44035 0.717864
44036 0.799198
44037 0.782454
44038 0.625369
44039 0.663749
44040 0.713194
44041 0.690252
44042 0.698835
44043 0.637959
44044 0.825294
44045 0.896707
44046 0.860168
44047 0.730144
44048 0.92977
44049 0.852172
44050 0.729233
44051 0.651831
44052 0.891312
44053 0.89106
44054 0.864528
44055 0.793804
44056 0.680331
44057 0.752479
44058 0.829646
44059 0.78458
44060 0.689976
44061 0.758274
44062 0.743931
44063 0.738034
44064 0.945264
44065 0.760705
44066 0.772541
44067 0.938533
44068 0.915372
44069 0.81324
44070 0.861834
44071 0.8577
44072 0.874769
44073 0.743709
44074 0.731074
44075 0.85854
44076 0.881183
44077 0.836586
44078 0.868034
44079 0.769835
44080 0.805634
44081 0.862321
44082 0.933111
44083 0.690749
44084 0.831789
44085 0.63858
44086 0.849522
44087 0.858141
44088 0.751813
44089 0.806476
44090 0.79377
44091 0.796185
44092 0.875363
44093 0.878
44094 0.756721
44095 0.835998
44096 0.678676
44097 0.745391
44098 0.817592
44099 0.739899
44100 0.771228
44101 0.677694
44102 0.839046
44103 0.819949
44104 0.879734
44105 0.753489
44106 0.737134
44107 0.679991
44108 0.655188
44109 0.789965
44110 0.767467
44111 0.545301
44112 0.690356
44113 0.761158
44114 0.715677
44115 0.788744
44116 0.828679
44117 0.935731
44118 0.755874
44119 0.810244
44120 0.592345
44121 0.941752
44122 0.913453
44123 0.913369
44124 0.849575
44125 0.699213
44126 0.861813
44127 0.711047
44128 0.681877
44129 0.705823
44130 0.687561
44131 0.829997
44132 0.631449
44133 0.639112
44134 0.91224
44135 0.946289
44136 0.8389
44137 0.841291
44138 0.881062
44139 0.746248
44140 0.908264
44141 0.686507
44142 0.753027
44143 0.866111
44144 0.782015
44145 0.811248
44146 0.771807
44147 0.761843
44148 0.861631
44149 0.552563
44150 0.781189
44151 0.554862
44152 0.601079
44153 0.779178
44154 0.977672
44155 0.713257
44156 0.877339
44157 0.725423
44158 0.614342
44159 0.631668
44160 0.911887
44161 0.861735
44162 0.864966
44163 0.932552
44164 0.820435
44165 0.777233
44166 0.812167
44167 0.746618
44168 0.681396
44169 0.789384
44170 0.849065
44171 0.712847
44172 0.658066
44173 0.685512
44174 0.817827
44175 0.636353
44176 0.7451
44177 0.789206
44178 0.671177
44179 0.657591
44180 0.828406
44181 0.721617
44182 0.693171
44183 0.789416
44184 0.760185
44185 0.740624
44186 0.688096
44187 0.822899
44188 0.576755
44189 0.739629
44190 0.890013
44191 0.744282
44192 0.874587
44193 0.795467
44194 0.772582
44195 0.719572
44196 0.700603
44197 0.663139
44198 0.700752
44199 0.693783
44200 0.758928
44201 0.79629
44202 0.751335
44203 0.797439
44204 0.776438
44205 0.786984
44206 0.81759
44207 0.88612
44208 0.753677
44209 0.931247
44210 0.901399
44211 0.848551
44212 0.672819
44213 0.888529
44214 0.894313
44215 0.864659
44216 0.914215
44217 0.8881
44218 0.66706
44219 0.708543
44220 0.714074
44221 0.674828
44222 0.696936
44223 0.89262
44224 0.72497
44225 0.758906
44226 0.659631
44227 0.811427
44228 0.68954
44229 0.872394
44230 0.691053
44231 0.789126
44232 0.544997
44233 0.649379
44234 0.849265
44235 0.826082
44236 0.880864
44237 0.881387
44238 0.721656
44239 0.840599
44240 0.816284
44241 0.595515
44242 0.920655
44243 0.733139
44244 0.823003
44245 0.808453
44246 0.708576
44247 0.748878
44248 0.736519
44249 0.883206
44250 0.869673
44251 0.92065
44252 0.846339
44253 0.852042
44254 0.861508
44255 0.806703
44256 0.698729
44257 0.799857
44258 0.857837
44259 0.569594
44260 0.657443
44261 0.648295
44262 0.846184
44263 0.762282
44264 0.77448
44265 0.746668
44266 0.704262
44267 0.685388
44268 0.684338
44269 0.671692
44270 0.761147
44271 0.84988
44272 0.914971
44273 0.785787
44274 0.757767
44275 0.769165
44276 0.632918
44277 0.802142
44278 0.671436
44279 0.939689
44280 0.902495
44281 0.71844
44282 0.748268
44283 0.916519
44284 0.932893
44285 0.82287
44286 0.878026
44287 0.894233
44288 0.774464
44289 0.84209
44290 0.907848
44291 0.768582
44292 0.983667
44293 0.967432
44294 0.827792
44295 0.662781
44296 0.864432
44297 0.700026
44298 0.843141
44299 0.533101
44300 0.849092
44301 0.841051
44302 0.941427
44303 0.791013
44304 0.887754
44305 0.819586
44306 0.963423
44307 0.910864
44308 0.730285
44309 0.768256
44310 0.70807
44311 0.784332
44312 0.705821
44313 0.76306
44314 0.939087
44315 0.70614
44316 0.720354
44317 0.796326
44318 0.72632
44319 0.789761
44320 0.782302
44321 0.812589
44322 0.722186
44323 0.747105
44324 0.661372
44325 0.959696
44326 0.857018
44327 0.711365
44328 0.838155
44329 0.696712
44330 0.672574
44331 0.903359
44332 0.724555
44333 0.709857
44334 0.627235
44335 0.830689
44336 0.925962
44337 0.96042
44338 0.893479
44339 0.920862
44340 0.948105
44341 0.819841
44342 0.88694
44343 0.775002
44344 0.932497
44345 0.793829
44346 0.676213
44347 0.609453
44348 0.741001
44349 0.820367
44350 0.787207
44351 0.733361
44352 0.946491
44353 0.656679
44354 0.75325
44355 0.723992
44356 0.734827
44357 0.788578
44358 0.660114
44359 0.872604
44360 0.933414
44361 0.752563
44362 0.854784
44363 0.884508
44364 0.923464
44365 0.904763
44366 0.666364
44367 0.648216
44368 0.92726
44369 0.888978
44370 0.600482
44371 0.736812
44372 0.612291
44373 0.696081
44374 0.784812
44375 0.778752
44376 0.751754
44377 0.788325
44378 0.693286
44379 0.76351
44380 0.985019
44381 0.901879
44382 0.639477
44383 0.680431
44384 0.752154
44385 0.697529
44386 0.715123
44387 0.684805
44388 0.879687
44389 0.775923
44390 0.651687
44391 0.673154
44392 0.958544
44393 0.951972
44394 0.713756
44395 0.627305
44396 0.656602
44397 0.658407
44398 0.638331
44399 0.738979
44400 0.895962
44401 0.583093
44402 0.652075
44403 0.761819
44404 0.691193
44405 0.92552
44406 0.960059
44407 0.969581
44408 0.812799
44409 0.972937
44410 0.878833
44411 0.876306
44412 0.779964
44413 0.686167
44414 0.756564
44415 0.817651
44416 0.843964
44417 0.95879
44418 0.79254
44419 0.984579
44420 0.867066
44421 0.88247
44422 0.821513
44423 0.847391
44424 0.977086
44425 0.872142
44426 0.777193
44427 0.777089
44428 0.958829
44429 0.779936
44430 0.770486
44431 0.798476
44432 0.818839
44433 0.824619
44434 0.800776
44435 0.897869
44436 0.785869
44437 0.813624
44438 0.758923
44439 0.833793
44440 0.694282
44441 0.919799
44442 0.837435
44443 0.703843
44444 0.68951
44445 0.804921
44446 0.782199
44447 0.681323
44448 0.763826
44449 0.835671
44450 0.833383
44451 0.84298
44452 0.863584
44453 0.899691
44454 0.921976
44455 0.800501
44456 0.657642
44457 0.790582
44458 0.726981
44459 0.964199
44460 0.626743
44461 0.755005
44462 0.884941
44463 0.925989
44464 0.790414
44465 0.881505
44466 0.807285
44467 0.93468
44468 0.923555
44469 0.835073
44470 0.804447
44471 0.817786
44472 0.746445
44473 0.816675
44474 0.742114
44475 0.803239
44476 0.788845
44477 0.66425
44478 0.870158
44479 0.691672
44480 0.781592
44481 0.628249
44482 0.952601
44483 0.924744
44484 0.662175
44485 0.785296
44486 0.714212
44487 0.782799
44488 0.883836
44489 0.983861
44490 0.665702
44491 0.880617
44492 0.903253
44493 0.783594
44494 0.839393
44495 0.77247
44496 0.606885
44497 0.723706
44498 0.75805
44499 0.656631
44500 0.755626
44501 0.778359
44502 0.774533
44503 0.86115
44504 0.851045
44505 0.822951
44506 0.868884
44507 0.676055
44508 0.931363
44509 0.782853
44510 0.878937
44511 0.839043
44512 0.756638
44513 0.871271
44514 0.65173
44515 0.73786
44516 0.600087
44517 0.508656
44518 0.91568
44519 0.878763
44520 0.700448
44521 0.927503
44522 0.873732
44523 0.856192
44524 0.93491
44525 0.788838
44526 0.816985
44527 0.795286
44528 0.938445
44529 0.849868
44530 0.930656
44531 0.872249
44532 0.817431
44533 0.780592
44534 0.877548
44535 0.757204
44536 0.868651
44537 0.781755
44538 0.742391
44539 0.921569
44540 0.737661
44541 0.808956
44542 0.961496
44543 0.914813
44544 0.817184
44545 0.817051
44546 0.71982
44547 0.851444
44548 0.758135
44549 0.81345
44550 0.746356
44551 0.787125
44552 0.868825
44553 0.716783
44554 0.743204
44555 0.881529
44556 0.886311
44557 0.658637
44558 0.824466
44559 0.689672
44560 0.756009
44561 0.838318
44562 0.869194
44563 0.894285
44564 0.799272
44565 0.748586
44566 0.874471
44567 0.798103
44568 0.748809
44569 0.722104
44570 0.781191
44571 0.803345
44572 0.763012
44573 0.98814
44574 0.855645
44575 0.859711
44576 0.982169
44577 0.892536
44578 0.904966
44579 0.701994
44580 0.888981
44581 0.929329
44582 0.752871
44583 0.696479
44584 0.788898
44585 0.893583
44586 0.750953
44587 0.666608
44588 0.642144
44589 0.856469
44590 0.937179
44591 0.717774
44592 0.707263
44593 0.706403
44594 0.738224
44595 0.799902
44596 0.799614
44597 0.758784
44598 0.912488
44599 0.818795
44600 0.848062
44601 0.816726
44602 0.626009
44603 0.727524
44604 0.849142
44605 0.708481
44606 0.83464
44607 0.843381
44608 0.780759
44609 0.81674
44610 0.790118
44611 0.835846
44612 0.93038
44613 0.915876
44614 0.856653
44615 0.774168
44616 0.847032
44617 0.872708
44618 0.683921
44619 0.956649
44620 0.847129
44621 0.903544
44622 0.961304
44623 0.961817
44624 0.879081
44625 0.691696
44626 0.979905
44627 0.894757
44628 0.709784
44629 0.908537
44630 0.830215
44631 0.581693
44632 0.82411
44633 0.777472
44634 0.636656
44635 0.838425
44636 0.713351
44637 0.818066
44638 0.850319
44639 0.824697
44640 0.573649
44641 0.862411
44642 0.671627
44643 0.648402
44644 0.896535
44645 0.875439
44646 0.822358
44647 0.805152
44648 0.692182
44649 0.699603
44650 0.64942
44651 0.873577
44652 0.767944
44653 0.889301
44654 0.567645
44655 0.905588
44656 0.853827
44657 0.84032
44658 0.76046
44659 0.871204
44660 0.708017
44661 0.63534
44662 0.829225
44663 0.894952
44664 0.827219
44665 0.932226
44666 0.914787
44667 0.602794
44668 0.791794
44669 0.842199
44670 0.798453
44671 0.454301
44672 0.667437
44673 0.817165
44674 0.739155
44675 0.743585
44676 0.551344
44677 0.85145
44678 0.712727
44679 0.838947
44680 0.821988
44681 0.846931
44682 0.874924
44683 0.896516
44684 0.884215
44685 0.980133
44686 0.733197
44687 0.876633
44688 0.790149
44689 0.9146
44690 0.943031
44691 0.924773
44692 0.844792
44693 0.66053
44694 0.770894
44695 0.871601
44696 0.839645
44697 0.886042
44698 0.847703
44699 0.812116
44700 0.689796
44701 0.830464
44702 0.905805
44703 0.811743
44704 0.654418
44705 0.783318
44706 0.635671
44707 0.73474
44708 0.798941
44709 0.890774
44710 0.939717
44711 0.843552
44712 0.764224
44713 0.914788
44714 0.897824
44715 0.959019
44716 0.842559
44717 0.725312
44718 0.951279
44719 0.889399
44720 0.671208
44721 0.795133
44722 0.502239
44723 0.73127
44724 0.773487
44725 0.824413
44726 0.869999
44727 0.715673
44728 0.786213
44729 0.797728
44730 0.756296
44731 0.798648
44732 0.947754
44733 0.884227
44734 0.738965
44735 0.691416
44736 0.635173
44737 0.897364
44738 0.85568
44739 0.691545
44740 0.811623
44741 0.679657
44742 0.90528
44743 0.877988
44744 0.944527
44745 0.88348
44746 0.848381
44747 0.872405
44748 0.879604
44749 0.558338
44750 0.883674
44751 0.939637
44752 0.721185
44753 0.707012
44754 0.707146
44755 0.91897
44756 0.846442
44757 0.848846
44758 0.776557
44759 0.619882
44760 0.804311
44761 0.828157
44762 0.835657
44763 0.99009
44764 0.783098
44765 0.624144
44766 0.764149
44767 0.838612
44768 0.810537
44769 0.691233
44770 0.636279
44771 0.568953
44772 0.702567
44773 0.788101
44774 0.743167
44775 0.78805
44776 0.765921
44777 0.805446
44778 0.755441
44779 0.60942
44780 0.82513
44781 0.877006
44782 0.63024
44783 0.771568
44784 0.636354
44785 0.730133
44786 0.729287
44787 0.689588
44788 0.719478
44789 0.910221
44790 0.623907
44791 0.771758
44792 0.871389
44793 0.659138
44794 0.827956
44795 0.694672
44796 0.64354
44797 0.802436
44798 0.781462
44799 0.730685
44800 0.626818
44801 0.660462
44802 0.794231
44803 0.75546
44804 0.743307
44805 0.776776
44806 0.683408
44807 0.90066
44808 0.838486
44809 0.747872
44810 0.685954
44811 0.848318
44812 0.701044
44813 0.752978
44814 0.74927
44815 0.727571
44816 0.791088
44817 0.868755
44818 0.51978
44819 0.764149
44820 0.728568
44821 0.723131
44822 0.73159
44823 0.698417
44824 0.712643
44825 0.745373
44826 0.787271
44827 0.644145
44828 0.793128
44829 0.748228
44830 0.813484
44831 0.938813
44832 0.682558
44833 0.61201
44834 0.644785
44835 0.630597
44836 0.764041
44837 0.84065
44838 0.85925
44839 0.758216
44840 0.88105
44841 0.711973
44842 0.719483
44843 0.709446
44844 0.727589
44845 0.693549
44846 0.821212
44847 0.638332
44848 0.685411
44849 0.85489
44850 0.801404
44851 0.753015
44852 0.740453
44853 0.852768
44854 0.782573
44855 0.728796
44856 0.721271
44857 0.737855
44858 0.857411
44859 0.544012
44860 0.888673
44861 0.902629
44862 0.772311
44863 0.757785
44864 0.630015
44865 0.77137
44866 0.779481
44867 0.739332
44868 0.720981
44869 0.725333
44870 0.760388
44871 0.713205
44872 0.780839
44873 0.848692
44874 0.759064
44875 0.670641
44876 0.583419
44877 0.684352
44878 0.766705
44879 0.92695
44880 0.745646
44881 0.748162
44882 0.722502
44883 0.67595
44884 0.659502
44885 0.720167
44886 0.654798
44887 0.777416
44888 0.627179
44889 0.707376
44890 0.673858
44891 0.436502
44892 0.731586
44893 0.784999
44894 0.754841
44895 0.943448
44896 0.765385
44897 0.716391
44898 0.742276
44899 0.734886
44900 0.628515
44901 0.793965
44902 0.802436
44903 0.714021
44904 0.672806
44905 0.894187
44906 0.82678
44907 0.627476
44908 0.704395
44909 0.870711
44910 0.672933
44911 0.756244
44912 0.670393
44913 0.675527
44914 0.730546
44915 0.875492
44916 0.663978
44917 0.755546
44918 0.72303
44919 0.679093
44920 0.780387
44921 0.833129
44922 0.789708
44923 0.822102
44924 0.852093
44925 0.771639
44926 0.820444
44927 0.693376
44928 0.653792
44929 0.702235
44930 0.626718
44931 0.728755
44932 0.725237
44933 0.797348
44934 0.647105
44935 0.643371
44936 0.852781
44937 0.670053
44938 0.538073
44939 0.80762
44940 0.750505
44941 0.84613
44942 0.851936
44943 0.845304
44944 0.847226
44945 0.781189
44946 0.547748
44947 0.541382
44948 0.673549
44949 0.750766
44950 0.544313
44951 0.639961
44952 0.584508
44953 0.900459
44954 0.993374
44955 0.934317
44956 0.576649
44957 0.699461
44958 0.532602
44959 0.778421
44960 0.88309
44961 0.762224
44962 0.817891
44963 0.718679
44964 0.670162
44965 0.722524
44966 0.836051
44967 0.772552
44968 0.68608
44969 0.676275
44970 0.700694
44971 0.739688
44972 0.797654
44973 0.662541
44974 0.691531
44975 0.703556
44976 0.754123
44977 0.69498
44978 0.674606
44979 0.75826
44980 0.613237
44981 0.746595
44982 0.858816
44983 0.775456
44984 0.782864
44985 0.641582
44986 0.65689
44987 0.678224
44988 0.724086
44989 0.87003
44990 0.830919
44991 0.87557
44992 0.830707
44993 0.661543
44994 0.590488
44995 0.680064
44996 0.753722
44997 0.656389
44998 0.770828
44999 0.784977
45000 0.824028
45001 0.768056
45002 0.93556
45003 0.758393
45004 0.701472
45005 0.730547
45006 0.690423
45007 0.795992
45008 0.796355
45009 0.808917
45010 0.867215
45011 0.701494
45012 0.913432
45013 0.652984
45014 0.478738
45015 0.958695
45016 0.864343
45017 0.888225
45018 0.962263
45019 0.767373
45020 0.813426
45021 0.868458
45022 0.821553
45023 0.949716
45024 0.745814
45025 0.713343
45026 0.704031
45027 0.874538
45028 0.813739
45029 0.961448
45030 0.77374
45031 0.889053
45032 0.783558
45033 0.928826
45034 0.844596
45035 0.879874
45036 0.902364
45037 0.879653
45038 0.819356
45039 0.858846
45040 0.880087
45041 0.903538
45042 0.839229
45043 0.75058
45044 0.601355
45045 0.787663
45046 0.882191
45047 0.790593
45048 0.828477
45049 0.834798
45050 0.739104
45051 0.857511
45052 0.954578
45053 0.771673
45054 0.922751
45055 0.858837
45056 0.657548
45057 0.699609
45058 0.742755
45059 0.741964
45060 0.686865
45061 0.642998
45062 0.677583
45063 0.803143
45064 0.704056
45065 0.761765
45066 0.835847
45067 0.793461
45068 0.784385
45069 0.600733
45070 0.736376
45071 0.688537
45072 0.880137
45073 0.835505
45074 0.954977
45075 0.862433
45076 0.744979
45077 0.608051
45078 0.653659
45079 0.669237
45080 0.756004
45081 0.717498
45082 0.810792
45083 0.699554
45084 0.940364
45085 0.733341
45086 0.65939
45087 0.640641
45088 0.623445
45089 0.684601
45090 0.741262
45091 0.811328
45092 0.624875
45093 0.499684
45094 0.746634
45095 0.753374
45096 0.698263
45097 0.77287
45098 0.787424
45099 0.539725
45100 0.930978
45101 0.741709
45102 0.856589
45103 0.874836
45104 0.771666
45105 0.848296
45106 0.776124
45107 0.896328
45108 0.783156
45109 0.908073
45110 0.736636
45111 0.453451
45112 0.779821
45113 0.731424
45114 0.707246
45115 0.876966
45116 0.704515
45117 0.734829
45118 0.870087
45119 0.897729
45120 0.655395
45121 0.753575
45122 0.589908
45123 0.80518
45124 0.763165
45125 0.711638
45126 0.923149
45127 0.89435
45128 0.912473
45129 0.668656
45130 0.695193
45131 0.698064
45132 0.749242
45133 0.61611
45134 0.669393
45135 0.758445
45136 0.731317
45137 0.789995
45138 0.668348
45139 0.861581
45140 0.701286
45141 0.683735
45142 0.870354
45143 0.856861
45144 0.929822
45145 0.856907
45146 0.907777
45147 0.784726
45148 0.771807
45149 0.945092
45150 0.856156
45151 0.851543
45152 0.90908
45153 0.805195
45154 0.825092
45155 0.784047
45156 0.814995
45157 0.746898
45158 0.6755
45159 0.686038
45160 0.597102
45161 0.682264
45162 0.674753
45163 0.894231
45164 0.785817
45165 0.901772
45166 0.841005
45167 0.79892
45168 0.941032
45169 0.701954
45170 0.717546
45171 0.645823
45172 0.793298
45173 0.670357
45174 0.670241
45175 0.808637
45176 0.795206
45177 0.828547
45178 0.825708
45179 0.877657
45180 0.697454
45181 0.726913
45182 0.785544
45183 0.763029
45184 0.638718
45185 0.579554
45186 0.660334
45187 0.748503
45188 0.714367
45189 0.738359
45190 0.878197
45191 0.660799
45192 0.833435
45193 0.783336
45194 0.902479
45195 0.804632
45196 0.818425
45197 0.753906
45198 0.879393
45199 0.83232
45200 0.819576
45201 0.877716
45202 0.802733
45203 0.848406
45204 0.793835
45205 0.692003
45206 0.689352
45207 0.940245
45208 0.641421
45209 0.636381
45210 0.82064
45211 0.810232
45212 0.857056
45213 0.883533
45214 0.940298
45215 0.896128
45216 0.828445
45217 0.620655
45218 0.843011
45219 0.748786
45220 0.833373
45221 0.940032
45222 0.628389
45223 0.895729
45224 0.804095
45225 0.572794
45226 0.854587
45227 0.634542
45228 0.53031
45229 0.78717
45230 0.810906
45231 0.554831
45232 0.719561
45233 0.537755
45234 0.95676
45235 0.776859
45236 0.654107
45237 0.930237
45238 0.866748
45239 0.744269
45240 0.626322
45241 0.68351
45242 0.749258
45243 0.751235
45244 0.79881
45245 0.914921
45246 0.706601
45247 0.643522
45248 0.696239
45249 0.752231
45250 0.695619
45251 0.721501
45252 0.817925
45253 0.901855
45254 0.821531
45255 0.781814
45256 0.790812
45257 0.755618
45258 0.691552
45259 0.775147
45260 0.742224
45261 0.55355
45262 0.464036
45263 0.797186
45264 0.754854
45265 0.758612
45266 0.664165
45267 0.621988
45268 0.854697
45269 0.667915
45270 0.793743
45271 0.882099
45272 0.732411
45273 0.737817
45274 0.739033
45275 0.80479
45276 0.758069
45277 0.837667
45278 0.686443
45279 0.706672
45280 0.716248
45281 0.694885
45282 0.708245
45283 0.80775
45284 0.876931
45285 0.694965
45286 0.703964
45287 0.750069
45288 0.779547
45289 0.900281
45290 0.87497
45291 0.856773
45292 0.807819
45293 0.785477
45294 0.92787
45295 0.713064
45296 0.729034
45297 0.802305
45298 0.805822
45299 0.854817
45300 0.876549
45301 0.887379
45302 0.631473
45303 0.712189
45304 0.779643
45305 0.72891
45306 0.765423
45307 0.716197
45308 0.764819
45309 0.696858
45310 0.758399
45311 0.745048
45312 0.757232
45313 0.816434
45314 0.825907
45315 0.67802
45316 0.522841
45317 0.798385
45318 0.524356
45319 0.673932
45320 0.737691
45321 0.815001
45322 0.644204
45323 0.801833
45324 0.402022
45325 0.604567
45326 0.693485
45327 0.752931
45328 0.637156
45329 0.732829
45330 0.666641
45331 0.839931
45332 0.844459
45333 0.702525
45334 0.842681
45335 0.78377
45336 0.680137
45337 0.602296
45338 0.779447
45339 0.755021
45340 0.720188
45341 0.552412
45342 0.903864
45343 0.758773
45344 0.823775
45345 0.787546
45346 0.740096
45347 0.765538
45348 0.801269
45349 0.785455
45350 0.879979
45351 0.608477
45352 0.858528
45353 0.628194
45354 0.909156
45355 0.708468
45356 0.693107
45357 0.806211
45358 0.898138
45359 0.76043
45360 0.662339
45361 0.68302
45362 0.778759
45363 0.841519
45364 0.703374
45365 0.838362
45366 0.638798
45367 0.804755
45368 0.60859
45369 0.691912
45370 0.811032
45371 0.669398
45372 0.848119
45373 0.804361
45374 0.732528
45375 0.505686
45376 0.776655
45377 0.695855
45378 0.847269
45379 0.683755
45380 0.73201
45381 0.645099
45382 0.751416
45383 0.722287
45384 0.878911
45385 0.894178
45386 0.854994
45387 0.753287
45388 0.601072
45389 0.90605
45390 0.651165
45391 0.753281
45392 0.760164
45393 0.855417
45394 0.758233
45395 0.73243
45396 0.651661
45397 0.723433
45398 0.650674
45399 0.838073
45400 0.690659
45401 0.772856
45402 0.534081
45403 0.720276
45404 0.820665
45405 0.666716
45406 0.63304
45407 0.833255
45408 0.773664
45409 0.904278
45410 0.78412
45411 0.765177
45412 0.619639
45413 0.785471
45414 0.698877
45415 0.741582
45416 0.704895
45417 0.726408
45418 0.671908
45419 0.88161
45420 0.822814
45421 0.734298
45422 0.83461
45423 0.84599
45424 0.819996
45425 0.667747
45426 0.829222
45427 0.653175
45428 0.662377
45429 0.631122
45430 0.772187
45431 0.922614
45432 0.758
45433 0.727895
45434 0.638655
45435 0.686539
45436 0.833999
45437 0.695826
45438 0.720144
45439 0.709985
45440 0.47709
45441 0.867818
45442 0.837363
45443 0.877958
45444 0.691382
45445 0.73878
45446 0.684938
45447 0.725248
45448 0.667285
45449 0.687909
45450 0.744171
45451 0.603824
45452 0.746927
45453 0.683365
45454 0.641284
45455 0.907613
45456 0.626134
45457 0.743886
45458 0.693942
45459 0.656098
45460 0.684329
45461 0.585809
45462 0.757917
45463 0.844962
45464 0.728522
45465 0.676528
45466 0.698057
45467 0.944366
45468 0.91116
45469 0.874954
45470 0.906637
45471 0.849786
45472 0.908202
45473 0.750975
45474 0.730474
45475 0.663751
45476 0.795012
45477 0.954406
45478 0.661641
45479 0.798235
45480 0.763621
45481 0.589809
45482 0.813771
45483 0.599069
45484 0.77447
45485 0.722097
45486 0.702294
45487 0.74444
45488 0.742871
45489 0.745385
45490 0.793307
45491 0.869021
45492 0.735746
45493 0.726996
45494 0.664256
45495 0.713932
45496 0.691281
45497 0.835039
45498 0.721783
45499 0.692016
45500 0.460095
45501 0.692722
45502 0.705649
45503 0.733837
45504 0.929975
45505 0.848907
45506 0.717448
45507 0.72785
45508 0.918842
45509 0.74029
45510 0.694561
45511 0.801206
45512 0.865817
45513 0.889388
45514 0.802746
45515 0.899816
45516 0.850838
45517 0.763952
45518 0.745693
45519 0.742315
45520 0.762281
45521 0.841688
45522 0.819877
45523 0.593655
45524 0.573887
45525 0.806787
45526 0.877581
45527 0.893496
45528 0.720117
45529 0.872003
45530 0.742848
45531 0.72326
45532 0.624445
45533 0.678733
45534 0.840815
45535 0.748787
45536 0.697586
45537 0.717209
45538 0.915885
45539 0.648668
45540 0.714444
45541 0.773405
45542 0.894192
45543 0.703672
45544 0.741523
45545 0.648763
45546 0.714127
45547 0.712053
45548 0.698967
45549 0.684374
45550 0.949317
45551 0.812651
45552 0.791978
45553 0.810987
45554 0.745605
45555 0.804291
45556 0.732516
45557 0.85808
45558 0.823621
45559 0.76098
45560 0.726565
45561 0.941774
45562 0.712151
45563 0.863629
45564 0.911991
45565 0.793398
45566 0.89747
45567 0.70176
45568 0.785642
45569 0.664793
45570 0.730797
45571 0.646367
45572 0.73218
45573 0.657925
45574 0.877246
45575 0.876577
45576 0.714608
45577 0.665229
45578 0.756686
45579 0.692706
45580 0.868026
45581 0.736747
45582 0.676423
45583 0.832929
45584 0.733194
45585 0.946131
45586 0.866734
45587 0.774317
45588 0.73935
45589 0.65456
45590 0.744115
45591 0.87796
45592 0.611994
45593 0.778133
45594 0.843367
45595 0.815832
45596 0.935524
45597 0.903218
45598 0.837345
45599 0.892383
45600 0.733944
45601 0.716418
45602 0.920271
45603 0.860244
45604 0.889964
45605 0.910373
45606 0.803731
45607 0.915491
45608 0.843822
45609 0.891742
45610 0.789532
45611 0.848368
45612 0.886359
45613 0.806371
45614 0.744514
45615 0.838675
45616 0.894607
45617 0.762837
45618 0.846138
45619 0.839242
45620 0.801417
45621 0.764125
45622 0.901877
45623 0.893163
45624 0.90964
45625 0.749783
45626 0.725763
45627 0.683709
45628 0.656296
45629 0.764868
45630 0.687245
45631 0.823317
45632 0.783923
45633 0.854628
45634 0.760006
45635 0.619206
45636 0.636749
45637 0.556448
45638 0.743655
45639 0.65578
45640 0.85772
45641 0.718699
45642 0.565871
45643 0.883374
45644 0.871864
45645 0.890141
45646 0.931865
45647 0.787123
45648 0.85641
45649 0.753451
45650 0.729403
45651 0.780714
45652 0.695775
45653 0.93093
45654 0.774885
45655 0.667119
45656 0.619987
45657 0.789242
45658 0.767138
45659 0.895194
45660 0.673844
45661 0.700535
45662 0.706148
45663 0.702356
45664 0.836739
45665 0.762441
45666 0.754814
45667 0.720274
45668 0.864858
45669 0.798341
45670 0.75932
45671 0.864706
45672 0.712654
45673 0.774812
45674 0.67994
45675 0.868325
45676 0.857199
45677 0.841995
45678 0.911876
45679 0.762571
45680 0.774946
45681 0.946656
45682 0.766562
45683 0.693037
45684 0.757397
45685 0.811906
45686 0.694222
45687 0.619746
45688 0.626641
45689 0.897276
45690 0.571739
45691 0.658554
45692 0.815011
45693 0.722247
45694 0.630594
45695 0.727548
45696 0.666053
45697 0.862957
45698 0.754232
45699 0.612163
45700 0.560922
45701 0.539388
45702 0.831662
45703 0.691759
45704 0.856746
45705 0.612769
45706 0.652891
45707 0.902614
45708 0.587547
45709 0.726185
45710 0.740224
45711 0.637923
45712 0.706994
45713 0.791779
45714 0.800529
45715 0.736365
45716 0.753677
45717 0.743509
45718 0.591731
45719 0.751645
45720 0.570153
45721 0.666052
45722 0.749857
45723 0.662646
45724 0.748807
45725 0.880045
45726 0.681535
45727 0.729665
45728 0.593437
45729 0.709822
45730 0.755368
45731 0.716028
45732 0.750719
45733 0.808132
45734 0.84439
45735 0.653873
45736 0.848241
45737 0.871673
45738 0.670238
45739 0.842351
45740 0.866477
45741 0.779488
45742 0.891137
45743 0.873016
45744 0.815462
45745 0.789137
45746 0.706636
45747 0.675669
45748 0.897616
45749 0.763565
45750 0.586072
45751 0.729171
45752 0.575535
45753 0.699589
45754 0.935444
45755 0.642742
45756 0.833397
45757 0.735131
45758 0.802211
45759 0.87163
45760 0.873773
45761 0.686225
45762 0.690882
45763 0.825901
45764 0.636306
45765 0.695836
45766 0.809973
45767 0.742081
45768 0.764417
45769 0.751773
45770 0.734483
45771 0.7558
45772 0.792368
45773 0.791501
45774 0.581532
45775 0.706698
45776 0.83735
45777 0.8449
45778 0.770444
45779 0.6839
45780 0.845319
45781 0.801875
45782 0.798467
45783 0.712083
45784 0.627068
45785 0.805676
45786 0.864337
45787 0.899333
45788 0.767641
45789 0.678301
45790 0.780895
45791 0.82452
45792 0.768921
45793 0.654958
45794 0.79041
45795 0.793614
45796 0.883862
45797 0.743225
45798 0.680945
45799 0.801665
45800 0.957374
45801 0.705075
45802 0.665212
45803 0.656382
45804 0.698165
45805 0.648973
45806 0.647851
45807 0.730523
45808 0.742826
45809 0.748114
45810 0.637108
45811 0.749582
45812 0.690215
45813 0.879109
45814 0.599956
45815 0.643552
45816 0.64844
45817 0.87597
45818 0.712067
45819 0.691818
45820 0.913527
45821 0.873534
45822 0.688613
45823 0.647405
45824 0.816585
45825 0.636739
45826 0.702821
45827 0.837545
45828 0.809503
45829 0.64544
45830 0.776413
45831 0.795761
45832 0.756164
45833 0.644222
45834 0.754554
45835 0.665134
45836 0.691787
45837 0.965116
45838 0.975318
45839 0.671105
45840 0.569458
45841 0.646543
45842 0.626338
45843 0.663565
45844 0.751135
45845 0.839105
45846 0.675245
45847 0.728726
45848 0.660327
45849 0.690179
45850 0.734572
45851 0.934669
45852 0.944616
45853 0.918704
45854 0.806743
45855 0.737403
45856 0.801817
45857 0.812733
45858 0.72609
45859 0.824768
45860 0.669256
45861 0.651862
45862 0.805375
45863 0.678557
45864 0.819278
45865 0.64968
45866 0.782944
45867 0.654652
45868 0.917516
45869 0.813985
45870 0.691444
45871 0.743487
45872 0.710602
45873 0.837659
45874 0.742724
45875 0.855406
45876 0.836101
45877 0.722994
45878 0.69467
45879 0.669457
45880 0.848309
45881 0.695975
45882 0.725404
45883 0.685518
45884 0.551972
45885 0.560728
45886 0.869184
45887 0.873882
45888 0.767273
45889 0.682062
45890 0.600186
45891 0.584235
45892 0.852477
45893 0.731181
45894 0.70804
45895 0.719544
45896 0.896656
45897 0.929339
45898 0.735928
45899 0.713233
45900 0.858637
45901 0.908072
45902 0.762898
45903 0.864661
45904 0.840304
45905 0.965857
45906 0.828476
45907 0.694248
45908 0.872185
45909 0.939884
45910 0.67308
45911 0.830374
45912 0.575742
45913 0.745651
45914 0.690723
45915 0.895178
45916 0.643467
45917 0.89483
45918 0.836634
45919 0.689359
45920 0.774931
45921 0.78166
45922 0.768048
45923 0.571738
45924 0.668412
45925 0.817864
45926 0.659369
45927 0.729983
45928 0.725804
45929 0.883655
45930 0.565293
45931 0.876828
45932 0.597394
45933 0.914353
45934 0.708339
45935 0.62817
45936 0.78059
45937 0.865501
45938 0.960251
45939 0.710875
45940 0.76674
45941 0.968072
45942 0.717062
45943 0.675096
45944 0.681219
45945 0.614694
45946 0.963429
45947 0.852876
45948 0.956171
45949 0.758439
45950 0.664121
45951 0.746754
45952 0.811541
45953 0.704065
45954 0.712638
45955 0.964213
45956 0.681329
45957 0.918644
45958 0.834001
45959 0.729522
45960 0.70132
45961 0.75982
45962 0.666185
45963 0.862776
45964 0.669432
45965 0.729985
45966 0.963401
45967 0.92767
45968 0.752987
45969 0.776832
45970 0.754079
45971 0.887174
45972 0.733873
45973 0.816853
45974 0.686057
45975 0.781498
45976 0.808503
45977 0.917655
45978 0.767153
45979 0.923946
45980 0.803608
45981 0.861529
45982 0.726985
45983 0.695998
45984 0.663488
45985 0.717945
45986 0.410282
45987 0.803737
45988 0.769711
45989 0.821001
45990 0.475529
45991 0.64273
45992 0.854407
45993 0.620889
45994 0.677718
45995 0.736918
45996 0.724283
45997 0.916972
45998 0.865129
45999 0.906074
46000 0.72257
46001 0.674656
46002 0.814996
46003 0.70158
46004 0.743068
46005 0.859186
46006 0.782353
46007 0.709919
46008 0.71177
46009 0.735176
46010 0.852399
46011 0.795397
46012 0.787114
46013 0.751521
46014 0.805634
46015 0.619716
46016 0.620794
46017 0.710092
46018 0.869618
46019 0.844421
46020 0.708834
46021 0.843303
46022 0.87963
46023 0.868773
46024 0.594857
46025 0.828045
46026 0.796788
46027 0.78567
46028 0.643899
46029 0.668241
46030 0.819261
46031 0.736904
46032 0.663664
46033 0.558513
46034 0.766276
46035 0.769884
46036 0.655699
46037 0.893168
46038 0.737993
46039 0.738856
46040 0.785977
46041 0.772022
46042 0.870051
46043 0.821115
46044 0.721596
46045 0.667105
46046 0.683482
46047 0.779642
46048 0.665581
46049 0.847529
46050 0.745202
46051 0.615501
46052 0.756653
46053 0.739205
46054 0.799821
46055 0.710686
46056 0.61944
46057 0.744194
46058 0.852762
46059 0.792083
46060 0.579526
46061 0.718013
46062 0.767665
46063 0.874648
46064 0.859992
46065 0.845783
46066 0.785076
46067 0.883984
46068 0.810223
46069 0.785533
46070 0.816759
46071 0.746052
46072 0.773969
46073 0.776905
46074 0.763904
46075 0.868963
46076 0.746221
46077 0.654412
46078 0.708882
46079 0.623619
46080 0.691086
46081 0.652598
46082 0.778738
46083 0.677968
46084 0.744934
46085 0.656514
46086 0.81765
46087 0.75562
46088 0.69933
46089 0.834872
46090 0.731959
46091 0.761035
46092 0.521421
46093 0.704616
46094 0.78498
46095 0.809265
46096 0.662885
46097 0.676481
46098 0.908751
46099 0.6377
46100 0.72173
46101 0.840893
46102 0.779597
46103 0.661949
46104 0.842554
46105 0.643072
46106 0.721787
46107 0.620863
46108 0.753811
46109 0.88992
46110 0.87914
46111 0.757214
46112 0.797649
46113 0.854872
46114 0.661142
46115 0.71052
46116 0.726006
46117 0.652542
46118 0.891966
46119 0.646479
46120 0.656998
46121 0.763972
46122 0.739618
46123 0.689158
46124 0.844521
46125 0.843277
46126 0.759495
46127 0.780693
46128 0.767684
46129 0.773991
46130 0.928252
46131 0.869146
46132 0.90125
46133 0.763272
46134 0.917409
46135 0.725817
46136 0.724112
46137 0.794026
46138 0.728624
46139 0.692113
46140 0.629571
46141 0.624642
46142 0.761397
46143 0.772853
46144 0.738747
46145 0.941218
46146 0.941266
46147 0.894573
46148 0.749468
46149 0.741054
46150 0.794015
46151 0.791599
46152 0.586485
46153 0.70394
46154 0.697377
46155 0.613791
46156 0.810804
46157 0.832671
46158 0.768452
46159 0.89011
46160 0.702081
46161 0.659187
46162 0.927822
46163 0.847036
46164 0.699875
46165 0.583695
46166 0.691568
46167 0.759124
46168 0.620065
46169 0.655524
46170 0.673095
46171 0.650982
46172 0.694519
46173 0.742367
46174 0.715588
46175 0.787023
46176 0.689341
46177 0.660064
46178 0.736074
46179 0.600482
46180 0.838999
46181 0.917824
46182 0.736921
46183 0.79089
46184 0.868218
46185 0.729111
46186 0.774664
46187 0.714456
46188 0.643452
46189 0.837862
46190 0.917636
46191 0.915692
46192 0.718709
46193 0.669954
46194 0.809617
46195 0.619379
46196 0.945116
46197 0.824431
46198 0.83182
46199 0.677719
46200 0.940436
46201 0.69274
46202 0.925806
46203 0.793076
46204 0.902564
46205 0.947358
46206 0.648183
46207 0.930441
46208 0.820094
46209 0.901685
46210 0.855506
46211 0.79711
46212 0.797097
46213 0.961392
46214 0.741001
46215 0.761434
46216 0.757435
46217 0.838306
46218 0.483818
46219 0.767994
46220 0.77223
46221 0.711241
46222 0.675129
46223 0.722341
46224 0.594709
46225 0.753586
46226 0.86671
46227 0.693322
46228 0.587659
46229 0.801183
46230 0.694193
46231 0.656846
46232 0.688452
46233 0.908034
46234 0.722043
46235 0.822217
46236 0.647454
46237 0.827829
46238 0.827573
46239 0.903953
46240 0.66484
46241 0.784969
46242 0.653986
46243 0.721515
46244 0.701422
46245 0.656739
46246 0.82742
46247 0.669003
46248 0.782096
46249 0.746143
46250 0.730287
46251 0.70055
46252 0.852213
46253 0.687935
46254 0.703898
46255 0.798373
46256 0.878997
46257 0.816299
46258 0.778125
46259 0.718626
46260 0.722597
46261 0.798478
46262 0.732991
46263 0.643583
46264 0.755604
46265 0.668116
46266 0.798483
46267 0.750061
46268 0.808277
46269 0.676531
46270 0.500386
46271 0.697614
46272 0.780077
46273 0.793362
46274 0.840541
46275 0.571555
46276 0.646825
46277 0.870111
46278 0.795911
46279 0.704609
46280 0.656763
46281 0.843493
46282 0.929368
46283 0.906888
46284 0.604587
46285 0.872047
46286 0.618511
46287 0.941215
46288 0.839699
46289 0.857837
46290 0.74136
46291 0.821956
46292 0.838647
46293 0.815133
46294 0.845241
46295 0.733391
46296 0.809162
46297 0.714829
46298 0.646111
46299 0.608129
46300 0.819883
46301 0.851376
46302 0.717239
46303 0.849242
46304 0.86206
46305 0.633568
46306 0.736178
46307 0.67231
46308 0.921775
46309 0.775689
46310 0.674174
46311 0.820746
46312 0.581352
46313 0.587606
46314 0.666698
46315 0.755682
46316 0.858623
46317 0.68115
46318 0.598387
46319 0.714205
46320 0.830336
46321 0.743356
46322 0.753717
46323 0.755351
46324 0.818314
46325 0.736402
46326 0.954665
46327 0.699092
46328 0.58492
46329 0.939785
46330 0.813015
46331 0.591467
46332 0.920325
46333 0.810318
46334 0.720186
46335 0.626604
46336 0.716232
46337 0.859702
46338 0.74766
46339 0.704052
46340 0.817476
46341 0.642052
46342 0.793485
46343 0.641913
46344 0.749158
46345 0.759163
46346 0.76915
46347 0.75476
46348 0.722358
46349 0.858484
46350 0.56107
46351 0.828562
46352 0.742795
46353 0.679178
46354 0.674981
46355 0.734898
46356 0.769073
46357 0.765542
46358 0.801291
46359 0.785211
46360 0.755485
46361 0.794527
46362 0.866953
46363 0.798888
46364 0.777604
46365 0.889589
46366 0.782804
46367 0.582382
46368 0.694711
46369 0.697398
46370 0.778804
46371 0.611699
46372 0.676686
46373 0.910841
46374 0.842587
46375 0.610516
46376 0.872924
46377 0.640399
46378 0.802958
46379 0.915982
46380 0.741197
46381 0.708413
46382 0.860775
46383 0.601077
46384 0.836284
46385 0.665937
46386 0.739397
46387 0.912397
46388 0.624388
46389 0.677473
46390 0.730478
46391 0.813962
46392 0.773697
46393 0.883529
46394 0.894569
46395 0.682651
46396 0.785842
46397 0.693067
46398 0.767836
46399 0.755899
46400 0.734745
46401 0.887548
46402 0.707871
46403 0.597511
46404 0.917468
46405 0.813129
46406 0.902517
46407 0.871187
46408 0.714499
46409 0.840533
46410 0.759505
46411 0.660522
46412 0.703965
46413 0.769579
46414 0.716029
46415 0.714734
46416 0.60742
46417 0.735283
46418 0.727239
46419 0.824024
46420 0.665535
46421 0.668481
46422 0.603378
46423 0.711475
46424 0.840866
46425 0.813159
46426 0.741727
46427 0.727206
46428 0.844222
46429 0.780513
46430 0.686797
46431 0.872939
46432 0.86545
46433 0.692571
46434 0.772578
46435 0.540655
46436 0.795802
46437 0.839122
46438 0.853549
46439 0.667068
46440 0.74768
46441 0.866572
46442 0.796511
46443 0.678177
46444 0.836553
46445 0.70254
46446 0.862192
46447 0.625267
46448 0.900565
46449 0.85256
46450 0.835341
46451 0.849136
46452 0.743436
46453 0.72951
46454 0.7175
46455 0.815474
46456 0.383077
46457 0.693784
46458 0.633274
46459 0.571196
46460 0.658244
46461 0.799112
46462 0.582618
46463 0.699156
46464 0.503236
46465 0.725037
46466 0.488557
46467 0.628761
46468 0.597971
46469 0.91925
46470 0.849127
46471 0.805197
46472 0.69724
46473 0.597965
46474 0.725822
46475 0.527338
46476 0.797036
46477 0.913672
46478 0.862634
46479 0.778575
46480 0.659175
46481 0.9134
46482 0.799606
46483 0.896999
46484 0.767004
46485 0.762597
46486 0.902001
46487 0.874254
46488 0.73162
46489 0.833505
46490 0.84596
46491 0.69036
46492 0.794858
46493 0.704226
46494 0.93661
46495 0.856561
46496 0.912297
46497 0.83727
46498 0.85194
46499 0.781785
46500 0.702575
46501 0.514454
46502 0.748502
46503 0.797776
46504 0.877935
46505 0.785449
46506 0.689468
46507 0.559814
46508 0.595122
46509 0.741354
46510 0.72541
46511 0.857455
46512 0.612579
46513 0.822306
46514 0.669971
46515 0.8913
46516 0.804896
46517 0.654712
46518 0.784833
46519 0.669964
46520 0.894105
46521 0.894574
46522 0.770564
46523 0.901184
46524 0.709541
46525 0.717693
46526 0.813668
46527 0.699112
46528 0.804224
46529 0.734742
46530 0.740083
46531 0.864223
46532 0.701145
46533 0.897557
46534 0.844629
46535 0.744021
46536 0.602648
46537 0.728612
46538 0.510338
46539 0.609199
46540 0.682546
46541 0.892899
46542 0.772345
46543 0.858225
46544 0.700755
46545 0.713824
46546 0.643732
46547 0.769736
46548 0.913245
46549 0.860582
46550 0.596718
46551 0.767213
46552 0.678057
46553 0.822382
46554 0.611462
46555 0.855875
46556 0.583743
46557 0.86617
46558 0.784535
46559 0.728708
46560 0.743514
46561 0.784847
46562 0.762354
46563 0.785355
46564 0.633382
46565 0.58425
46566 0.774754
46567 0.665546
46568 0.757303
46569 0.806007
46570 0.782166
46571 0.81848
46572 0.533029
46573 0.610424
46574 0.818081
46575 0.823792
46576 0.797766
46577 0.846015
46578 0.506549
46579 0.694854
46580 0.71564
46581 0.727632
46582 0.881458
46583 0.772624
46584 0.731855
46585 0.623258
46586 0.823915
46587 0.60293
46588 0.841015
46589 0.755254
46590 0.755626
46591 0.866306
46592 0.864449
46593 0.761378
46594 0.900909
46595 0.572088
46596 0.784137
46597 0.76288
46598 0.917059
46599 0.836815
46600 0.7884
46601 0.845093
46602 0.793836
46603 0.864398
46604 0.861132
46605 0.825118
46606 0.626645
46607 0.770121
46608 0.880449
46609 0.886743
46610 0.812499
46611 0.636753
46612 0.692516
46613 0.920921
46614 0.810487
46615 0.759921
46616 0.944114
46617 0.800548
46618 0.859451
46619 0.909267
46620 0.756106
46621 0.830053
46622 0.868395
46623 0.731101
46624 0.925098
46625 0.733678
46626 0.724187
46627 0.96219
46628 0.800226
46629 0.76432
46630 0.908765
46631 0.894357
46632 0.862177
46633 0.620661
46634 0.846619
46635 0.760364
46636 0.781714
46637 0.760106
46638 0.791456
46639 0.823779
46640 0.691977
46641 0.774642
46642 0.579768
46643 0.73162
46644 0.757895
46645 0.844703
46646 0.760815
46647 0.840141
46648 0.729096
46649 0.645072
46650 0.767337
46651 0.80035
46652 0.787598
46653 0.715352
46654 0.733051
46655 0.796828
46656 0.716742
46657 0.854143
46658 0.76336
46659 0.814527
46660 0.3644
46661 0.851952
46662 0.670906
46663 0.820682
46664 0.90246
46665 0.699584
46666 0.746818
46667 0.704209
46668 0.899289
46669 0.772776
46670 0.691332
46671 0.785485
46672 0.783269
46673 0.698849
46674 0.775765
46675 0.615024
46676 0.827125
46677 0.57463
46678 0.834882
46679 0.857058
46680 0.6933
46681 0.741763
46682 0.787601
46683 0.868291
46684 0.737552
46685 0.712124
46686 0.703049
46687 0.580775
46688 0.931402
46689 0.908963
46690 0.840111
46691 0.640536
46692 0.815055
46693 0.782828
46694 0.705808
46695 0.721953
46696 0.84037
46697 0.754766
46698 0.736173
46699 0.804208
46700 0.859061
46701 0.817237
46702 0.721046
46703 0.78925
46704 0.617387
46705 0.802101
46706 0.615874
46707 0.590046
46708 0.798392
46709 0.7463
46710 0.923001
46711 0.800729
46712 0.792487
46713 0.838724
46714 0.886935
46715 0.820868
46716 0.64871
46717 0.839315
46718 0.936286
46719 0.897827
46720 0.844573
46721 0.765883
46722 0.68048
46723 0.765892
46724 0.741759
46725 0.831937
46726 0.705371
46727 0.792783
46728 0.694523
46729 0.693468
46730 0.724645
46731 0.609743
46732 0.745539
46733 0.685375
46734 0.66261
46735 0.632092
46736 0.698408
46737 0.636332
46738 0.829419
46739 0.818294
46740 0.803868
46741 0.802733
46742 0.865678
46743 0.851079
46744 0.684678
46745 0.849283
46746 0.950764
46747 0.903836
46748 0.801515
46749 0.712862
46750 0.595804
46751 0.775947
46752 0.732113
46753 0.806575
46754 0.789492
46755 0.801036
46756 0.685902
46757 0.783638
46758 0.827183
46759 0.859123
46760 0.910629
46761 0.948858
46762 0.741395
46763 0.684215
46764 0.699932
46765 0.847832
46766 0.788516
46767 0.794917
46768 0.809252
46769 0.662377
46770 0.752522
46771 0.660374
46772 0.708212
46773 0.767673
46774 0.549413
46775 0.510155
46776 0.921272
46777 0.666837
46778 0.907268
46779 0.6372
46780 0.754304
46781 0.673489
46782 0.689197
46783 0.82036
46784 0.748191
46785 0.756328
46786 0.664802
46787 0.797401
46788 0.786773
46789 0.589961
46790 0.859924
46791 0.607683
46792 0.663597
46793 0.758391
46794 0.891492
46795 0.789411
46796 0.863734
46797 0.720509
46798 0.893887
46799 0.720917
46800 0.80881
46801 0.795335
46802 0.679752
46803 0.772401
46804 0.670747
46805 0.814955
46806 0.640948
46807 0.947525
46808 0.65514
46809 0.646066
46810 0.79467
46811 0.802069
46812 0.803016
46813 0.637109
46814 0.689288
46815 0.914034
46816 0.768274
46817 0.800103
46818 0.709526
46819 0.832255
46820 0.696236
46821 0.634715
46822 0.694323
46823 0.668826
46824 0.597098
46825 0.825863
46826 0.792452
46827 0.650789
46828 0.856156
46829 0.73763
46830 0.778832
46831 0.702117
46832 0.728127
46833 0.91945
46834 0.833205
46835 0.638582
46836 0.632871
46837 0.742319
46838 0.560866
46839 0.780666
46840 0.506942
46841 0.67849
46842 0.80298
46843 0.962437
46844 0.601728
46845 0.738397
46846 0.903352
46847 0.896482
46848 0.752153
46849 0.877162
46850 0.765682
46851 0.681314
46852 0.888706
46853 0.756098
46854 0.724312
46855 0.910577
46856 0.733233
46857 0.873187
46858 0.729535
46859 0.893721
46860 0.755435
46861 0.934575
46862 0.834777
46863 0.918599
46864 0.793637
46865 0.763323
46866 0.75905
46867 0.868037
46868 0.72425
46869 0.680651
46870 0.740296
46871 0.947319
46872 0.671229
46873 0.873859
46874 0.875863
46875 0.79344
46876 0.926348
46877 0.882289
46878 0.572017
46879 0.841276
46880 0.832353
46881 0.606783
46882 0.957177
46883 0.821818
46884 0.922258
46885 0.897139
46886 0.839999
46887 0.853651
46888 0.703832
46889 0.809403
46890 0.727422
46891 0.69511
46892 0.853664
46893 0.908456
46894 0.870865
46895 0.630749
46896 0.72173
46897 0.763888
46898 0.857082
46899 0.90191
46900 0.707728
46901 0.740924
46902 0.636605
46903 0.67264
46904 0.70951
46905 0.607278
46906 0.717884
46907 0.809891
46908 0.845631
46909 0.722407
46910 0.811278
46911 0.833951
46912 0.849741
46913 0.627459
46914 0.88362
46915 0.635896
46916 0.679106
46917 0.777155
46918 0.718015
46919 0.710182
46920 0.679758
46921 0.778046
46922 0.805364
46923 0.735785
46924 0.757356
46925 0.773539
46926 0.967455
46927 0.604851
46928 0.782499
46929 0.873719
46930 0.746469
46931 0.710118
46932 0.868525
46933 0.920256
46934 0.815579
46935 0.835152
46936 0.886173
46937 0.735619
46938 0.90155
46939 0.794445
46940 0.792976
46941 0.773418
46942 0.610728
46943 0.906619
46944 0.711532
46945 0.94429
46946 0.688821
46947 0.848011
46948 0.811823
46949 0.717028
46950 0.619865
46951 0.78058
46952 0.809922
46953 0.793313
46954 0.651989
46955 0.894397
46956 0.876406
46957 0.893413
46958 0.846545
46959 0.787728
46960 0.852338
46961 0.703276
46962 0.757811
46963 0.926705
46964 0.780957
46965 0.700954
46966 0.869059
46967 0.798012
46968 0.885098
46969 0.884782
46970 0.840953
46971 0.831996
46972 0.90412
46973 0.862493
46974 0.866698
46975 0.579992
46976 0.850997
46977 0.745067
46978 0.762615
46979 0.935118
46980 0.862298
46981 0.653068
46982 0.737095
46983 0.746767
46984 0.652769
46985 0.673975
46986 0.799071
46987 0.657328
46988 0.728552
46989 0.748871
46990 0.794756
46991 0.777919
46992 0.728233
46993 0.779548
46994 0.931604
46995 0.887674
46996 0.81139
46997 0.780388
46998 0.607459
46999 0.785398
47000 0.658989
47001 0.689478
47002 0.721298
47003 0.651517
47004 0.785478
47005 0.632004
47006 0.764586
47007 0.687148
47008 0.742508
47009 0.755745
47010 0.754529
47011 0.858141
47012 0.71933
47013 0.777449
47014 0.651228
47015 0.6715
47016 0.919737
47017 0.89985
47018 0.715588
47019 0.67603
47020 0.59363
47021 0.706932
47022 0.781775
47023 0.838182
47024 0.863728
47025 0.891892
47026 0.634923
47027 0.64646
47028 0.67019
47029 0.730613
47030 0.792947
47031 0.819479
47032 0.805328
47033 0.838117
47034 0.859687
47035 0.708508
47036 0.714185
47037 0.844428
47038 0.575214
47039 0.837565
47040 0.581442
47041 0.949695
47042 0.84419
47043 0.832355
47044 0.813579
47045 0.898955
47046 0.941859
47047 0.909896
47048 0.777653
47049 0.768533
47050 0.815735
47051 0.869568
47052 0.780769
47053 0.743321
47054 0.67801
47055 0.680774
47056 0.796757
47057 0.869603
47058 0.827734
47059 0.846157
47060 0.869484
47061 0.712941
47062 0.704582
47063 0.910751
47064 0.648959
47065 0.778225
47066 0.694626
47067 0.858435
47068 0.671503
47069 0.745119
47070 0.759528
47071 0.663356
47072 0.938211
47073 0.741567
47074 0.848337
47075 0.83669
47076 0.74284
47077 0.917006
47078 0.765695
47079 0.978162
47080 0.818024
47081 0.87603
47082 0.693509
47083 0.640059
47084 0.648725
47085 0.741439
47086 0.898209
47087 0.832258
47088 0.715847
47089 0.742621
47090 0.945163
47091 0.733474
47092 0.983812
47093 0.704154
47094 0.707036
47095 0.874415
47096 0.698219
47097 0.76974
47098 0.715872
47099 0.744335
47100 0.769902
47101 0.912153
47102 0.862507
47103 0.709997
47104 0.70901
47105 0.913213
47106 0.813932
47107 0.774847
47108 0.563903
47109 0.853547
47110 0.701554
47111 0.63332
47112 0.812738
47113 0.790808
47114 0.84037
47115 0.800995
47116 0.868136
47117 0.730466
47118 0.772945
47119 0.771138
47120 0.684224
47121 0.856175
47122 0.855975
47123 0.929365
47124 0.796875
47125 0.938637
47126 0.92978
47127 0.78588
47128 0.928416
47129 0.77609
47130 0.770591
47131 0.732297
47132 0.815071
47133 0.743441
47134 0.834412
47135 0.679338
47136 0.973283
47137 0.685365
47138 0.788465
47139 0.739222
47140 0.935971
47141 0.927057
47142 0.838456
47143 0.826479
47144 0.701241
47145 0.676607
47146 0.819759
47147 0.721282
47148 0.906635
47149 0.722997
47150 0.848291
47151 0.603311
47152 0.826783
47153 0.808969
47154 0.722025
47155 0.882425
47156 0.846995
47157 0.838885
47158 0.717283
47159 0.847356
47160 0.956031
47161 0.897039
47162 0.864557
47163 0.80243
47164 0.81609
47165 0.935621
47166 0.935899
47167 0.945882
47168 0.835059
47169 0.873741
47170 0.788503
47171 0.863172
47172 0.712768
47173 0.854306
47174 0.736903
47175 0.643649
47176 0.606718
47177 0.76918
47178 0.772212
47179 0.741851
47180 0.645049
47181 0.755372
47182 0.655549
47183 0.720067
47184 0.764354
47185 0.746707
47186 0.679554
47187 0.745828
47188 0.719682
47189 0.666829
47190 0.800374
47191 0.798471
47192 0.756977
47193 0.849477
47194 0.863061
47195 0.713974
47196 0.638656
47197 0.763755
47198 0.66387
47199 0.731635
47200 0.656589
47201 0.732841
47202 0.798735
47203 0.965011
47204 0.911399
47205 0.837528
47206 0.772403
47207 0.876744
47208 0.924241
47209 0.647052
47210 0.658934
47211 0.861244
47212 0.833976
47213 0.771615
47214 0.797986
47215 0.695224
47216 0.946568
47217 0.800624
47218 0.670101
47219 0.676912
47220 0.936119
47221 0.623553
47222 0.72121
47223 0.875779
47224 0.953271
47225 0.785653
47226 0.864688
47227 0.871403
47228 0.747886
47229 0.912478
47230 0.724317
47231 0.807592
47232 0.96177
47233 0.939561
47234 0.453132
47235 0.858961
47236 0.776233
47237 0.622585
47238 0.93268
47239 0.90245
47240 0.961589
47241 0.724587
47242 0.86241
47243 0.599861
47244 0.568732
47245 0.744004
47246 0.958848
47247 0.729111
47248 0.788813
47249 0.906471
47250 0.928534
47251 0.611107
47252 0.48604
47253 0.736571
47254 0.713508
47255 0.776335
47256 0.920392
47257 0.681111
47258 0.791602
47259 0.913144
47260 0.805131
47261 0.887318
47262 0.781327
47263 0.887325
47264 0.843235
47265 0.897147
47266 0.596882
47267 0.780007
47268 0.764096
47269 0.785561
47270 0.819626
47271 0.570148
47272 0.630247
47273 0.684499
47274 0.765051
47275 0.802996
47276 0.7962
47277 0.790507
47278 0.90642
47279 0.879758
47280 0.735245
47281 0.760961
47282 0.731063
47283 0.757785
47284 0.653013
47285 0.669324
47286 0.723659
47287 0.77197
47288 0.85953
47289 0.670885
47290 0.683792
47291 0.945989
47292 0.924018
47293 0.769035
47294 0.907002
47295 0.860179
47296 0.8876
47297 0.862394
47298 0.920608
47299 0.861617
47300 0.80202
47301 0.668026
47302 0.79591
47303 0.661444
47304 0.777925
47305 0.624375
47306 0.695898
47307 0.653696
47308 0.639701
47309 0.719325
47310 0.625356
47311 0.637381
47312 0.793629
47313 0.758346
47314 0.674868
47315 0.871363
47316 0.904741
47317 0.641715
47318 0.645024
47319 0.633394
47320 0.826645
47321 0.677129
47322 0.875526
47323 0.864294
47324 0.808876
47325 0.815825
47326 0.635574
47327 0.654895
47328 0.697641
47329 0.819182
47330 0.761442
47331 0.610518
47332 0.580426
47333 0.685118
47334 0.549254
47335 0.637418
47336 0.666151
47337 0.810761
47338 0.867782
47339 0.830462
47340 0.666809
47341 0.65801
47342 0.780762
47343 0.85636
47344 0.997186
47345 0.796958
47346 0.841072
47347 0.726575
47348 0.83163
47349 0.624938
47350 0.662974
47351 0.876094
47352 0.827436
47353 0.762615
47354 0.776925
47355 0.857548
47356 0.845643
47357 0.807868
47358 0.531724
47359 0.769995
47360 0.751621
47361 0.918848
47362 0.896656
47363 0.819214
47364 0.940914
47365 0.865271
47366 0.847546
47367 0.522783
47368 0.61182
47369 0.746356
47370 0.763626
47371 0.826871
47372 0.651299
47373 0.840527
47374 0.641096
47375 0.608073
47376 0.672917
47377 0.669711
47378 0.895466
47379 0.653433
47380 0.664401
47381 0.900343
47382 0.788386
47383 0.832122
47384 0.617228
47385 0.800618
47386 0.589872
47387 0.865429
47388 0.821217
47389 0.513525
47390 0.853317
47391 0.775168
47392 0.840469
47393 0.909261
47394 0.6337
47395 0.736335
47396 0.795801
47397 0.627519
47398 0.686514
47399 0.858778
47400 0.937572
47401 0.799757
47402 0.690596
47403 0.839329
47404 0.578136
47405 0.654424
47406 0.594256
47407 0.663599
47408 0.848039
47409 0.821859
47410 0.66926
47411 0.690654
47412 0.839703
47413 0.799861
47414 0.684206
47415 0.661
47416 0.864483
47417 0.547697
47418 0.778865
47419 0.820386
47420 0.966316
47421 0.721947
47422 0.638148
47423 0.720457
47424 0.67532
47425 0.757782
47426 0.69487
47427 0.830103
47428 0.74371
47429 0.53486
47430 0.609622
47431 0.886493
47432 0.864732
47433 0.807455
47434 0.837064
47435 0.729728
47436 0.793656
47437 0.702898
47438 0.565299
47439 0.79519
47440 0.666242
47441 0.601049
47442 0.620761
47443 0.60643
47444 0.802215
47445 0.625883
47446 0.796205
47447 0.728056
47448 0.683986
47449 0.661193
47450 0.830509
47451 0.800574
47452 0.839925
47453 0.784155
47454 0.640629
47455 0.699637
47456 0.781788
47457 0.750737
47458 0.832458
47459 0.581223
47460 0.757871
47461 0.477193
47462 0.755733
47463 0.666819
47464 0.810554
47465 0.552422
47466 0.644484
47467 0.672347
47468 0.520594
47469 0.828032
47470 0.825721
47471 0.796372
47472 0.558004
47473 0.780486
47474 0.697504
47475 0.664656
47476 0.651708
47477 0.679222
47478 0.74299
47479 0.688327
47480 0.712957
47481 0.596715
47482 0.788809
47483 0.765035
47484 0.699275
47485 0.733537
47486 0.810935
47487 0.679589
47488 0.5971
47489 0.67983
47490 0.701986
47491 0.739339
47492 0.808082
47493 0.758367
47494 0.819537
47495 0.665279
47496 0.785151
47497 0.66666
47498 0.705296
47499 0.66673
47500 0.74127
47501 0.887281
47502 0.961449
47503 0.735212
47504 0.94563
47505 0.785647
47506 0.82316
47507 0.903237
47508 0.934975
47509 0.779646
47510 0.744405
47511 0.853504
47512 0.878268
47513 0.743949
47514 0.691943
47515 0.934525
47516 0.683507
47517 0.847452
47518 0.812614
47519 0.63276
47520 0.672582
47521 0.783122
47522 0.801249
47523 0.781524
47524 0.912974
47525 0.631514
47526 0.698803
47527 0.771791
47528 0.653218
47529 0.816311
47530 0.686034
47531 0.753566
47532 0.86343
47533 0.627851
47534 0.682072
47535 0.628987
47536 0.756476
47537 0.851746
47538 0.752163
47539 0.79389
47540 0.639602
47541 0.829574
47542 0.733049
47543 0.715904
47544 0.839798
47545 0.845127
47546 0.619941
47547 0.947699
47548 0.695385
47549 0.920991
47550 0.650499
47551 0.612575
47552 0.765514
47553 0.746362
47554 0.726124
47555 0.773586
47556 0.73443
47557 0.7643
47558 0.842376
47559 0.638834
47560 0.751564
47561 0.680664
47562 0.70503
47563 0.687207
47564 0.931183
47565 0.671117
47566 0.808478
47567 0.783249
47568 0.575817
47569 0.789797
47570 0.803403
47571 0.815859
47572 0.75135
47573 0.665427
47574 0.721543
47575 0.785673
47576 0.694583
47577 0.722649
47578 0.635856
47579 0.733122
47580 0.724199
47581 0.92754
47582 0.929228
47583 0.722052
47584 0.700373
47585 0.781323
47586 0.588208
47587 0.752954
47588 0.94683
47589 0.651109
47590 0.76231
47591 0.847219
47592 0.830631
47593 0.636847
47594 0.746711
47595 0.88078
47596 0.877287
47597 0.832837
47598 0.788445
47599 0.918609
47600 0.676785
47601 0.610173
47602 0.936949
47603 0.955426
47604 0.654797
47605 0.869808
47606 0.783326
47607 0.775464
47608 0.731131
47609 0.864317
47610 0.753393
47611 0.860853
47612 0.739551
47613 0.743113
47614 0.834149
47615 0.815446
47616 0.816161
47617 0.837831
47618 0.814361
47619 0.957026
47620 0.831682
47621 0.772801
47622 0.759849
47623 0.751133
47624 0.742204
47625 0.655247
47626 0.757779
47627 0.791532
47628 0.872109
47629 0.614638
47630 0.869099
47631 0.696501
47632 0.652756
47633 0.668324
47634 0.693836
47635 0.928635
47636 0.760483
47637 0.699904
47638 0.732833
47639 0.919658
47640 0.657644
47641 0.839108
47642 0.817101
47643 0.883366
47644 0.742776
47645 0.896838
47646 0.645511
47647 0.541444
47648 0.700571
47649 0.65929
47650 0.871583
47651 0.918311
47652 0.679199
47653 0.715283
47654 0.563557
47655 0.823094
47656 0.721216
47657 0.730169
47658 0.710282
47659 0.698063
47660 0.716148
47661 0.722997
47662 0.764203
47663 0.68844
47664 0.668757
47665 0.764473
47666 0.783462
47667 0.662613
47668 0.641635
47669 0.691107
47670 0.829969
47671 0.870526
47672 0.735957
47673 0.83125
47674 0.74784
47675 0.643717
47676 0.839526
47677 0.726648
47678 0.81469
47679 0.630498
47680 0.579123
47681 0.633656
47682 0.638447
47683 0.645359
47684 0.726228
47685 0.6888
47686 0.639477
47687 0.90074
47688 0.85437
47689 0.758074
47690 0.675649
47691 0.623014
47692 0.882705
47693 0.899603
47694 0.842993
47695 0.610354
47696 0.659163
47697 0.690726
47698 0.701254
47699 0.775033
47700 0.797794
47701 0.922204
47702 0.914836
47703 0.964709
47704 0.643462
47705 0.808313
47706 0.58478
47707 0.784644
47708 0.774984
47709 0.727895
47710 0.757298
47711 0.929563
47712 0.749148
47713 0.678881
47714 0.700964
47715 0.749316
47716 0.653538
47717 0.844985
47718 0.660042
47719 0.74975
47720 0.701899
47721 0.727477
47722 0.610425
47723 0.743739
47724 0.778058
47725 0.84824
47726 0.537172
47727 0.766994
47728 0.810593
47729 0.796692
47730 0.644447
47731 0.719114
47732 0.863763
47733 0.712544
47734 0.825635
47735 0.810386
47736 0.700846
47737 0.793979
47738 0.726274
47739 0.611616
47740 0.641146
47741 0.708915
47742 0.607677
47743 0.662874
47744 0.764736
47745 0.664094
47746 0.678253
47747 0.776552
47748 0.664669
47749 0.715809
47750 0.811556
47751 0.867837
47752 0.713085
47753 0.78344
47754 0.857052
47755 0.84135
47756 0.838228
47757 0.858446
47758 0.705614
47759 0.753595
47760 0.758829
47761 0.789876
47762 0.779307
47763 0.959851
47764 0.669342
47765 0.866237
47766 0.706673
47767 0.587198
47768 0.65411
47769 0.84668
47770 0.709631
47771 0.828344
47772 0.929094
47773 0.788619
47774 0.8095
47775 0.633335
47776 0.566902
47777 0.658558
47778 0.721101
47779 0.720815
47780 0.954703
47781 0.727403
47782 0.852152
47783 0.808029
47784 0.757675
47785 0.850111
47786 0.766429
47787 0.871094
47788 0.944941
47789 0.695294
47790 0.84933
47791 0.753918
47792 0.869268
47793 0.911442
47794 0.484989
47795 0.77902
47796 0.575359
47797 0.818432
47798 0.793297
47799 0.893474
47800 0.801684
47801 0.966816
47802 0.867351
47803 0.597708
47804 0.887431
47805 0.735653
47806 0.742926
47807 0.722852
47808 0.576277
47809 0.614483
47810 0.645302
47811 0.943683
47812 0.991254
47813 0.829436
47814 0.671994
47815 0.688706
47816 0.637833
47817 0.846232
47818 0.747492
47819 0.559694
47820 0.748604
47821 0.786944
47822 0.744749
47823 0.831708
47824 0.769376
47825 0.693546
47826 0.734463
47827 0.81425
47828 0.611144
47829 0.813119
47830 0.85682
47831 0.80848
47832 0.799616
47833 0.910538
47834 0.909677
47835 0.858033
47836 0.928899
47837 0.902767
47838 0.712612
47839 0.764148
47840 0.698625
47841 0.796252
47842 0.694413
47843 0.747723
47844 0.73997
47845 0.694603
47846 0.838712
47847 0.720438
47848 0.721252
47849 0.753039
47850 0.664352
47851 0.651162
47852 0.805714
47853 0.921027
47854 0.776448
47855 0.678263
47856 0.731405
47857 0.764988
47858 0.85044
47859 0.723412
47860 0.57518
47861 0.787091
47862 0.789016
47863 0.774486
47864 0.902771
47865 0.765376
47866 0.809821
47867 0.78369
47868 0.863668
47869 0.773678
47870 0.804126
47871 0.571721
47872 0.503132
47873 0.776404
47874 0.887114
47875 0.73186
47876 0.81607
47877 0.777513
47878 0.6462
47879 0.83891
47880 0.647234
47881 0.688674
47882 0.727538
47883 0.740993
47884 0.897857
47885 0.878668
47886 0.729138
47887 0.92823
47888 0.788566
47889 0.737816
47890 0.540837
47891 0.638234
47892 0.662012
47893 0.722818
47894 0.606603
47895 0.874274
47896 0.862305
47897 0.864162
47898 0.857058
47899 0.633511
47900 0.655459
47901 0.866945
47902 0.87825
47903 0.682165
47904 0.812553
47905 0.646078
47906 0.720299
47907 0.718472
47908 0.760296
47909 0.775994
47910 0.74607
47911 0.826616
47912 0.798673
47913 0.807176
47914 0.936587
47915 0.873056
47916 0.858656
47917 0.68183
47918 0.639786
47919 0.797316
47920 0.819601
47921 0.750771
47922 0.674369
47923 0.697048
47924 0.802593
47925 0.78485
47926 0.878607
47927 0.735675
47928 0.856364
47929 0.81935
47930 0.76087
47931 0.835762
47932 0.839062
47933 0.839346
47934 0.852406
47935 0.704588
47936 0.825157
47937 0.726643
47938 0.752674
47939 0.734329
47940 0.643487
47941 0.710305
47942 0.69106
47943 0.708815
47944 0.910056
47945 0.940434
47946 0.757044
47947 0.789873
47948 0.977747
47949 0.832389
47950 0.778097
47951 0.774539
47952 0.744052
47953 0.69992
47954 0.893046
47955 0.553625
47956 0.768075
47957 0.820972
47958 0.70576
47959 0.660378
47960 0.806608
47961 0.767418
47962 0.683451
47963 0.894658
47964 0.832167
47965 0.955893
47966 0.792428
47967 0.722162
47968 0.775194
47969 0.945407
47970 0.778603
47971 0.863435
47972 0.705933
47973 0.777808
47974 0.754624
47975 0.690265
47976 0.761906
47977 0.68372
47978 0.649314
47979 0.580085
47980 0.717524
47981 0.850382
47982 0.854005
47983 0.745671
47984 0.769071
47985 0.763422
47986 0.751767
47987 0.6669
47988 0.818124
47989 0.667135
47990 0.623995
47991 0.681994
47992 0.640685
47993 0.899206
47994 0.645703
47995 0.779103
47996 0.775533
47997 0.798479
47998 0.733887
47999 0.83247
48000 0.630871
48001 0.872958
48002 0.881904
48003 0.623646
48004 0.917572
48005 0.856968
48006 0.826385
48007 0.847136
48008 0.845137
48009 0.767507
48010 0.790343
48011 0.918409
48012 0.742469
48013 0.938944
48014 0.936852
48015 0.643293
48016 0.794516
48017 0.769397
48018 0.783906
48019 0.708057
48020 0.855251
48021 0.892673
48022 0.835701
48023 0.857863
48024 0.825723
48025 0.921629
48026 0.62596
48027 0.837148
48028 0.740001
48029 0.694354
48030 0.79141
48031 0.814231
48032 0.75535
48033 0.791879
48034 0.77459
48035 0.797104
48036 0.786751
48037 0.807716
48038 0.630343
48039 0.653933
48040 0.61911
48041 0.650737
48042 0.796908
48043 0.645321
48044 0.787466
48045 0.627557
48046 0.788385
48047 0.614217
48048 0.853331
48049 0.871416
48050 0.743314
48051 0.799732
48052 0.891988
48053 0.858899
48054 0.667639
48055 0.590493
48056 0.8386
48057 0.929401
48058 0.78392
48059 0.835988
48060 0.849385
48061 0.785568
48062 0.692786
48063 0.735349
48064 0.712325
48065 0.591587
48066 0.578897
48067 0.885074
48068 0.63163
48069 0.833496
48070 0.739044
48071 0.583061
48072 0.774982
48073 0.708539
48074 0.706672
48075 0.595025
48076 0.741634
48077 0.671131
48078 0.632061
48079 0.583983
48080 0.477021
48081 0.614353
48082 0.85679
48083 0.744414
48084 0.803682
48085 0.603873
48086 0.817972
48087 0.612791
48088 0.799432
48089 0.795805
48090 0.896636
48091 0.876488
48092 0.689404
48093 0.840324
48094 0.594416
48095 0.808265
48096 0.686974
48097 0.846276
48098 0.5773
48099 0.778452
48100 0.699614
48101 0.747008
48102 0.920374
48103 0.533257
48104 0.84442
48105 0.55394
48106 0.698428
48107 0.86046
48108 0.789271
48109 0.592111
48110 0.701119
48111 0.832284
48112 0.750004
48113 0.746149
48114 0.714082
48115 0.702761
48116 0.645317
48117 0.665541
48118 0.79814
48119 0.687158
48120 0.614926
48121 0.676894
48122 0.701569
48123 0.716506
48124 0.720258
48125 0.760813
48126 0.701547
48127 0.714438
48128 0.698409
48129 0.688478
48130 0.66179
48131 0.784109
48132 0.774048
48133 0.726562
48134 0.668757
48135 0.860524
48136 0.881725
48137 0.797393
48138 0.798443
48139 0.784627
48140 0.623176
48141 0.671695
48142 0.84372
48143 0.719404
48144 0.805992
48145 0.791768
48146 0.815268
48147 0.864992
48148 0.874698
48149 0.600766
48150 0.653668
48151 0.734398
48152 0.75068
48153 0.664316
48154 0.863362
48155 0.668934
48156 0.721112
48157 0.819889
48158 0.821347
48159 0.825211
48160 0.797671
48161 0.576676
48162 0.792628
48163 0.639249
48164 0.793421
48165 0.6512
48166 0.914029
48167 0.797997
48168 0.732565
48169 0.853974
48170 0.783164
48171 0.837193
48172 0.741465
48173 0.78423
48174 0.64875
48175 0.710434
48176 0.782342
48177 0.829776
48178 0.841829
48179 0.679099
48180 0.711222
48181 0.547868
48182 0.866507
48183 0.77178
48184 0.607785
48185 0.758356
48186 0.79562
48187 0.604828
48188 0.732955
48189 0.753706
48190 0.753657
48191 0.803135
48192 0.6277
48193 0.718428
48194 0.634772
48195 0.601598
48196 0.766593
48197 0.842576
48198 0.64197
48199 0.626969
48200 0.741289
48201 0.680972
48202 0.774896
48203 0.821992
48204 0.776949
48205 0.697194
48206 0.781882
48207 0.706823
48208 0.704444
48209 0.625091
48210 0.753442
48211 0.808138
48212 0.694959
48213 0.701701
48214 0.825124
48215 0.849372
48216 0.694405
48217 0.764555
48218 0.435141
48219 0.763919
48220 0.728529
48221 0.741416
48222 0.761231
48223 0.946691
48224 0.821702
48225 0.631619
48226 0.911468
48227 0.612962
48228 0.575491
48229 0.709325
48230 0.837006
48231 0.839825
48232 0.529177
48233 0.67761
48234 0.832319
48235 0.85282
48236 0.657005
48237 0.747203
48238 0.663889
48239 0.832778
48240 0.907523
48241 0.813254
48242 0.947669
48243 0.840737
48244 0.673591
48245 0.810886
48246 0.93828
48247 0.756899
48248 0.816461
48249 0.815504
48250 0.555999
48251 0.412386
48252 0.780542
48253 0.803096
48254 0.649819
48255 0.550759
48256 0.793603
48257 0.656379
48258 0.90967
48259 0.696741
48260 0.810078
48261 0.481301
48262 0.733573
48263 0.82529
48264 0.77986
48265 0.800492
48266 0.773624
48267 0.567416
48268 0.709151
48269 0.716229
48270 0.87124
48271 0.75743
48272 0.757222
48273 0.812231
48274 0.862165
48275 0.891511
48276 0.842357
48277 0.687086
48278 0.617016
48279 0.632858
48280 0.713839
48281 0.620837
48282 0.790888
48283 0.742214
48284 0.640186
48285 0.735283
48286 0.752416
48287 0.705363
48288 0.689046
48289 0.797855
48290 0.642449
48291 0.662943
48292 0.726768
48293 0.653327
48294 0.701055
48295 0.641176
48296 0.680485
48297 0.662758
48298 0.789486
48299 0.69957
48300 0.691744
48301 0.791795
48302 0.758403
48303 0.841749
48304 0.833015
48305 0.805377
48306 0.812029
48307 0.882433
48308 0.819566
48309 0.769791
48310 0.742395
48311 0.719689
48312 0.845813
48313 0.872639
48314 0.653127
48315 0.902611
48316 0.557092
48317 0.908647
48318 0.752224
48319 0.81947
48320 0.484387
48321 0.876907
48322 0.711434
48323 0.734697
48324 0.723064
48325 0.626008
48326 0.798478
48327 0.714196
48328 0.762851
48329 0.784045
48330 0.76597
48331 0.810906
48332 0.889888
48333 0.943531
48334 0.668532
48335 0.915005
48336 0.94762
48337 0.745889
48338 0.695291
48339 0.75928
48340 0.809706
48341 0.782921
48342 0.696445
48343 0.777748
48344 0.756373
48345 0.781102
48346 0.786719
48347 0.84259
48348 0.67082
48349 0.685267
48350 0.714392
48351 0.869654
48352 0.763221
48353 0.696976
48354 0.749456
48355 0.902209
48356 0.732037
48357 0.761825
48358 0.929149
48359 0.756368
48360 0.943318
48361 0.772375
48362 0.909914
48363 0.891999
48364 0.860172
48365 0.841222
48366 0.926625
48367 0.6226
48368 0.66641
48369 0.65594
48370 0.522487
48371 0.829317
48372 0.841716
48373 0.757209
48374 0.753636
48375 0.726463
48376 0.807528
48377 0.637837
48378 0.736009
48379 0.783128
48380 0.756371
48381 0.783669
48382 0.558881
48383 0.770038
48384 0.696853
48385 0.696666
48386 0.645553
48387 0.659403
48388 0.695256
48389 0.837978
48390 0.673513
48391 0.658785
48392 0.677008
48393 0.692803
48394 0.737999
48395 0.7146
48396 0.841803
48397 0.657569
48398 0.387292
48399 0.802858
48400 0.812787
48401 0.833446
48402 0.839419
48403 0.614644
48404 0.874177
48405 0.550352
48406 0.742576
48407 0.716088
48408 0.560705
48409 0.76518
48410 0.80205
48411 0.787671
48412 0.861065
48413 0.95315
48414 0.904599
48415 0.906299
48416 0.710201
48417 0.664929
48418 0.843582
48419 0.653985
48420 0.861614
48421 0.727256
48422 0.741926
48423 0.695625
48424 0.50939
48425 0.704643
48426 0.66179
48427 0.667576
48428 0.629546
48429 0.693166
48430 0.785468
48431 0.66124
48432 0.822041
48433 0.748016
48434 0.710786
48435 0.828762
48436 0.694604
48437 0.634031
48438 0.704808
48439 0.676
48440 0.802333
48441 0.703763
48442 0.783548
48443 0.778502
48444 0.881186
48445 0.738073
48446 0.667047
48447 0.782792
48448 0.825598
48449 0.774139
48450 0.820795
48451 0.790391
48452 0.771431
48453 0.741962
48454 0.612006
48455 0.87047
48456 0.886839
48457 0.881696
48458 0.658952
48459 0.673016
48460 0.596284
48461 0.765305
48462 0.78072
48463 0.389752
48464 0.742356
48465 0.761269
48466 0.736227
48467 0.635673
48468 0.724008
48469 0.838022
48470 0.761976
48471 0.706462
48472 0.775994
48473 0.785391
48474 0.837187
48475 0.762586
48476 0.633423
48477 0.867352
48478 0.559173
48479 0.807227
48480 0.867758
48481 0.799284
48482 0.851794
48483 0.791562
48484 0.879933
48485 0.644392
48486 0.63908
48487 0.801531
48488 0.706448
48489 0.695341
48490 0.716415
48491 0.851762
48492 0.710876
48493 0.716689
48494 0.810451
48495 0.724046
48496 0.560731
48497 0.566078
48498 0.690328
48499 0.723905
48500 0.708183
48501 0.611519
48502 0.787581
48503 0.785546
48504 0.69607
48505 0.920758
48506 0.865596
48507 0.840377
48508 0.958361
48509 0.937659
48510 0.661964
48511 0.713408
48512 0.984478
48513 0.939409
48514 0.587959
48515 0.848253
48516 0.91979
48517 0.686243
48518 0.712265
48519 0.778443
48520 0.887417
48521 0.893739
48522 0.942794
48523 0.666282
48524 0.806444
48525 0.722853
48526 0.635543
48527 0.752968
48528 0.643851
48529 0.843013
48530 0.631706
48531 0.891496
48532 0.802034
48533 0.756935
48534 0.833754
48535 0.941308
48536 0.639329
48537 0.856563
48538 0.79055
48539 0.668456
48540 0.788554
48541 0.776877
48542 0.725218
48543 0.677199
48544 0.778629
48545 0.770784
48546 0.652462
48547 0.704305
48548 0.646873
48549 0.640978
48550 0.90929
48551 0.802714
48552 0.649826
48553 0.838784
48554 0.849299
48555 0.599916
48556 0.789817
48557 0.888493
48558 0.706943
48559 0.786773
48560 0.750329
48561 0.718224
48562 0.951063
48563 0.725732
48564 0.762699
48565 0.66797
48566 0.818599
48567 0.599148
48568 0.803331
48569 0.912543
48570 0.775171
48571 0.630184
48572 0.911973
48573 0.74649
48574 0.852981
48575 0.791996
48576 0.689886
48577 0.688408
48578 0.764471
48579 0.760244
48580 0.82628
48581 0.717547
48582 0.680042
48583 0.528005
48584 0.720143
48585 0.725258
48586 0.775383
48587 0.759348
48588 0.895285
48589 0.797677
48590 0.709955
48591 0.675716
48592 0.722305
48593 0.703246
48594 0.618822
48595 0.771847
48596 0.755777
48597 0.76862
48598 0.686398
48599 0.94036
48600 0.926201
48601 0.644778
48602 0.706293
48603 0.765616
48604 0.732269
48605 0.814415
48606 0.715876
48607 0.721433
48608 0.698529
48609 0.793101
48610 0.796691
48611 0.730729
48612 0.720639
48613 0.860725
48614 0.778603
48615 0.796407
48616 0.729954
48617 0.818292
48618 0.906513
48619 0.869862
48620 0.770326
48621 0.958418
48622 0.837965
48623 0.925576
48624 0.74844
48625 0.792031
48626 0.657846
48627 0.940532
48628 0.869184
48629 0.868178
48630 0.740162
48631 0.606881
48632 0.749131
48633 0.803928
48634 0.900545
48635 0.937588
48636 0.84087
48637 0.730154
48638 0.845399
48639 0.759499
48640 0.813105
48641 0.842999
48642 0.830349
48643 0.832795
48644 0.877843
48645 0.687013
48646 0.603577
48647 0.69129
48648 0.59698
48649 0.501053
48650 0.746497
48651 0.660862
48652 0.652893
48653 0.603588
48654 0.726937
48655 0.74734
48656 0.642359
48657 0.793629
48658 0.72497
48659 0.569746
48660 0.725735
48661 0.707251
48662 0.804569
48663 0.606755
48664 0.782036
48665 0.720648
48666 0.64831
48667 0.604708
48668 0.920095
48669 0.801053
48670 0.665272
48671 0.610911
48672 0.639987
48673 0.754013
48674 0.652031
48675 0.739639
48676 0.839509
48677 0.924667
48678 0.714943
48679 0.730106
48680 0.828884
48681 0.892452
48682 0.687386
48683 0.714353
48684 0.840924
48685 0.907361
48686 0.833209
48687 0.940904
48688 0.787168
48689 0.960091
48690 0.695089
48691 0.777284
48692 0.52993
48693 0.635743
48694 0.777936
48695 0.905937
48696 0.749
48697 0.518915
48698 0.659372
48699 0.685107
48700 0.808089
48701 0.783972
48702 0.726423
48703 0.658376
48704 0.633666
48705 0.785502
48706 0.636564
48707 0.636498
48708 0.798798
48709 0.826899
48710 0.834317
48711 0.733631
48712 0.789365
48713 0.724975
48714 0.735494
48715 0.596025
48716 0.865534
48717 0.847037
48718 0.844186
48719 0.758001
48720 0.888595
48721 0.931886
48722 0.952771
48723 0.692249
48724 0.875814
48725 0.900205
48726 0.765044
48727 0.762322
48728 0.767109
48729 0.730105
48730 0.814805
48731 0.701495
48732 0.608658
48733 0.785603
48734 0.625415
48735 0.725688
48736 0.69081
48737 0.723629
48738 0.671323
48739 0.587058
48740 0.682704
48741 0.76848
48742 0.737006
48743 0.952644
48744 0.685215
48745 0.793023
48746 0.788297
48747 0.632989
48748 0.835391
48749 0.658862
48750 0.840279
48751 0.916078
48752 0.83965
48753 0.677409
48754 0.637265
48755 0.641093
48756 0.693632
48757 0.641442
48758 0.681222
48759 0.788988
48760 0.837574
48761 0.704804
48762 0.729844
48763 0.578924
48764 0.63445
48765 0.732102
48766 0.650452
48767 0.687132
48768 0.642951
48769 0.579108
48770 0.700871
48771 0.82645
48772 0.73212
48773 0.681165
48774 0.773432
48775 0.793219
48776 0.802628
48777 0.562642
48778 0.925815
48779 0.718306
48780 0.669689
48781 0.612443
48782 0.739355
48783 0.695099
48784 0.622466
48785 0.754159
48786 0.601181
48787 0.735303
48788 0.729737
48789 0.77675
48790 0.728897
48791 0.774259
48792 0.713682
48793 0.75824
48794 0.701463
48795 0.742818
48796 0.537543
48797 0.911764
48798 0.727645
48799 0.689362
48800 0.823874
48801 0.641087
48802 0.755771
48803 0.645351
48804 0.753728
48805 0.833203
48806 0.640393
48807 0.638052
48808 0.779204
48809 0.814123
48810 0.709567
48811 0.683362
48812 0.840318
48813 0.791234
48814 0.546601
48815 0.78474
48816 0.925636
48817 0.896191
48818 0.904592
48819 0.696496
48820 0.790362
48821 0.678517
48822 0.817655
48823 0.779472
48824 0.88112
48825 0.817122
48826 0.723613
48827 0.785569
48828 0.716688
48829 0.751847
48830 0.766885
48831 0.604664
48832 0.820849
48833 0.799342
48834 0.843388
48835 0.675311
48836 0.753976
48837 0.725715
48838 0.887705
48839 0.819835
48840 0.876267
48841 0.927308
48842 0.722321
48843 0.80568
48844 0.908366
48845 0.852093
48846 0.863914
48847 0.732252
48848 0.901297
48849 0.867411
48850 0.71517
48851 0.870951
48852 0.887123
48853 0.80229
48854 0.842593
48855 0.636606
48856 0.727808
48857 0.773856
48858 0.833644
48859 0.68408
48860 0.749512
48861 0.760283
48862 0.781681
48863 0.67375
48864 0.767779
48865 0.728399
48866 0.805086
48867 0.731777
48868 0.828388
48869 0.73155
48870 0.910319
48871 0.873004
48872 0.769063
48873 0.901181
48874 0.756388
48875 0.916475
48876 0.769501
48877 0.75149
48878 0.871206
48879 0.749267
48880 0.684736
48881 0.687824
48882 0.71175
48883 0.887303
48884 0.756292
48885 0.653855
48886 0.717005
48887 0.863632
48888 0.647345
48889 0.881535
48890 0.787055
48891 0.882981
48892 0.743649
48893 0.639863
48894 0.68675
48895 0.792138
48896 0.776056
48897 0.734407
48898 0.824012
48899 0.782656
48900 0.77409
48901 0.685113
48902 0.781133
48903 0.795708
48904 0.529835
48905 0.661781
48906 0.834804
48907 0.792666
48908 0.912217
48909 0.865049
48910 0.957174
48911 0.815425
48912 0.959098
48913 0.851003
48914 0.822416
48915 0.913923
48916 0.89193
48917 0.932983
48918 0.942217
48919 0.917451
48920 0.686228
48921 0.621702
48922 0.715422
48923 0.649487
48924 0.602465
48925 0.906673
48926 0.827384
48927 0.654227
48928 0.675698
48929 0.893431
48930 0.647741
48931 0.700769
48932 0.752809
48933 0.585545
48934 0.764266
48935 0.685645
48936 0.763037
48937 0.87274
48938 0.68139
48939 0.953739
48940 0.854558
48941 0.781082
48942 0.623791
48943 0.931916
48944 0.820784
48945 0.897426
48946 0.846313
48947 0.896522
48948 0.746202
48949 0.724201
48950 0.716238
48951 0.874333
48952 0.688014
48953 0.797269
48954 0.951008
48955 0.734533
48956 0.685569
48957 0.782148
48958 0.786962
48959 0.760006
48960 0.628369
48961 0.712314
48962 0.65006
48963 0.953472
48964 0.733469
48965 0.904975
48966 0.62896
48967 0.661126
48968 0.656298
48969 0.774546
48970 0.671264
48971 0.810707
48972 0.743529
48973 0.775731
48974 0.726386
48975 0.848679
48976 0.748123
48977 0.661616
48978 0.697642
48979 0.664819
48980 0.695993
48981 0.761924
48982 0.640382
48983 0.822054
48984 0.818208
48985 0.754459
48986 0.723622
48987 0.778663
48988 0.711957
48989 0.814205
48990 0.921874
48991 0.924612
48992 0.67681
48993 0.911974
48994 0.720332
48995 0.708708
48996 0.900148
48997 0.642569
48998 0.742566
48999 0.724661
49000 0.674224
49001 0.790552
49002 0.705295
49003 0.729543
49004 0.740503
49005 0.589252
49006 0.685829
49007 0.734223
49008 0.634769
49009 0.610378
49010 0.577216
49011 0.673871
49012 0.616894
49013 0.721045
49014 0.789524
49015 0.752315
49016 0.613921
49017 0.557817
49018 0.800455
49019 0.730863
49020 0.806588
49021 0.788765
49022 0.835696
49023 0.790037
49024 0.657635
49025 0.82835
49026 0.696903
49027 0.689324
49028 0.642927
49029 0.692413
49030 0.74077
49031 0.67953
49032 0.66798
49033 0.707905
49034 0.709204
49035 0.692419
49036 0.630704
49037 0.748682
49038 0.775731
49039 0.927591
49040 0.882895
49041 0.809907
49042 0.807524
49043 0.710936
49044 0.68216
49045 0.781647
49046 0.800111
49047 0.840517
49048 0.774991
49049 0.77942
49050 0.794834
49051 0.636209
49052 0.645293
49053 0.726782
49054 0.69273
49055 0.790393
49056 0.794734
49057 0.79787
49058 0.824923
49059 0.787809
49060 0.859139
49061 0.80066
49062 0.709452
49063 0.757645
49064 0.748411
49065 0.794341
49066 0.817308
49067 0.834371
49068 0.828474
49069 0.729082
49070 0.894584
49071 0.747684
49072 0.689974
49073 0.826614
49074 0.746239
49075 0.701608
49076 0.769282
49077 0.750109
49078 0.65652
49079 0.822587
49080 0.798181
49081 0.623022
49082 0.778696
49083 0.619529
49084 0.616102
49085 0.819351
49086 0.703978
49087 0.858292
49088 0.621865
49089 0.859598
49090 0.88543
49091 0.857462
49092 0.821038
49093 0.665343
49094 0.748812
49095 0.542101
49096 0.623108
49097 0.719905
49098 0.754361
49099 0.776321
49100 0.676244
49101 0.921859
49102 0.859729
49103 0.867346
49104 0.740711
49105 0.770376
49106 0.978202
49107 0.847793
49108 0.783468
49109 0.776639
49110 0.625872
49111 0.601849
49112 0.713293
49113 0.761769
49114 0.642231
49115 0.680687
49116 0.876036
49117 0.773836
49118 0.596546
49119 0.68367
49120 0.645914
49121 0.734445
49122 0.896892
49123 0.677248
49124 0.83513
49125 0.813254
49126 0.713174
49127 0.84625
49128 0.85821
49129 0.850407
49130 0.741844
49131 0.978496
49132 0.67648
49133 0.853823
49134 0.858862
49135 0.931364
49136 0.608229
49137 0.715569
49138 0.651252
49139 0.809467
49140 0.818742
49141 0.822737
49142 0.945845
49143 0.82421
49144 0.749495
49145 0.546815
49146 0.64981
49147 0.689118
49148 0.783191
49149 0.888572
49150 0.978481
49151 0.742118
49152 0.818772
49153 0.798922
49154 0.932612
49155 0.695468
49156 0.636252
49157 0.682755
49158 0.551475
49159 0.713024
49160 0.794135
49161 0.783485
49162 0.817422
49163 0.777319
49164 0.796262
49165 0.742902
49166 0.861892
49167 0.874928
49168 0.65491
49169 0.788469
49170 0.867672
49171 0.778565
49172 0.787231
49173 0.751852
49174 0.690895
49175 0.783935
49176 0.756739
49177 0.712606
49178 0.801158
49179 0.834851
49180 0.787125
49181 0.754882
49182 0.707913
49183 0.807737
49184 0.81785
49185 0.97856
49186 0.827766
49187 0.633677
49188 0.620302
49189 0.872895
49190 0.826814
49191 0.736802
49192 0.632164
49193 0.945085
49194 0.861861
49195 0.63863
49196 0.839443
49197 0.628561
49198 0.831644
49199 0.735805
49200 0.515478
49201 0.534769
49202 0.885733
49203 0.630992
49204 0.717866
49205 0.657937
49206 0.642538
49207 0.578877
49208 0.634091
49209 0.758236
49210 0.669968
49211 0.66975
49212 0.643773
49213 0.948874
49214 0.793186
49215 0.973885
49216 0.829187
49217 0.70413
49218 0.783193
49219 0.75996
49220 0.672791
49221 0.937324
49222 0.853924
49223 0.688159
49224 0.66867
49225 0.775618
49226 0.767268
49227 0.787794
49228 0.892608
49229 0.765102
49230 0.873231
49231 0.865617
49232 0.797383
49233 0.761759
49234 0.797454
49235 0.715265
49236 0.942396
49237 0.853338
49238 0.854416
49239 0.879903
49240 0.667496
49241 0.751016
49242 0.703796
49243 0.775856
49244 0.763311
49245 0.950457
49246 0.690881
49247 0.709217
49248 0.783382
49249 0.780778
49250 0.74328
49251 0.702221
49252 0.68874
49253 0.731197
49254 0.733975
49255 0.745769
49256 0.712049
49257 0.756582
49258 0.711746
49259 0.884342
49260 0.672105
49261 0.894075
49262 0.925882
49263 0.713027
49264 0.728048
49265 0.731293
49266 0.73544
49267 0.766983
49268 0.924046
49269 0.506703
49270 0.799865
49271 0.744836
49272 0.715645
49273 0.837131
49274 0.830965
49275 0.718214
49276 0.5456
49277 0.735222
49278 0.715054
49279 0.51932
49280 0.539983
49281 0.591598
49282 0.905888
49283 0.856718
49284 0.585173
49285 0.646791
49286 0.827434
49287 0.493234
49288 0.492137
49289 0.706049
49290 0.443798
49291 0.535235
49292 0.721411
49293 0.797512
49294 0.616244
49295 0.894814
49296 0.818977
49297 0.857767
49298 0.515592
49299 0.737372
49300 0.736567
49301 0.80002
49302 0.823005
49303 0.792876
49304 0.743095
49305 0.792419
49306 0.749501
49307 0.838
49308 0.862637
49309 0.906055
49310 0.849295
49311 0.854591
49312 0.714235
49313 0.745405
49314 0.809529
49315 0.661846
49316 0.701698
49317 0.83633
49318 0.897709
49319 0.886026
49320 0.917533
49321 0.824666
49322 0.758513
49323 0.683198
49324 0.797123
49325 0.932806
49326 0.736217
49327 0.881695
49328 0.679455
49329 0.753041
49330 0.905061
49331 0.869411
49332 0.880663
49333 0.71317
49334 0.849181
49335 0.744805
49336 0.639649
49337 0.677022
49338 0.955616
49339 0.792144
49340 0.870688
49341 0.840845
49342 0.887231
49343 0.717486
49344 0.895123
49345 0.619611
49346 0.785022
49347 0.666595
49348 0.780317
49349 0.62145
49350 0.742986
49351 0.716477
49352 0.834173
49353 0.650776
49354 0.791432
49355 0.821999
49356 0.72461
49357 0.766326
49358 0.652735
49359 0.725901
49360 0.725194
49361 0.670359
49362 0.80552
49363 0.685554
49364 0.814318
49365 0.63535
49366 0.958696
49367 0.686043
49368 0.662167
49369 0.823349
49370 0.921249
49371 0.775355
49372 0.680615
49373 0.757799
49374 0.828701
49375 0.655946
49376 0.764765
49377 0.78856
49378 0.787325
49379 0.730191
49380 0.636224
49381 0.809394
49382 0.794797
49383 0.709036
49384 0.798822
49385 0.696752
49386 0.841631
49387 0.720753
49388 0.715515
49389 0.72371
49390 0.691574
49391 0.699521
49392 0.746897
49393 0.632843
49394 0.635824
49395 0.709573
49396 0.788247
49397 0.653469
49398 0.749339
49399 0.89401
49400 0.885867
49401 0.762723
49402 0.781205
49403 0.848328
49404 0.959893
49405 0.878773
49406 0.924548
49407 0.848198
49408 0.902213
49409 0.519966
49410 0.706122
49411 0.764439
49412 0.816879
49413 0.753392
49414 0.741207
49415 0.924035
49416 0.792618
49417 0.789891
49418 0.751368
49419 0.55093
49420 0.89594
49421 0.609789
49422 0.807396
49423 0.759177
49424 0.775157
49425 0.660297
49426 0.576079
49427 0.921774
49428 0.562668
49429 0.755359
49430 0.762991
49431 0.714927
49432 0.738782
49433 0.797499
49434 0.847451
49435 0.697218
49436 0.783438
49437 0.705224
49438 0.722092
49439 0.737491
49440 0.760505
49441 0.824968
49442 0.790945
49443 0.562954
49444 0.734698
49445 0.570328
49446 0.829573
49447 0.825639
49448 0.69298
49449 0.743627
49450 0.671464
49451 0.591337
49452 0.751854
49453 0.783332
49454 0.706467
49455 0.647767
49456 0.669318
49457 0.716962
49458 0.66513
49459 0.946736
49460 0.648358
49461 0.821425
49462 0.90643
49463 0.864987
49464 0.716743
49465 0.699961
49466 0.672415
49467 0.689065
49468 0.900964
49469 0.775537
49470 0.757806
49471 0.785194
49472 0.81566
49473 0.887789
49474 0.824066
49475 0.813556
49476 0.728184
49477 0.784483
49478 0.586996
49479 0.591067
49480 0.866718
49481 0.940984
49482 0.634553
49483 0.659257
49484 0.726978
49485 0.618356
49486 0.846788
49487 0.825083
49488 0.810404
49489 0.63849
49490 0.702962
49491 0.558642
49492 0.813007
49493 0.78787
49494 0.652136
49495 0.669754
49496 0.743883
49497 0.734128
49498 0.900358
49499 0.792333
49500 0.714583
49501 0.661595
49502 0.906421
49503 0.656292
49504 0.676142
49505 0.867426
49506 0.728407
49507 0.811123
49508 0.734839
49509 0.838594
49510 0.691638
49511 0.710748
49512 0.825001
49513 0.759276
49514 0.828754
49515 0.791786
49516 0.820433
49517 0.848284
49518 0.940555
49519 0.626168
49520 0.751795
49521 0.635781
49522 0.819314
49523 0.610328
49524 0.822027
49525 0.688323
49526 0.852953
49527 0.692232
49528 0.560615
49529 0.698806
49530 0.770983
49531 0.863748
49532 0.793091
49533 0.689875
49534 0.712242
49535 0.910166
49536 0.78904
49537 0.773906
49538 0.687198
49539 0.824536
49540 0.665521
49541 0.633284
49542 0.781003
49543 0.926049
49544 0.767679
49545 0.756082
49546 0.716194
49547 0.718016
49548 0.719208
49549 0.815641
49550 0.461937
49551 0.527374
49552 0.652663
49553 0.93964
49554 0.85406
49555 0.663543
49556 0.690451
49557 0.700161
49558 0.818959
49559 0.767458
49560 0.804678
49561 0.71105
49562 0.896746
49563 0.901029
49564 0.881533
49565 0.871683
49566 0.67409
49567 0.808573
49568 0.858979
49569 0.949556
49570 0.774476
49571 0.796519
49572 0.846241
49573 0.742789
49574 0.871054
49575 0.826122
49576 0.858127
49577 0.733444
49578 0.715158
49579 0.725282
49580 0.870224
49581 0.952813
49582 0.803745
49583 0.846537
49584 0.742949
49585 0.842321
49586 0.650823
49587 0.777803
49588 0.819728
49589 0.952739
49590 0.584597
49591 0.772668
49592 0.637384
49593 0.714593
49594 0.809724
49595 0.786426
49596 0.729008
49597 0.628811
49598 0.864606
49599 0.805198
49600 0.77944
49601 0.728531
49602 0.65325
49603 0.702598
49604 0.876555
49605 0.88901
49606 0.790882
49607 0.685064
49608 0.637717
49609 0.736807
49610 0.804016
49611 0.813138
49612 0.7829
49613 0.804395
49614 0.736005
49615 0.697917
49616 0.813605
49617 0.818323
49618 0.713282
49619 0.841055
49620 0.844855
49621 0.721705
49622 0.66728
49623 0.875047
49624 0.755768
49625 0.787714
49626 0.749891
49627 0.814693
49628 0.697648
49629 0.734844
49630 0.678476
49631 0.664204
49632 0.73721
49633 0.639492
49634 0.743262
49635 0.720582
49636 0.624065
49637 0.681493
49638 0.563769
49639 0.654454
49640 0.644288
49641 0.607395
49642 0.718597
49643 0.621383
49644 0.71794
49645 0.722694
49646 0.85594
49647 0.950554
49648 0.877332
49649 0.886272
49650 0.8262
49651 0.827591
49652 0.771514
49653 0.845628
49654 0.879359
49655 0.707814
49656 0.85385
49657 0.733609
49658 0.819631
49659 0.711681
49660 0.876788
49661 0.663197
49662 0.694275
49663 0.791415
49664 0.8299
49665 0.720883
49666 0.713865
49667 0.59091
49668 0.776857
49669 0.658065
49670 0.632357
49671 0.795029
49672 0.725532
49673 0.694245
49674 0.726435
49675 0.677141
49676 0.832891
49677 0.795083
49678 0.786262
49679 0.763949
49680 0.805711
49681 0.587215
49682 0.538538
49683 0.672374
49684 0.712415
49685 0.626381
49686 0.950911
49687 0.883054
49688 0.782626
49689 0.865394
49690 0.857788
49691 0.772468
49692 0.76599
49693 0.823474
49694 0.800277
49695 0.867541
49696 0.810192
49697 0.68692
49698 0.894514
49699 0.837224
49700 0.798689
49701 0.896357
49702 0.855864
49703 0.910847
49704 0.700116
49705 0.735726
49706 0.7087
49707 0.60663
49708 0.772611
49709 0.743503
49710 0.652174
49711 0.757383
49712 0.712072
49713 0.943023
49714 0.855042
49715 0.83924
49716 0.689438
49717 0.691337
49718 0.820807
49719 0.690121
49720 0.74002
49721 0.759371
49722 0.675199
49723 0.652174
49724 0.644486
49725 0.848431
49726 0.636357
49727 0.749884
49728 0.583954
49729 0.801019
49730 0.818854
49731 0.821525
49732 0.66613
49733 0.882157
49734 0.543731
49735 0.655547
49736 0.763271
49737 0.661489
49738 0.882449
49739 0.664402
49740 0.894281
49741 0.751257
49742 0.709061
49743 0.613722
49744 0.783373
49745 0.672106
49746 0.671338
49747 0.851341
49748 0.78144
49749 0.916899
49750 0.646637
49751 0.752531
49752 0.521657
49753 0.782792
49754 0.77922
49755 0.648141
49756 0.86332
49757 0.732917
49758 0.678372
49759 0.894953
49760 0.804704
49761 0.770775
49762 0.699944
49763 0.711732
49764 0.719209
49765 0.811982
49766 0.627125
49767 0.593809
49768 0.737258
49769 0.70622
49770 0.746708
49771 0.829232
49772 0.730819
49773 0.774754
49774 0.855271
49775 0.808225
49776 0.870951
49777 0.740186
49778 0.913798
49779 0.68393
49780 0.686773
49781 0.727545
49782 0.655333
49783 0.721851
49784 0.755874
49785 0.80612
49786 0.730476
49787 0.74597
49788 0.739765
49789 0.731805
49790 0.695944
49791 0.61161
49792 0.744651
49793 0.550806
49794 0.794427
49795 0.70384
49796 0.757664
49797 0.617983
49798 0.690974
49799 0.624475
49800 0.705834
49801 0.706328
49802 0.761373
49803 0.729714
49804 0.814731
49805 0.897633
49806 0.75908
49807 0.95394
49808 0.949938
49809 0.787994
49810 0.775462
49811 0.983116
49812 0.733133
49813 0.668536
49814 0.752952
49815 0.865814
49816 0.803817
49817 0.717057
49818 0.621423
49819 0.73286
49820 0.710691
49821 0.780808
49822 0.787382
49823 0.776524
49824 0.717336
49825 0.768282
49826 0.754338
49827 0.770466
49828 0.8112
49829 0.689714
49830 0.610932
49831 0.719094
49832 0.81193
49833 0.817445
49834 0.835303
49835 0.689823
49836 0.659965
49837 0.761827
49838 0.803178
49839 0.656519
49840 0.71985
49841 0.737336
49842 0.726531
49843 0.608615
49844 0.716256
49845 0.578541
49846 0.752029
49847 0.779565
49848 0.79378
49849 0.65071
49850 0.956988
49851 0.733499
49852 0.69915
49853 0.867715
49854 0.948278
49855 0.731448
49856 0.759068
49857 0.949872
49858 0.762252
49859 0.712334
49860 0.713597
49861 0.918676
49862 0.697164
49863 0.704734
49864 0.752589
49865 0.546517
49866 0.649961
49867 0.688021
49868 0.617599
49869 0.762005
49870 0.539949
49871 0.890127
49872 0.665624
49873 0.70862
49874 0.880536
49875 0.568977
49876 0.592419
49877 0.538719
49878 0.682607
49879 0.688629
49880 0.740101
49881 0.684614
49882 0.623109
49883 0.68818
49884 0.714052
49885 0.772789
49886 0.599392
49887 0.666244
49888 0.689814
49889 0.675981
49890 0.591152
49891 0.717654
49892 0.779519
49893 0.828978
49894 0.865208
49895 0.685386
49896 0.757043
49897 0.941493
49898 0.775571
49899 0.787063
49900 0.756181
49901 0.784505
49902 0.805816
49903 0.878886
49904 0.684994
49905 0.860409
49906 0.899174
49907 0.711817
49908 0.834289
49909 0.704314
49910 0.812481
49911 0.655806
49912 0.689779
49913 0.883392
49914 0.823079
49915 0.773772
49916 0.753507
49917 0.743309
49918 0.711534
49919 0.827583
49920 0.790305
49921 0.796031
49922 0.810823
49923 0.877484
49924 0.797211
49925 0.688474
49926 0.818276
49927 0.72169
49928 0.634787
49929 0.8022
49930 0.689571
49931 0.713971
49932 0.544968
49933 0.665572
49934 0.602342
49935 0.598226
49936 0.870225
49937 0.692552
49938 0.922744
49939 0.737886
49940 0.867634
49941 0.877199
49942 0.788295
49943 0.643524
49944 0.817961
49945 0.934174
49946 0.902478
49947 0.850085
49948 0.94888
49949 0.972705
49950 0.662179
49951 0.579057
49952 0.812694
49953 0.827378
49954 0.759296
49955 0.736655
49956 0.722527
49957 0.772935
49958 0.736777
49959 0.741663
49960 0.831343
49961 0.636094
49962 0.692111
49963 0.811089
49964 0.554475
49965 0.684568
49966 0.814023
49967 0.809536
49968 0.940974
49969 0.971415
49970 0.69088
49971 0.714352
49972 0.837166
49973 0.811623
49974 0.727016
49975 0.723984
49976 0.734123
49977 0.884475
49978 0.738541
49979 0.721104
49980 0.80427
49981 0.442041
49982 0.777092
49983 0.690367
49984 0.629548
49985 0.625612
49986 0.688912
49987 0.753694
49988 0.825059
49989 0.71218
49990 0.676599
49991 0.788487
49992 0.638956
49993 0.936367
49994 0.744695
49995 0.822731
49996 0.847763
49997 0.863733
49998 0.846963
49999 0.533798
50000 0.684543
50001 0.586334
50002 0.848773
50003 0.711882
50004 0.73316
50005 0.632752
50006 0.727623
50007 0.681294
50008 0.637864
50009 0.815179
50010 0.794888
50011 0.774181
50012 0.646764
50013 0.811302
50014 0.689486
50015 0.713298
50016 0.570145
50017 0.679915
50018 0.652676
50019 0.815685
50020 0.905742
50021 0.834119
50022 0.830085
50023 0.708361
50024 0.831746
50025 0.735053
50026 0.840112
50027 0.83522
50028 0.686234
50029 0.711809
50030 0.657123
50031 0.676408
50032 0.675565
50033 0.815763
50034 0.735506
50035 0.722965
50036 0.801564
50037 0.871343
50038 0.765555
50039 0.982278
50040 0.789704
50041 0.655426
50042 0.686965
50043 0.790874
50044 0.812574
50045 0.781829
50046 0.681222
50047 0.675254
50048 0.525089
50049 0.838271
50050 0.740652
50051 0.844662
50052 0.561538
50053 0.813136
50054 0.510064
50055 0.835045
50056 0.644073
50057 0.835076
50058 0.774465
50059 0.803566
50060 0.611253
50061 0.600956
50062 0.68671
50063 0.796715
50064 0.614116
50065 0.734868
50066 0.758717
50067 0.641648
50068 0.671526
50069 0.73332
50070 0.7209
50071 0.649318
50072 0.671176
50073 0.687787
50074 0.699986
50075 0.652954
50076 0.762095
50077 0.678045
50078 0.661269
50079 0.793367
50080 0.682762
50081 0.915501
50082 0.594629
50083 0.677083
50084 0.893886
50085 0.830935
50086 0.646505
50087 0.768152
50088 0.717069
50089 0.912272
50090 0.714078
50091 0.855931
50092 0.857766
50093 0.782027
50094 0.750747
50095 0.88291
50096 0.796495
50097 0.792311
50098 0.90382
50099 0.841434
50100 0.869408
50101 0.844538
50102 0.736952
50103 0.80864
50104 0.773856
50105 0.825985
50106 0.739546
50107 0.895103
50108 0.782577
50109 0.668819
50110 0.829102
50111 0.8345
50112 0.754675
50113 0.750484
50114 0.711094
50115 0.681263
50116 0.873119
50117 0.750791
50118 0.801147
50119 0.735392
50120 0.698448
50121 0.975613
50122 0.753184
50123 0.722202
50124 0.766178
50125 0.662851
50126 0.7742
50127 0.660427
50128 0.719797
50129 0.810592
50130 0.793155
50131 0.731272
50132 0.834508
50133 0.88385
50134 0.872568
50135 0.838819
50136 0.660002
50137 0.581815
50138 0.799958
50139 0.621796
50140 0.620931
50141 0.68916
50142 0.820738
50143 0.755471
50144 0.711728
50145 0.716246
50146 0.736648
50147 0.714105
50148 0.822702
50149 0.727473
50150 0.821923
50151 0.754441
50152 0.681521
50153 0.854855
50154 0.901563
50155 0.79629
50156 0.798382
50157 0.759161
50158 0.616807
50159 0.682864
50160 0.810105
50161 0.739892
50162 0.710474
50163 0.639016
50164 0.696596
50165 0.778778
50166 0.602577
50167 0.824714
50168 0.752702
50169 0.581002
50170 0.6855
50171 0.668555
50172 0.778583
50173 0.692869
50174 0.771726
50175 0.761308
50176 0.761075
50177 0.734848
50178 0.731521
50179 0.670303
50180 0.933971
50181 0.599623
50182 0.555441
50183 0.850276
50184 0.81801
50185 0.64959
50186 0.872964
50187 0.850301
50188 0.882954
50189 0.641139
50190 0.847232
50191 0.921554
50192 0.808805
50193 0.688955
50194 0.964463
50195 0.74577
50196 0.824272
50197 0.893186
50198 0.856551
50199 0.707137
50200 0.885254
50201 0.905032
50202 0.711574
50203 0.804796
50204 0.736588
50205 0.821908
50206 0.795391
50207 0.768167
50208 0.756843
50209 0.80895
50210 0.693167
50211 0.559405
50212 0.861976
50213 0.667408
50214 0.679902
50215 0.732433
50216 0.868218
50217 0.754157
50218 0.686413
50219 0.513012
50220 0.656157
50221 0.837604
50222 0.529436
50223 0.701781
50224 0.862283
50225 0.865471
50226 0.809294
50227 0.818209
50228 0.62544
50229 0.702967
50230 0.689196
50231 0.770368
50232 0.809405
50233 0.672828
50234 0.770621
50235 0.671576
50236 0.866113
50237 0.845458
50238 0.798411
50239 0.914715
50240 0.669245
50241 0.841194
50242 0.70824
50243 0.875475
50244 0.839498
50245 0.817364
50246 0.652983
50247 0.852324
50248 0.82962
50249 0.619036
50250 0.747881
50251 0.670554
50252 0.793344
50253 0.912443
50254 0.919368
50255 0.78714
50256 0.852695
50257 0.757813
50258 0.694903
50259 0.801567
50260 0.72051
50261 0.8482
50262 0.777241
50263 0.752806
50264 0.701984
50265 0.797368
50266 0.635822
50267 0.761313
50268 0.802507
50269 0.846562
50270 0.956384
50271 0.84068
50272 0.721731
50273 0.820543
50274 0.820315
50275 0.832876
50276 0.808383
50277 0.796804
50278 0.858447
50279 0.927791
50280 0.708273
50281 0.750247
50282 0.846571
50283 0.873388
50284 0.770559
50285 0.659041
50286 0.799315
50287 0.715089
50288 0.760345
50289 0.823498
50290 0.892956
50291 0.74413
50292 0.771798
50293 0.74642
50294 0.81059
50295 0.717084
50296 0.700533
50297 0.662229
50298 0.696117
50299 0.699405
50300 0.62202
50301 0.779388
50302 0.893866
50303 0.549134
50304 0.713074
50305 0.392435
50306 0.687329
50307 0.696228
50308 0.472479
50309 0.694392
50310 0.86626
50311 0.786144
50312 0.857764
50313 0.912001
50314 0.886917
50315 0.716906
50316 0.842648
50317 0.919747
50318 0.67999
50319 0.798848
50320 0.745925
50321 0.660176
50322 0.787819
50323 0.930925
50324 0.846557
50325 0.699246
50326 0.658426
50327 0.738606
50328 0.667495
50329 0.735249
50330 0.753314
50331 0.82485
50332 0.90794
50333 0.896089
50334 0.885435
50335 0.874954
50336 0.848825
50337 0.757428
50338 0.749722
50339 0.813122
50340 0.735495
50341 0.895251
50342 0.766304
50343 0.77163
50344 0.85315
50345 0.758865
50346 0.742192
50347 0.938364
50348 0.862894
50349 0.795122
50350 0.68428
50351 0.783134
50352 0.63713
50353 0.633538
50354 0.659213
50355 0.741689
50356 0.654996
50357 0.746497
50358 0.682472
50359 0.704086
50360 0.753352
50361 0.611024
50362 0.780955
50363 0.577243
50364 0.854436
50365 0.652211
50366 0.727567
50367 0.759751
50368 0.721845
50369 0.751661
50370 0.662942
50371 0.833393
50372 0.738248
50373 0.870973
50374 0.769134
50375 0.9138
50376 0.483381
50377 0.562148
50378 0.635129
50379 0.671307
50380 0.63511
50381 0.809119
50382 0.633002
50383 0.789972
50384 0.888105
50385 0.538744
50386 0.696655
50387 0.729432
50388 0.798761
50389 0.473282
50390 0.64744
50391 0.853237
50392 0.717392
50393 0.629478
50394 0.804625
50395 0.625577
50396 0.8995
50397 0.678609
50398 0.604678
50399 0.870707
50400 0.787411
50401 0.697083
50402 0.856054
50403 0.802554
50404 0.786013
50405 0.761119
50406 0.78942
50407 0.793871
50408 0.771498
50409 0.780824
50410 0.695557
50411 0.660767
50412 0.818
50413 0.693441
50414 0.685439
50415 0.841598
50416 0.748473
50417 0.767133
50418 0.801439
50419 0.821778
50420 0.73506
50421 0.651153
50422 0.645072
50423 0.619864
50424 0.915638
50425 0.78005
50426 0.682259
50427 0.719037
50428 0.506107
50429 0.686186
50430 0.71248
50431 0.895071
50432 0.766623
50433 0.813852
50434 0.917234
50435 0.794094
50436 0.859242
50437 0.835348
50438 0.862991
50439 0.807932
50440 0.941697
50441 0.914613
50442 0.923261
50443 0.734557
50444 0.839201
50445 0.64801
50446 0.902344
50447 0.700251
50448 0.954172
50449 0.881393
50450 0.755894
50451 0.93376
50452 0.722355
50453 0.898529
50454 0.781731
50455 0.733939
50456 0.763456
50457 0.982777
50458 0.610565
50459 0.714186
50460 0.750394
50461 0.833169
50462 0.606384
50463 0.834385
50464 0.65859
50465 0.691642
50466 0.694868
50467 0.761956
50468 0.706159
50469 0.754759
50470 0.794739
50471 0.855824
50472 0.700571
50473 0.701975
50474 0.685301
50475 0.766714
50476 0.778951
50477 0.67876
50478 0.612921
50479 0.732865
50480 0.780791
50481 0.821047
50482 0.791393
50483 0.783391
50484 0.775319
50485 0.712653
50486 0.700557
50487 0.857186
50488 0.789057
50489 0.602755
50490 0.830782
50491 0.967241
50492 0.953297
50493 0.823217
50494 0.819466
50495 0.734478
50496 0.861551
50497 0.71622
50498 0.77431
50499 0.945657
50500 0.799952
50501 0.840083
50502 0.690753
50503 0.693712
50504 0.841571
50505 0.749235
50506 0.652711
50507 0.765235
50508 0.575709
50509 0.757371
50510 0.840919
50511 0.791849
50512 0.734949
50513 0.774912
50514 0.731969
50515 0.920262
50516 0.851031
50517 0.828809
50518 0.783192
50519 0.793881
50520 0.833551
50521 0.765229
50522 0.725989
50523 0.846157
50524 0.844427
50525 0.750431
50526 0.685485
50527 0.659307
50528 0.686463
50529 0.665271
50530 0.681103
50531 0.856878
50532 0.859436
50533 0.667324
50534 0.843866
50535 0.850643
50536 0.95758
50537 0.9246
50538 0.602026
50539 0.649787
50540 0.696238
50541 0.905201
50542 0.644949
50543 0.856091
50544 0.804197
50545 0.605856
50546 0.785157
50547 0.857825
50548 0.648309
50549 0.832842
50550 0.819425
50551 0.681001
50552 0.867894
50553 0.715961
50554 0.755598
50555 0.764882
50556 0.672149
50557 0.609939
50558 0.8124
50559 0.796814
50560 0.831243
50561 0.840609
50562 0.88459
50563 0.752819
50564 0.642158
50565 0.897587
50566 0.635968
50567 0.780967
50568 0.71653
50569 0.763027
50570 0.853837
50571 0.747354
50572 0.864316
50573 0.813406
50574 0.708915
50575 0.844719
50576 0.814957
50577 0.704756
50578 0.80674
50579 0.74728
50580 0.771735
50581 0.677056
50582 0.949911
50583 0.900699
50584 0.752421
50585 0.695852
50586 0.710928
50587 0.610883
50588 0.717756
50589 0.694026
50590 0.816904
50591 0.553012
50592 0.784042
50593 0.606181
50594 0.741312
50595 0.646999
50596 0.722466
50597 0.760331
50598 0.906313
50599 0.858385
50600 0.909424
50601 0.778949
50602 0.810354
50603 0.69723
50604 0.816102
50605 0.736719
50606 0.851046
50607 0.731602
50608 0.677291
50609 0.643523
50610 0.792278
50611 0.75301
50612 0.936522
50613 0.769586
50614 0.615289
50615 0.773389
50616 0.930364
50617 0.522673
50618 0.902233
50619 0.926591
50620 0.726076
50621 0.820009
50622 0.958105
50623 0.624755
50624 0.762985
50625 0.712001
50626 0.764847
50627 0.905814
50628 0.616794
50629 0.885262
50630 0.955623
50631 0.894053
50632 0.919637
50633 0.852576
50634 0.721667
50635 0.700375
50636 0.887627
50637 0.88487
50638 0.623549
50639 0.945433
50640 0.771971
50641 0.50352
50642 0.68834
50643 0.734017
50644 0.701184
50645 0.736825
50646 0.65797
50647 0.719891
50648 0.741292
50649 0.627057
50650 0.682668
50651 0.627518
50652 0.647747
50653 0.66537
50654 0.675266
50655 0.745107
50656 0.729386
50657 0.798648
50658 0.795937
50659 0.636219
50660 0.759074
50661 0.787705
50662 0.673188
50663 0.749256
50664 0.69833
50665 0.811129
50666 0.706133
50667 0.682022
50668 0.807414
50669 0.743721
50670 0.763467
50671 0.936421
50672 0.826246
50673 0.798842
50674 0.748852
50675 0.896881
50676 0.81477
50677 0.811168
50678 0.809759
50679 0.747187
50680 0.774924
50681 0.733077
50682 0.700364
50683 0.742676
50684 0.664787
50685 0.512254
50686 0.643586
50687 0.85486
50688 0.8258
50689 0.734291
50690 0.740085
50691 0.716662
50692 0.894829
50693 0.850614
50694 0.609712
50695 0.646682
50696 0.683129
50697 0.750227
50698 0.685213
50699 0.779446
50700 0.874838
50701 0.778128
50702 0.883356
50703 0.790927
50704 0.958032
50705 0.767907
50706 0.935277
50707 0.916994
50708 0.79866
50709 0.733713
50710 0.845506
50711 0.848237
50712 0.769493
50713 0.660639
50714 0.844596
50715 0.913616
50716 0.896195
50717 0.767886
50718 0.896748
50719 0.502072
50720 0.513572
50721 0.669283
50722 0.713903
50723 0.842117
50724 0.794983
50725 0.656591
50726 0.825569
50727 0.695078
50728 0.598784
50729 0.657497
50730 0.539454
50731 0.598588
50732 0.75545
50733 0.831388
50734 0.770437
50735 0.719421
50736 0.795646
50737 0.781419
50738 0.887149
50739 0.892716
50740 0.653641
50741 0.666271
50742 0.668557
50743 0.661235
50744 0.669851
50745 0.697383
50746 0.721797
50747 0.705595
50748 0.727441
50749 0.771596
50750 0.653098
50751 0.662394
50752 0.629703
50753 0.539252
50754 0.751556
50755 0.941052
50756 0.626688
50757 0.681835
50758 0.677057
50759 0.902906
50760 0.763317
50761 0.738651
50762 0.785436
50763 0.915187
50764 0.738144
50765 0.985852
50766 0.704307
50767 0.78026
50768 0.716611
50769 0.708399
50770 0.604393
50771 0.622509
50772 0.667992
50773 0.67939
50774 0.604063
50775 0.86244
50776 0.84028
50777 0.783457
50778 0.735887
50779 0.824999
50780 0.860279
50781 0.776211
50782 0.59473
50783 0.867772
50784 0.734785
50785 0.747986
50786 0.734535
50787 0.642736
50788 0.759317
50789 0.839396
50790 0.647639
50791 0.733511
50792 0.901804
50793 0.782543
50794 0.967792
50795 0.799847
50796 0.760432
50797 0.562812
50798 0.853812
50799 0.838863
50800 0.77742
50801 0.685532
50802 0.745225
50803 0.757849
50804 0.836645
50805 0.807364
50806 0.579221
50807 0.774405
50808 0.746081
50809 0.842311
50810 0.777095
50811 0.644655
50812 0.844938
50813 0.755574
50814 0.788901
50815 0.773719
50816 0.752305
50817 0.602001
50818 0.657394
50819 0.617145
50820 0.792711
50821 0.861431
50822 0.638838
50823 0.798953
50824 0.773976
50825 0.773708
50826 0.603904
50827 0.623888
50828 0.635401
50829 0.635916
50830 0.658032
50831 0.712179
50832 0.649741
50833 0.70941
50834 0.7927
50835 0.663343
50836 0.784982
50837 0.645568
50838 0.694138
50839 0.838387
50840 0.683773
50841 0.783146
50842 0.726295
50843 0.71065
50844 0.725245
50845 0.780293
50846 0.755224
50847 0.756439
50848 0.75752
50849 0.716831
50850 0.825082
50851 0.875059
50852 0.717407
50853 0.746193
50854 0.699589
50855 0.761575
50856 0.733466
50857 0.962781
50858 0.88553
50859 0.711281
50860 0.799156
50861 0.84342
50862 0.814483
50863 0.814203
50864 0.81342
50865 0.744423
50866 0.76941
50867 0.78022
50868 0.584898
50869 0.619338
50870 0.711336
50871 0.729966
50872 0.847456
50873 0.762546
50874 0.755546
50875 0.777488
50876 0.765432
50877 0.87601
50878 0.70671
50879 0.725912
50880 0.918484
50881 0.735891
50882 0.782822
50883 0.772266
50884 0.756142
50885 0.808907
50886 0.826577
50887 0.774323
50888 0.792232
50889 0.721262
50890 0.773026
50891 0.848286
50892 0.753748
50893 0.7707
50894 0.711253
50895 0.684936
50896 0.683656
50897 0.748585
50898 0.690566
50899 0.822245
50900 0.853893
50901 0.914598
50902 0.677156
50903 0.86994
50904 0.859895
50905 0.96201
50906 0.817914
50907 0.843031
50908 0.719334
50909 0.958365
50910 0.652456
50911 0.773745
50912 0.712462
50913 0.898582
50914 0.674014
50915 0.776336
50916 0.913371
50917 0.80493
50918 0.846487
50919 0.886539
50920 0.699681
50921 0.645235
50922 0.585556
50923 0.689802
50924 0.842703
50925 0.859355
50926 0.627759
50927 0.631694
50928 0.791882
50929 0.638317
50930 0.783087
50931 0.703004
50932 0.768286
50933 0.702275
50934 0.873374
50935 0.801741
50936 0.708727
50937 0.660385
50938 0.741841
50939 0.7801
50940 0.728885
50941 0.794811
50942 0.708662
50943 0.684354
50944 0.75863
50945 0.695338
50946 0.890805
50947 0.648273
50948 0.80861
50949 0.784232
50950 0.796045
50951 0.714203
50952 0.716982
50953 0.730656
50954 0.957244
50955 0.865119
50956 0.784576
50957 0.833541
50958 0.77373
50959 0.75904
50960 0.730539
50961 0.718949
50962 0.720619
50963 0.653177
50964 0.70573
50965 0.675053
50966 0.601085
50967 0.739808
50968 0.60775
50969 0.701004
50970 0.746379
50971 0.640264
50972 0.779193
50973 0.668003
50974 0.845342
50975 0.773665
50976 0.649106
50977 0.880041
50978 0.656434
50979 0.796478
50980 0.837955
50981 0.841461
50982 0.828097
50983 0.796664
50984 0.888976
50985 0.86549
50986 0.889377
50987 0.830338
50988 0.927989
50989 0.789546
50990 0.747747
50991 0.788297
50992 0.871222
50993 0.703438
50994 0.664629
50995 0.761249
50996 0.67536
50997 0.760478
50998 0.658436
50999 0.670256
51000 0.688005
51001 0.688094
51002 0.806726
51003 0.714022
51004 0.577174
51005 0.693049
51006 0.573583
51007 0.756776
51008 0.750271
51009 0.779225
51010 0.91064
51011 0.726317
51012 0.809497
51013 0.648029
51014 0.555029
51015 0.712704
51016 0.761104
51017 0.566283
51018 0.814926
51019 0.841837
51020 0.81485
51021 0.692976
51022 0.627866
51023 0.799449
51024 0.726647
51025 0.904504
51026 0.786618
51027 0.630568
51028 0.701016
51029 0.765082
51030 0.804392
51031 0.804726
51032 0.797874
51033 0.765471
51034 0.721065
51035 0.686289
51036 0.849457
51037 0.763667
51038 0.77772
51039 0.631888
51040 0.652155
51041 0.642387
51042 0.743207
51043 0.821969
51044 0.839919
51045 0.742971
51046 0.856278
51047 0.802157
51048 0.80833
51049 0.78646
51050 0.694541
51051 0.865873
51052 0.678964
51053 0.807207
51054 0.733989
51055 0.728131
51056 0.727594
51057 0.894251
51058 0.81496
51059 0.697802
51060 0.704644
51061 0.732106
51062 0.747658
51063 0.801226
51064 0.812
51065 0.755887
51066 0.76902
51067 0.789145
51068 0.848531
51069 0.897159
51070 0.854238
51071 0.710329
51072 0.778318
51073 0.558936
51074 0.944833
51075 0.976308
51076 0.643539
51077 0.754611
51078 0.747785
51079 0.639125
51080 0.890912
51081 0.825328
51082 0.779812
51083 0.721236
51084 0.648325
51085 0.897841
51086 0.691893
51087 0.869797
51088 0.806353
51089 0.751698
51090 0.817571
51091 0.717151
51092 0.654289
51093 0.638987
51094 0.892676
51095 0.798111
51096 0.819527
51097 0.681706
51098 0.842101
51099 0.754321
51100 0.733061
51101 0.930254
51102 0.871856
51103 0.763132
51104 0.792253
51105 0.764823
51106 0.756947
51107 0.879664
51108 0.749908
51109 0.940363
51110 0.873851
51111 0.677469
51112 0.726829
51113 0.80216
51114 0.728247
51115 0.794214
51116 0.887309
51117 0.816845
51118 0.558463
51119 0.885826
51120 0.769874
51121 0.63173
51122 0.807776
51123 0.702247
51124 0.817536
51125 0.940234
51126 0.792641
51127 0.885222
51128 0.668114
51129 0.772668
51130 0.790492
51131 0.828789
51132 0.791736
51133 0.814573
51134 0.758867
51135 0.900067
51136 0.8696
51137 0.90214
51138 0.748818
51139 0.874062
51140 0.581881
51141 0.840706
51142 0.739807
51143 0.691047
51144 0.752223
51145 0.861176
51146 0.715291
51147 0.991178
51148 0.821028
51149 0.826875
51150 0.838412
51151 0.762928
51152 0.896336
51153 0.817997
51154 0.806389
51155 0.799957
51156 0.627212
51157 0.643058
51158 0.850867
51159 0.790388
51160 0.830259
51161 0.875357
51162 0.902717
51163 0.89169
51164 0.728063
51165 0.811543
51166 0.832267
51167 0.619709
51168 0.652558
51169 0.721475
51170 0.805469
51171 0.816134
51172 0.874491
51173 0.726725
51174 0.873252
51175 0.847945
51176 0.694388
51177 0.873743
51178 0.79355
51179 0.824011
51180 0.668244
51181 0.855316
51182 0.809416
51183 0.721212
51184 0.712658
51185 0.919242
51186 0.958463
51187 0.668371
51188 0.675198
51189 0.979759
51190 0.750763
51191 0.876943
51192 0.87407
51193 0.873777
51194 0.981661
51195 0.866977
51196 0.695431
51197 0.733961
51198 0.836065
51199 0.711308
51200 0.727731
51201 0.922075
51202 0.864362
51203 0.672452
51204 0.624179
51205 0.73535
51206 0.80108
51207 0.759666
51208 0.875571
51209 0.780513
51210 0.808554
51211 0.693273
51212 0.683405
51213 0.933163
51214 0.922056
51215 0.78671
51216 0.784753
51217 0.970845
51218 0.933195
51219 0.760236
51220 0.840871
51221 0.799681
51222 0.911835
51223 0.644058
51224 0.607676
51225 0.717204
51226 0.79912
51227 0.886638
51228 0.917501
51229 0.764294
51230 0.767006
51231 0.899088
51232 0.890797
51233 0.844684
51234 0.805506
51235 0.906471
51236 0.723565
51237 0.724611
51238 0.67584
51239 0.725402
51240 0.790385
51241 0.822703
51242 0.810441
51243 0.905825
51244 0.842635
51245 0.891636
51246 0.888823
51247 0.680188
51248 0.742362
51249 0.790838
51250 0.753671
51251 0.8232
51252 0.849088
51253 0.795531
51254 0.752838
51255 0.772656
51256 0.799332
51257 0.899962
51258 0.653399
51259 0.659806
51260 0.629421
51261 0.708155
51262 0.759887
51263 0.771568
51264 0.872786
51265 0.78452
51266 0.891937
51267 0.817147
51268 0.943543
51269 0.820857
51270 0.926434
51271 0.798439
51272 0.766075
51273 0.956945
51274 0.826184
51275 0.910776
51276 0.797089
51277 0.927668
51278 0.803947
51279 0.670919
51280 0.919635
51281 0.850421
51282 0.7862
51283 0.742223
51284 0.937801
51285 0.800095
51286 0.761909
51287 0.577066
51288 0.902104
51289 0.839443
51290 0.851253
51291 0.834176
51292 0.832193
51293 0.895473
51294 0.786019
51295 0.895894
51296 0.656177
51297 0.795045
51298 0.765273
51299 0.850383
51300 0.530475
51301 0.860655
51302 0.590888
51303 0.514949
51304 0.651669
51305 0.76661
51306 0.871597
51307 0.636466
51308 0.671251
51309 0.78115
51310 0.841651
51311 0.7501
51312 0.740461
51313 0.587389
51314 0.783185
51315 0.596599
51316 0.64483
51317 0.677039
51318 0.754791
51319 0.810273
51320 0.750024
51321 0.864304
51322 0.904263
51323 0.809478
51324 0.73779
51325 0.851897
51326 0.888573
51327 0.763061
51328 0.876852
51329 0.770835
51330 0.801069
51331 0.642792
51332 0.749126
51333 0.784618
51334 0.793695
51335 0.672707
51336 0.680062
51337 0.886177
51338 0.803385
51339 0.798378
51340 0.978814
51341 0.829622
51342 0.650684
51343 0.71688
51344 0.893761
51345 0.838771
51346 0.758856
51347 0.840526
51348 0.576905
51349 0.678055
51350 0.765417
51351 0.97026
51352 0.642265
51353 0.861139
51354 0.737067
51355 0.685924
51356 0.680813
51357 0.74301
51358 0.720337
51359 0.683032
51360 0.687165
51361 0.533875
51362 0.528455
51363 0.871176
51364 0.677908
51365 0.730326
51366 0.662583
51367 0.66053
51368 0.74054
51369 0.809107
51370 0.561726
51371 0.956235
51372 0.932298
51373 0.765205
51374 0.868976
51375 0.893233
51376 0.900749
51377 0.765198
51378 0.692209
51379 0.820344
51380 0.76361
51381 0.793843
51382 0.789134
51383 0.81749
51384 0.716695
51385 0.720367
51386 0.718768
51387 0.736121
51388 0.734085
51389 0.721024
51390 0.777925
51391 0.78063
51392 0.816209
51393 0.694124
51394 0.89421
51395 0.872566
51396 0.666275
51397 0.581612
51398 0.645599
51399 0.784068
51400 0.800223
51401 0.655311
51402 0.803503
51403 0.862516
51404 0.720276
51405 0.701492
51406 0.843236
51407 0.707019
51408 0.59294
51409 0.798707
51410 0.858664
51411 0.760805
51412 0.62602
51413 0.767311
51414 0.731385
51415 0.638448
51416 0.859856
51417 0.694653
51418 0.69464
51419 0.742763
51420 0.917949
51421 0.674298
51422 0.875991
51423 0.843849
51424 0.892161
51425 0.669494
51426 0.707812
51427 0.597988
51428 0.57555
51429 0.647728
51430 0.92567
51431 0.777802
51432 0.650713
51433 0.802277
51434 0.800987
51435 0.743037
51436 0.887289
51437 0.888332
51438 0.737734
51439 0.885835
51440 0.70813
51441 0.84023
51442 0.833642
51443 0.647616
51444 0.704296
51445 0.881951
51446 0.494298
51447 0.753835
51448 0.57042
51449 0.599233
51450 0.871009
51451 0.813571
51452 0.69661
51453 0.683884
51454 0.685885
51455 0.821359
51456 0.738302
51457 0.619197
51458 0.842764
51459 0.734262
51460 0.628984
51461 0.882486
51462 0.760018
51463 0.722049
51464 0.935022
51465 0.912753
51466 0.764101
51467 0.851265
51468 0.621782
51469 0.843821
51470 0.637367
51471 0.809211
51472 0.848539
51473 0.953102
51474 0.770598
51475 0.786362
51476 0.7247
51477 0.706178
51478 0.721276
51479 0.676821
51480 0.92153
51481 0.690044
51482 0.753501
51483 0.712836
51484 0.727731
51485 0.584483
51486 0.809177
51487 0.747849
51488 0.865166
51489 0.784352
51490 0.685004
51491 0.758346
51492 0.750853
51493 0.798672
51494 0.700825
51495 0.648035
51496 0.887439
51497 0.618676
51498 0.614886
51499 0.666602
51500 0.805439
51501 0.75408
51502 0.90693
51503 0.672833
51504 0.879391
51505 0.608023
51506 0.736907
51507 0.857886
51508 0.844057
51509 0.96435
51510 0.640526
51511 0.710619
51512 0.641787
51513 0.812136
51514 0.797327
51515 0.766546
51516 0.75055
51517 0.780595
51518 0.629727
51519 0.929031
51520 0.677828
51521 0.641034
51522 0.667108
51523 0.661049
51524 0.594179
51525 0.751778
51526 0.710872
51527 0.792922
51528 0.666753
51529 0.76067
51530 0.76219
51531 0.695471
51532 0.660738
51533 0.840578
51534 0.543512
51535 0.639569
51536 0.853342
51537 0.433403
51538 0.816665
51539 0.621514
51540 0.93483
51541 0.612504
51542 0.835483
51543 0.859054
51544 0.643104
51545 0.748409
51546 0.759596
51547 0.603404
51548 0.825146
51549 0.609852
51550 0.738707
51551 0.66943
51552 0.811872
51553 0.665909
51554 0.775822
51555 0.854575
51556 0.806777
51557 0.665439
51558 0.750496
51559 0.825884
51560 0.626785
51561 0.7803
51562 0.847858
51563 0.961856
51564 0.681132
51565 0.750679
51566 0.789233
51567 0.793808
51568 0.715558
51569 0.884958
51570 0.627398
51571 0.862658
51572 0.672089
51573 0.704946
51574 0.78199
51575 0.777179
51576 0.506347
51577 0.774984
51578 0.82024
51579 0.842247
51580 0.838027
51581 0.813243
51582 0.689296
51583 0.786706
51584 0.777054
51585 0.775457
51586 0.842385
51587 0.703847
51588 0.613417
51589 0.590635
51590 0.673169
51591 0.694977
51592 0.738196
51593 0.767903
51594 0.742664
51595 0.692069
51596 0.739892
51597 0.943667
51598 0.815347
51599 0.883358
51600 0.872015
51601 0.902927
51602 0.874054
51603 0.93562
51604 0.783996
51605 0.603248
51606 0.742385
51607 0.721203
51608 0.816266
51609 0.691361
51610 0.691312
51611 0.524434
51612 0.857211
51613 0.958622
51614 0.617416
51615 0.737061
51616 0.594879
51617 0.806922
51618 0.708536
51619 0.618452
51620 0.835283
51621 0.706019
51622 0.656701
51623 0.530789
51624 0.69059
51625 0.813438
51626 0.68293
51627 0.866792
51628 0.770121
51629 0.736799
51630 0.764898
51631 0.733924
51632 0.859401
51633 0.75945
51634 0.841354
51635 0.803234
51636 0.802262
51637 0.843595
51638 0.884889
51639 0.790001
51640 0.690227
51641 0.762481
51642 0.701766
51643 0.74486
51644 0.78333
51645 0.762648
51646 0.755209
51647 0.834231
51648 0.692783
51649 0.783885
51650 0.781719
51651 0.631416
51652 0.65008
51653 0.773084
51654 0.744463
51655 0.84435
51656 0.748955
51657 0.745221
51658 0.826692
51659 0.690736
51660 0.753951
51661 0.858763
51662 0.924187
51663 0.800357
51664 0.763248
51665 0.71002
51666 0.70841
51667 0.725859
51668 0.815516
51669 0.865326
51670 0.709592
51671 0.733472
51672 0.648384
51673 0.672004
51674 0.715852
51675 0.67109
51676 0.879557
51677 0.700968
51678 0.745522
51679 0.723353
51680 0.756284
51681 0.689137
51682 0.982562
51683 0.795169
51684 0.949477
51685 0.780048
51686 0.725105
51687 0.823682
51688 0.711103
51689 0.859261
51690 0.830586
51691 0.827114
51692 0.768337
51693 0.728043
51694 0.714027
51695 0.705669
51696 0.68902
51697 0.656352
51698 0.810623
51699 0.854774
51700 0.832982
51701 0.866236
51702 0.8333
51703 0.85449
51704 0.910448
51705 0.943889
51706 0.927502
51707 0.760589
51708 0.746657
51709 0.831089
51710 0.533695
51711 0.672024
51712 0.648475
51713 0.779694
51714 0.847247
51715 0.766687
51716 0.643711
51717 0.659551
51718 0.763749
51719 0.853029
51720 0.710891
51721 0.83183
51722 0.648139
51723 0.86632
51724 0.67639
51725 0.795795
51726 0.628335
51727 0.620764
51728 0.601396
51729 0.704124
51730 0.675044
51731 0.735063
51732 0.855916
51733 0.834256
51734 0.89134
51735 0.7567
51736 0.87313
51737 0.680601
51738 0.694667
51739 0.623952
51740 0.686111
51741 0.726851
51742 0.734793
51743 0.779383
51744 0.760366
51745 0.630968
51746 0.655992
51747 0.923231
51748 0.642513
51749 0.647817
51750 0.95502
51751 0.765577
51752 0.656466
51753 0.58253
51754 0.748679
51755 0.583432
51756 0.670363
51757 0.813323
51758 0.518134
51759 0.866145
51760 0.787281
51761 0.707297
51762 0.926139
51763 0.591003
51764 0.896424
51765 0.843752
51766 0.684967
51767 0.939478
51768 0.865463
51769 0.847126
51770 0.639036
51771 0.756494
51772 0.659731
51773 0.728961
51774 0.666614
51775 0.793898
51776 0.670539
51777 0.756118
51778 0.654332
51779 0.757952
51780 0.85812
51781 0.542482
51782 0.746
51783 0.761004
51784 0.797177
51785 0.732461
51786 0.936407
51787 0.85482
51788 0.818114
51789 0.929782
51790 0.91604
51791 0.88216
51792 0.866548
51793 0.599934
51794 0.834142
51795 0.847626
51796 0.760096
51797 0.792856
51798 0.65171
51799 0.61982
51800 0.820773
51801 0.675823
51802 0.665704
51803 0.661277
51804 0.639
51805 0.709256
51806 0.582235
51807 0.586934
51808 0.850862
51809 0.731907
51810 0.800658
51811 0.676452
51812 0.728808
51813 0.757196
51814 0.604507
51815 0.811584
51816 0.632909
51817 0.760505
51818 0.867307
51819 0.696632
51820 0.706602
51821 0.756716
51822 0.7839
51823 0.812141
51824 0.779466
51825 0.854817
51826 0.841192
51827 0.81951
51828 0.863335
51829 0.905481
51830 0.769563
51831 0.829356
51832 0.799837
51833 0.829256
51834 0.850096
51835 0.667445
51836 0.662143
51837 0.797902
51838 0.732465
51839 0.729506
51840 0.700137
51841 0.747024
51842 0.891128
51843 0.770168
51844 0.676407
51845 0.798126
51846 0.763507
51847 0.806461
51848 0.805506
51849 0.799732
51850 0.767796
51851 0.860709
51852 0.82817
51853 0.666152
51854 0.524525
51855 0.649705
51856 0.730092
51857 0.883641
51858 0.81346
51859 0.686499
51860 0.819975
51861 0.759055
51862 0.737391
51863 0.720749
51864 0.704635
51865 0.778869
51866 0.842836
51867 0.867224
51868 0.904928
51869 0.746316
51870 0.693064
51871 0.673908
51872 0.708219
51873 0.742982
51874 0.876766
51875 0.835602
51876 0.902351
51877 0.728042
51878 0.817206
51879 0.706298
51880 0.894343
51881 0.805454
51882 0.676423
51883 0.63788
51884 0.735146
51885 0.864093
51886 0.706362
51887 0.688857
51888 0.746531
51889 0.776645
51890 0.745929
51891 0.546948
51892 0.588542
51893 0.656713
51894 0.737527
51895 0.67264
51896 0.661567
51897 0.657906
51898 0.695244
51899 0.946759
51900 0.746524
51901 0.689336
51902 0.778759
51903 0.696894
51904 0.983894
51905 0.692412
51906 0.782217
51907 0.742486
51908 0.752907
51909 0.601646
51910 0.806147
51911 0.761094
51912 0.75673
51913 0.89147
51914 0.822349
51915 0.731001
51916 0.922088
51917 0.720572
51918 0.715981
51919 0.833151
51920 0.722004
51921 0.661248
51922 0.761146
51923 0.814022
51924 0.946901
51925 0.844878
51926 0.640216
51927 0.711733
51928 0.678704
51929 0.858303
51930 0.918594
51931 0.921444
51932 0.792729
51933 0.897768
51934 0.88092
51935 0.632151
51936 0.721227
51937 0.534668
51938 0.627392
51939 0.682057
51940 0.584131
51941 0.876352
51942 0.719716
51943 0.726642
51944 0.802996
51945 0.815678
51946 0.930044
51947 0.593529
51948 0.65571
51949 0.646572
51950 0.799674
51951 0.699102
51952 0.672904
51953 0.713246
51954 0.682173
51955 0.759841
51956 0.732269
51957 0.687631
51958 0.660895
51959 0.852717
51960 0.904541
51961 0.722198
51962 0.852553
51963 0.871762
51964 0.531718
51965 0.743321
51966 0.861748
51967 0.791335
51968 0.727831
51969 0.665055
51970 0.590277
51971 0.687604
51972 0.706435
51973 0.840813
51974 0.673314
51975 0.653746
51976 0.756199
51977 0.738456
51978 0.682914
51979 0.973874
51980 0.65216
51981 0.712155
51982 0.706402
51983 0.848053
51984 0.676744
51985 0.74242
51986 0.801135
51987 0.704848
51988 0.650496
51989 0.905736
51990 0.639302
51991 0.940674
51992 0.720788
51993 0.731136
51994 0.659347
51995 0.778528
51996 0.662492
51997 0.721782
51998 0.720581
51999 0.823226
52000 0.755245
52001 0.697817
52002 0.825615
52003 0.640979
52004 0.743544
52005 0.783807
52006 0.819643
52007 0.768778
52008 0.737255
52009 0.682474
52010 0.755617
52011 0.563968
52012 0.800251
52013 0.696615
52014 0.705429
52015 0.648569
52016 0.600625
52017 0.658945
52018 0.512562
52019 0.727785
52020 0.716315
52021 0.814565
52022 0.917637
52023 0.881639
52024 0.971372
52025 0.751778
52026 0.859922
52027 0.73037
52028 0.902813
52029 0.829502
52030 0.548068
52031 0.836556
52032 0.608145
52033 0.745356
52034 0.584454
52035 0.820748
52036 0.62706
52037 0.933172
52038 0.703335
52039 0.740336
52040 0.711771
52041 0.750384
52042 0.943814
52043 0.714192
52044 0.917739
52045 0.751145
52046 0.789966
52047 0.700141
52048 0.594495
52049 0.669397
52050 0.847464
52051 0.92356
52052 0.484688
52053 0.649382
52054 0.758468
52055 0.794631
52056 0.913676
52057 0.773925
52058 0.535118
52059 0.675114
52060 0.78986
52061 0.722353
52062 0.860974
52063 0.799785
52064 0.840902
52065 0.706427
52066 0.886684
52067 0.601622
52068 0.697997
52069 0.767094
52070 0.586346
52071 0.708126
52072 0.819304
52073 0.802986
52074 0.667142
52075 0.584008
52076 0.789782
52077 0.704717
52078 0.598017
52079 0.629414
52080 0.773976
52081 0.587974
52082 0.729037
52083 0.800474
52084 0.979182
52085 0.69524
52086 0.823433
52087 0.841968
52088 0.752551
52089 0.648002
52090 0.754262
52091 0.82409
52092 0.765184
52093 0.820706
52094 0.560132
52095 0.617085
52096 0.549891
52097 0.739994
52098 0.727348
52099 0.592417
52100 0.914334
52101 0.74672
52102 0.633186
52103 0.680254
52104 0.794913
52105 0.828528
52106 0.624413
52107 0.699406
52108 0.678063
52109 0.715196
52110 0.752078
52111 0.772568
52112 0.746906
52113 0.772723
52114 0.738408
52115 0.678403
52116 0.596489
52117 0.675461
52118 0.583807
52119 0.511227
52120 0.769841
52121 0.676522
52122 0.712531
52123 0.784608
52124 0.807943
52125 0.751373
52126 0.797836
52127 0.62793
52128 0.635862
52129 0.72044
52130 0.928709
52131 0.727269
52132 0.723022
52133 0.752831
52134 0.693788
52135 0.917289
52136 0.92132
52137 0.824165
52138 0.925946
52139 0.744647
52140 0.590527
52141 0.709683
52142 0.674921
52143 0.661428
52144 0.530826
52145 0.69402
52146 0.714323
52147 0.545219
52148 0.693393
52149 0.562849
52150 0.709868
52151 0.593596
52152 0.681419
52153 0.582532
52154 0.649215
52155 0.594479
52156 0.764686
52157 0.763461
52158 0.804963
52159 0.531312
52160 0.533292
52161 0.52255
52162 0.456038
52163 0.536657
52164 0.659031
52165 0.703634
52166 0.72975
52167 0.74444
52168 0.799279
52169 0.656842
52170 0.616881
52171 0.756455
52172 0.795412
52173 0.874343
52174 0.836269
52175 0.67343
52176 0.883802
52177 0.863145
52178 0.891622
52179 0.74304
52180 0.870507
52181 0.73099
52182 0.628853
52183 0.793007
52184 0.79992
52185 0.69854
52186 0.640035
52187 0.774306
52188 0.761812
52189 0.879833
52190 0.728915
52191 0.920236
52192 0.805747
52193 0.906171
52194 0.85757
52195 0.968057
52196 0.803363
52197 0.857592
52198 0.760774
52199 0.670341
52200 0.790066
52201 0.904423
52202 0.756785
52203 0.945212
52204 0.686044
52205 0.97443
52206 0.719796
52207 0.821638
52208 0.885614
52209 0.725453
52210 0.744781
52211 0.780436
52212 0.79177
52213 0.965113
52214 0.92301
52215 0.90328
52216 0.951238
52217 0.841643
52218 0.951543
52219 0.755035
52220 0.850022
52221 0.666052
52222 0.82587
52223 0.775919
52224 0.672835
52225 0.715098
52226 0.72552
52227 0.810001
52228 0.900151
52229 0.849019
52230 0.834875
52231 0.586407
52232 0.684343
52233 0.761384
52234 0.74237
52235 0.752502
52236 0.728537
52237 0.703264
52238 0.791557
52239 0.722819
52240 0.728761
52241 0.798322
52242 0.835064
52243 0.606847
52244 0.782428
52245 0.811034
52246 0.925615
52247 0.614929
52248 0.841031
52249 0.901026
52250 0.773935
52251 0.959389
52252 0.886059
52253 0.804688
52254 0.804061
52255 0.704589
52256 0.630627
52257 0.911307
52258 0.742784
52259 0.64284
52260 0.626843
52261 0.795678
52262 0.721983
52263 0.918426
52264 0.646365
52265 0.766353
52266 0.609525
52267 0.621499
52268 0.768964
52269 0.726027
52270 0.584666
52271 0.557671
52272 0.772259
52273 0.648065
52274 0.861395
52275 0.718219
52276 0.661141
52277 0.743288
52278 0.660667
52279 0.747875
52280 0.813714
52281 0.811708
52282 0.72673
52283 0.57775
52284 0.774726
52285 0.825634
52286 0.618983
52287 0.560366
52288 0.632816
52289 0.674846
52290 0.820592
52291 0.902676
52292 0.816
52293 0.615474
52294 0.739374
52295 0.599828
52296 0.690522
52297 0.658979
52298 0.799943
52299 0.930008
52300 0.798681
52301 0.831001
52302 0.839783
52303 0.709806
52304 0.672986
52305 0.779437
52306 0.702626
52307 0.573754
52308 0.673651
52309 0.778485
52310 0.765686
52311 0.632594
52312 0.672347
52313 0.748538
52314 0.809723
52315 0.805034
52316 0.902096
52317 0.623357
52318 0.900227
52319 0.722153
52320 0.865858
52321 0.695022
52322 0.637641
52323 0.668405
52324 0.803326
52325 0.669833
52326 0.740656
52327 0.600466
52328 0.717719
52329 0.677971
52330 0.770647
52331 0.785697
52332 0.629021
52333 0.607646
52334 0.722688
52335 0.55941
52336 0.773759
52337 0.57979
52338 0.70645
52339 0.916341
52340 0.790665
52341 0.655215
52342 0.8655
52343 0.655436
52344 0.792447
52345 0.860036
52346 0.811608
52347 0.810893
52348 0.712879
52349 0.73507
52350 0.747218
52351 0.711379
52352 0.723938
52353 0.666267
52354 0.75306
52355 0.719993
52356 0.904413
52357 0.914953
52358 0.865385
52359 0.75234
52360 0.874495
52361 0.878646
52362 0.857589
52363 0.742453
52364 0.873117
52365 0.594708
52366 0.84854
52367 0.754037
52368 0.733645
52369 0.881252
52370 0.676627
52371 0.730827
52372 0.61047
52373 0.795487
52374 0.748481
52375 0.686934
52376 0.675061
52377 0.899272
52378 0.703378
52379 0.694124
52380 0.735288
52381 0.677188
52382 0.818152
52383 0.720991
52384 0.81272
52385 0.941441
52386 0.637065
52387 0.731776
52388 0.551761
52389 0.720935
52390 0.779295
52391 0.835354
52392 0.778474
52393 0.780393
52394 0.878474
52395 0.953835
52396 0.895863
52397 0.69393
52398 0.751526
52399 0.763355
52400 0.74674
52401 0.623183
52402 0.785619
52403 0.705071
52404 0.662508
52405 0.740629
52406 0.794177
52407 0.618623
52408 0.767023
52409 0.806463
52410 0.69993
52411 0.656849
52412 0.859912
52413 0.567406
52414 0.802213
52415 0.666276
52416 0.832449
52417 0.926502
52418 0.479558
52419 0.7329
52420 0.661407
52421 0.722064
52422 0.69684
52423 0.507306
52424 0.902948
52425 0.86613
52426 0.896105
52427 0.864536
52428 0.960583
52429 0.866458
52430 0.685484
52431 0.790973
52432 0.74512
52433 0.74291
52434 0.843917
52435 0.803989
52436 0.670139
52437 0.740921
52438 0.899103
52439 0.701871
52440 0.739439
52441 0.751135
52442 0.859748
52443 0.967513
52444 0.850373
52445 0.873779
52446 0.847831
52447 0.916184
52448 0.676897
52449 0.793923
52450 0.793216
52451 0.606366
52452 0.634899
52453 0.71725
52454 0.904478
52455 0.755202
52456 0.685447
52457 0.839463
52458 0.926562
52459 0.825144
52460 0.743061
52461 0.547785
52462 0.676325
52463 0.762548
52464 0.785764
52465 0.856701
52466 0.756907
52467 0.821204
52468 0.732032
52469 0.734297
52470 0.733712
52471 0.834487
52472 0.867064
52473 0.837921
52474 0.723222
52475 0.658219
52476 0.626979
52477 0.5709
52478 0.806939
52479 0.806564
52480 0.674006
52481 0.7953
52482 0.938632
52483 0.74809
52484 0.76933
52485 0.690342
52486 0.736232
52487 0.804868
52488 0.783018
52489 0.520494
52490 0.640679
52491 0.876636
52492 0.815292
52493 0.719475
52494 0.710984
52495 0.851087
52496 0.687726
52497 0.78458
52498 0.866697
52499 0.588147
52500 0.66709
52501 0.788337
52502 0.721534
52503 0.797201
52504 0.770124
52505 0.756481
52506 0.833619
52507 0.739988
52508 0.716699
52509 0.755808
52510 0.741321
52511 0.807478
52512 0.96585
52513 0.867419
52514 0.86677
52515 0.776509
52516 0.794673
52517 0.682363
52518 0.684566
52519 0.765603
52520 0.706597
52521 0.736643
52522 0.627127
52523 0.662172
52524 0.752581
52525 0.778159
52526 0.691179
52527 0.714757
52528 0.864808
52529 0.608736
52530 0.827029
52531 0.765567
52532 0.65872
52533 0.701001
52534 0.808239
52535 0.715083
52536 0.811378
52537 0.846557
52538 0.689425
52539 0.720626
52540 0.83395
52541 0.764323
52542 0.61224
52543 0.574324
52544 0.73911
52545 0.828497
52546 0.737037
52547 0.648277
52548 0.786451
52549 0.676563
52550 0.77678
52551 0.873384
52552 0.919419
52553 0.87774
52554 0.840407
52555 0.96296
52556 0.767352
52557 0.802829
52558 0.733652
52559 0.72587
52560 0.727499
52561 0.948431
52562 0.72723
52563 0.763871
52564 0.821085
52565 0.778752
52566 0.840591
52567 0.744403
52568 0.73203
52569 0.797312
52570 0.688004
52571 0.90318
52572 0.817709
52573 0.678078
52574 0.831937
52575 0.787887
52576 0.743286
52577 0.785034
52578 0.828735
52579 0.785971
52580 0.801952
52581 0.785862
52582 0.910205
52583 0.819457
52584 0.844452
52585 0.689044
52586 0.599381
52587 0.703778
52588 0.746053
52589 0.795759
52590 0.770912
52591 0.734545
52592 0.742029
52593 0.791205
52594 0.612293
52595 0.658461
52596 0.75136
52597 0.676169
52598 0.804531
52599 0.668326
52600 0.659539
52601 0.562729
52602 0.818554
52603 0.822464
52604 0.759854
52605 0.795863
52606 0.759096
52607 0.79216
52608 0.664817
52609 0.709216
52610 0.836472
52611 0.656038
52612 0.757307
52613 0.869415
52614 0.573228
52615 0.695295
52616 0.759348
52617 0.801873
52618 0.685413
52619 0.705726
52620 0.771571
52621 0.690086
52622 0.740609
52623 0.799993
52624 0.742425
52625 0.836925
52626 0.794373
52627 0.828939
52628 0.751135
52629 0.747807
52630 0.940353
52631 0.799297
52632 0.824943
52633 0.64837
52634 0.653175
52635 0.619021
52636 0.728141
52637 0.550426
52638 0.784764
52639 0.766865
52640 0.655248
52641 0.654553
52642 0.863764
52643 0.659132
52644 0.732574
52645 0.749491
52646 0.737344
52647 0.727166
52648 0.735519
52649 0.674764
52650 0.852326
52651 0.749516
52652 0.742353
52653 0.870967
52654 0.815168
52655 0.974003
52656 0.857857
52657 0.786051
52658 0.83495
52659 0.845967
52660 0.757017
52661 0.856664
52662 0.794802
52663 0.675044
52664 0.810107
52665 0.776356
52666 0.742379
52667 0.841911
52668 0.743466
52669 0.828245
52670 0.793806
52671 0.805017
52672 0.870843
52673 0.835901
52674 0.844745
52675 0.679064
52676 0.66331
52677 0.762555
52678 0.812511
52679 0.781132
52680 0.64926
52681 0.620321
52682 0.705797
52683 0.684174
52684 0.880927
52685 0.783852
52686 0.838875
52687 0.750186
52688 0.723445
52689 0.806969
52690 0.692087
52691 0.745264
52692 0.537039
52693 0.7705
52694 0.768914
52695 0.672127
52696 0.838051
52697 0.928136
52698 0.800432
52699 0.767761
52700 0.793748
52701 0.833747
52702 0.897402
52703 0.767451
52704 0.832757
52705 0.860312
52706 0.711682
52707 0.746242
52708 0.707892
52709 0.828081
52710 0.925332
52711 0.915333
52712 0.729976
52713 0.702978
52714 0.925389
52715 0.8605
52716 0.783831
52717 0.836187
52718 0.778294
52719 0.796019
52720 0.875761
52721 0.891885
52722 0.929064
52723 0.918048
52724 0.916302
52725 0.784084
52726 0.920672
52727 0.820481
52728 0.73785
52729 0.696406
52730 0.810855
52731 0.689166
52732 0.70134
52733 0.736941
52734 0.821617
52735 0.913302
52736 0.811465
52737 0.913555
52738 0.759118
52739 0.779547
52740 0.654556
52741 0.652302
52742 0.713047
52743 0.74552
52744 0.948103
52745 0.83612
52746 0.697096
52747 0.653087
52748 0.751343
52749 0.608967
52750 0.799046
52751 0.626848
52752 0.756297
52753 0.632838
52754 0.851648
52755 0.710555
52756 0.556587
52757 0.937802
52758 0.711498
52759 0.855089
52760 0.709255
52761 0.680236
52762 0.765757
52763 0.906345
52764 0.855908
52765 0.862261
52766 0.750179
52767 0.657884
52768 0.626002
52769 0.757369
52770 0.711725
52771 0.618545
52772 0.587453
52773 0.962337
52774 0.954314
52775 0.702324
52776 0.858311
52777 0.677032
52778 0.740953
52779 0.658012
52780 0.805078
52781 0.779189
52782 0.797468
52783 0.707731
52784 0.905342
52785 0.700769
52786 0.807512
52787 0.779805
52788 0.670146
52789 0.553331
52790 0.645289
52791 0.794129
52792 0.836006
52793 0.824231
52794 0.863531
52795 0.898963
52796 0.905002
52797 0.707321
52798 0.633192
52799 0.463386
52800 0.545609
52801 0.789864
52802 0.668328
52803 0.801424
52804 0.722394
52805 0.773289
52806 0.632547
52807 0.870419
52808 0.752818
52809 0.617554
52810 0.625066
52811 0.733469
52812 0.704316
52813 0.623759
52814 0.786461
52815 0.666081
52816 0.838147
52817 0.745996
52818 0.71805
52819 0.80815
52820 0.709175
52821 0.844198
52822 0.647581
52823 0.806246
52824 0.727037
52825 0.757074
52826 0.672224
52827 0.836182
52828 0.756432
52829 0.801978
52830 0.642801
52831 0.839755
52832 0.851017
52833 0.623327
52834 0.686179
52835 0.706708
52836 0.716292
52837 0.780441
52838 0.737633
52839 0.878028
52840 0.851013
52841 0.817719
52842 0.82092
52843 0.868515
52844 0.89705
52845 0.939167
52846 0.983642
52847 0.628826
52848 0.737772
52849 0.735261
52850 0.49882
52851 0.861131
52852 0.815472
52853 0.777489
52854 0.769393
52855 0.701206
52856 0.58048
52857 0.776206
52858 0.632047
52859 0.84902
52860 0.968655
52861 0.883368
52862 0.819972
52863 0.749403
52864 0.637522
52865 0.752659
52866 0.892174
52867 0.637186
52868 0.745091
52869 0.859743
52870 0.8067
52871 0.900375
52872 0.925948
52873 0.71448
52874 0.921176
52875 0.882742
52876 0.697872
52877 0.526878
52878 0.642065
52879 0.920334
52880 0.921346
52881 0.966527
52882 0.806748
52883 0.838917
52884 0.833492
52885 0.949471
52886 0.945678
52887 0.835139
52888 0.81129
52889 0.773851
52890 0.894175
52891 0.82147
52892 0.815188
52893 0.650729
52894 0.85811
52895 0.679417
52896 0.865276
52897 0.889252
52898 0.929076
52899 0.912508
52900 0.932318
52901 0.672577
52902 0.95666
52903 0.869118
52904 0.893526
52905 0.891592
52906 0.731176
52907 0.737874
52908 0.854904
52909 0.668229
52910 0.791924
52911 0.882672
52912 0.89239
52913 0.820763
52914 0.659549
52915 0.847946
52916 0.964287
52917 0.927898
52918 0.711906
52919 0.969199
52920 0.702077
52921 0.64998
52922 0.725198
52923 0.647901
52924 0.760092
52925 0.687781
52926 0.624593
52927 0.632427
52928 0.706731
52929 0.681087
52930 0.729878
52931 0.704662
52932 0.672737
52933 0.599279
52934 0.742965
52935 0.796092
52936 0.803563
52937 0.821027
52938 0.681547
52939 0.759472
52940 0.654594
52941 0.68179
52942 0.854872
52943 0.61717
52944 0.799711
52945 0.767366
52946 0.847116
52947 0.680412
52948 0.749385
52949 0.78162
52950 0.636819
52951 0.696236
52952 0.711423
52953 0.74674
52954 0.648651
52955 0.739873
52956 0.876509
52957 0.787992
52958 0.698245
52959 0.753894
52960 0.705192
52961 0.753429
52962 0.785931
52963 0.858627
52964 0.65875
52965 0.811498
52966 0.980779
52967 0.789554
52968 0.846638
52969 0.760966
52970 0.9832
52971 0.759962
52972 0.670611
52973 0.595559
52974 0.873113
52975 0.840003
52976 0.835632
52977 0.687018
52978 0.847642
52979 0.611198
52980 0.79058
52981 0.592994
52982 0.817704
52983 0.664277
52984 0.738418
52985 0.755816
52986 0.759858
52987 0.617861
52988 0.680931
52989 0.590105
52990 0.724079
52991 0.791175
52992 0.629369
52993 0.628139
52994 0.76904
52995 0.511302
52996 0.795134
52997 0.849969
52998 0.813025
52999 0.805241
53000 0.394031
53001 0.79474
53002 0.777304
53003 0.67057
53004 0.739364
53005 0.888481
53006 0.852972
53007 0.760106
53008 0.733498
53009 0.796932
53010 0.814746
53011 0.868164
53012 0.837795
53013 0.750775
53014 0.489562
53015 0.65928
53016 0.86722
53017 0.868938
53018 0.535024
53019 0.801942
53020 0.807885
53021 0.839376
53022 0.559695
53023 0.813362
53024 0.749732
53025 0.911279
53026 0.75068
53027 0.712194
53028 0.717245
53029 0.736263
53030 0.704785
53031 0.635381
53032 0.672619
53033 0.826654
53034 0.73068
53035 0.969467
53036 0.984497
53037 0.943393
53038 0.667622
53039 0.900329
53040 0.777447
53041 0.762407
53042 0.54925
53043 0.753232
53044 0.769374
53045 0.859302
53046 0.805167
53047 0.75724
53048 0.718765
53049 0.743311
53050 0.860615
53051 0.874179
53052 0.905859
53053 0.749348
53054 0.730469
53055 0.765379
53056 0.830661
53057 0.856334
53058 0.750858
53059 0.881039
53060 0.939714
53061 0.936016
53062 0.847233
53063 0.697729
53064 0.853662
53065 0.676361
53066 0.976477
53067 0.968713
53068 0.787095
53069 0.729325
53070 0.720035
53071 0.980291
53072 0.764543
53073 0.77608
53074 0.689053
53075 0.807005
53076 0.82864
53077 0.822758
53078 0.742897
53079 0.565549
53080 0.530043
53081 0.760836
53082 0.687844
53083 0.914738
53084 0.625343
53085 0.582132
53086 0.665555
53087 0.767498
53088 0.849122
53089 0.789967
53090 0.783105
53091 0.79631
53092 0.692899
53093 0.788156
53094 0.752207
53095 0.85406
53096 0.642158
53097 0.802101
53098 0.849741
53099 0.735705
53100 0.638742
53101 0.691968
53102 0.689795
53103 0.606348
53104 0.790762
53105 0.619884
53106 0.83797
53107 0.875239
53108 0.781779
53109 0.703665
53110 0.876206
53111 0.831139
53112 0.680509
53113 0.659766
53114 0.888196
53115 0.770522
53116 0.615998
53117 0.737488
53118 0.717696
53119 0.742807
53120 0.788789
53121 0.711378
53122 0.718268
53123 0.684756
53124 0.793662
53125 0.827138
53126 0.774577
53127 0.785275
53128 0.699524
53129 0.682707
53130 0.944255
53131 0.887752
53132 0.926822
53133 0.738755
53134 0.921062
53135 0.753014
53136 0.85479
53137 0.867498
53138 0.787607
53139 0.677577
53140 0.569779
53141 0.783567
53142 0.862403
53143 0.820006
53144 0.829514
53145 0.626684
53146 0.767754
53147 0.839175
53148 0.806928
53149 0.782158
53150 0.870854
53151 0.652061
53152 0.78032
53153 0.779117
53154 0.530917
53155 0.59866
53156 0.61071
53157 0.859756
53158 0.812511
53159 0.639811
53160 0.759594
53161 0.670797
53162 0.496666
53163 0.781454
53164 0.862822
53165 0.859283
53166 0.642815
53167 0.728979
53168 0.780103
53169 0.725392
53170 0.798251
53171 0.867089
53172 0.776196
53173 0.805944
53174 0.944585
53175 0.900211
53176 0.761015
53177 0.78813
53178 0.950972
53179 0.883305
53180 0.882332
53181 0.772268
53182 0.876592
53183 0.895058
53184 0.783352
53185 0.758811
53186 0.907228
53187 0.958357
53188 0.957344
53189 0.75536
53190 0.779048
53191 0.701741
53192 0.766517
53193 0.891161
53194 0.880052
53195 0.939348
53196 0.749186
53197 0.551989
53198 0.891714
53199 0.768632
53200 0.858495
53201 0.830576
53202 0.827855
53203 0.761315
53204 0.800307
53205 0.711856
53206 0.701851
53207 0.80514
53208 0.5914
53209 0.906374
53210 0.724454
53211 0.811758
53212 0.791077
53213 0.93659
53214 0.693018
53215 0.850962
53216 0.814495
53217 0.885145
53218 0.847528
53219 0.853431
53220 0.752605
53221 0.754127
53222 0.820329
53223 0.65864
53224 0.785654
53225 0.770004
53226 0.836511
53227 0.728174
53228 0.916309
53229 0.710644
53230 0.612635
53231 0.82357
53232 0.715842
53233 0.83451
53234 0.703803
53235 0.721858
53236 0.886638
53237 0.725282
53238 0.752074
53239 0.79932
53240 0.681314
53241 0.6935
53242 0.905686
53243 0.912633
53244 0.793086
53245 0.926167
53246 0.955348
53247 0.835391
53248 0.863768
53249 0.941292
53250 0.7648
53251 0.86531
53252 0.966664
53253 0.822409
53254 0.800855
53255 0.428941
53256 0.768548
53257 0.559191
53258 0.653211
53259 0.848366
53260 0.580841
53261 0.633433
53262 0.609588
53263 0.561452
53264 0.648716
53265 0.969277
53266 0.71184
53267 0.634545
53268 0.693067
53269 0.931676
53270 0.581489
53271 0.560335
53272 0.592985
53273 0.622235
53274 0.811443
53275 0.741898
53276 0.718655
53277 0.918166
53278 0.739225
53279 0.95493
53280 0.892005
53281 0.766692
53282 0.831422
53283 0.77288
53284 0.695899
53285 0.726254
53286 0.909095
53287 0.745183
53288 0.854818
53289 0.742216
53290 0.734455
53291 0.917873
53292 0.77629
53293 0.748694
53294 0.764685
53295 0.788107
53296 0.891527
53297 0.832898
53298 0.781598
53299 0.896352
53300 0.950652
53301 0.80945
53302 0.820353
53303 0.784393
53304 0.74588
53305 0.781713
53306 0.82287
53307 0.938526
53308 0.850306
53309 0.829888
53310 0.945977
53311 0.881365
53312 0.799977
53313 0.933871
53314 0.59064
53315 0.914102
53316 0.770673
53317 0.948179
53318 0.84039
53319 0.881334
53320 0.856125
53321 0.761827
53322 0.936564
53323 0.962828
53324 0.722212
53325 0.579904
53326 0.818513
53327 0.630807
53328 0.864804
53329 0.712309
53330 0.722355
53331 0.755821
53332 0.654081
53333 0.665263
53334 0.744004
53335 0.779227
53336 0.661329
53337 0.787859
53338 0.638697
53339 0.77716
53340 0.853218
53341 0.663964
53342 0.774162
53343 0.673652
53344 0.641489
53345 0.660107
53346 0.876092
53347 0.80492
53348 0.73659
53349 0.633247
53350 0.847582
53351 0.90261
53352 0.812761
53353 0.672147
53354 0.798259
53355 0.811783
53356 0.656093
53357 0.710299
53358 0.58873
53359 0.624762
53360 0.632077
53361 0.81591
53362 0.601055
53363 0.850653
53364 0.674469
53365 0.721457
53366 0.826618
53367 0.790989
53368 0.881203
53369 0.781602
53370 0.807579
53371 0.886352
53372 0.81135
53373 0.751964
53374 0.741473
53375 0.814307
53376 0.873093
53377 0.836657
53378 0.850446
53379 0.781608
53380 0.818324
53381 0.613976
53382 0.804867
53383 0.575229
53384 0.663447
53385 0.769248
53386 0.73752
53387 0.903152
53388 0.554691
53389 0.715506
53390 0.886825
53391 0.674095
53392 0.554512
53393 0.451232
53394 0.706893
53395 0.663504
53396 0.830007
53397 0.939101
53398 0.857756
53399 0.83778
53400 0.92024
53401 0.839594
53402 0.857134
53403 0.626697
53404 0.698328
53405 0.64382
53406 0.783999
53407 0.765974
53408 0.78522
53409 0.616051
53410 0.662766
53411 0.655007
53412 0.881586
53413 0.70636
53414 0.788275
53415 0.650118
53416 0.816196
53417 0.713648
53418 0.538394
53419 0.710549
53420 0.630073
53421 0.75267
53422 0.800727
53423 0.837988
53424 0.657613
53425 0.789605
53426 0.782533
53427 0.721998
53428 0.613393
53429 0.673048
53430 0.673914
53431 0.637321
53432 0.668311
53433 0.730316
53434 0.769833
53435 0.776349
53436 0.783303
53437 0.95402
53438 0.697515
53439 0.690709
53440 0.708766
53441 0.726165
53442 0.770348
53443 0.908688
53444 0.709592
53445 0.73118
53446 0.872115
53447 0.687137
53448 0.756437
53449 0.728997
53450 0.723466
53451 0.622183
53452 0.747453
53453 0.785223
53454 0.681511
53455 0.737771
53456 0.743877
53457 0.613158
53458 0.768932
53459 0.728069
53460 0.785454
53461 0.781822
53462 0.761361
53463 0.629531
53464 0.722939
53465 0.738449
53466 0.736794
53467 0.680389
53468 0.602373
53469 0.697241
53470 0.642914
53471 0.90508
53472 0.779455
53473 0.863088
53474 0.858546
53475 0.931126
53476 0.840205
53477 0.884879
53478 0.826856
53479 0.540422
53480 0.839293
53481 0.861681
53482 0.602167
53483 0.749576
53484 0.844158
53485 0.973075
53486 0.798135
53487 0.902101
53488 0.791439
53489 0.814019
53490 0.701601
53491 0.864261
53492 0.926854
53493 0.736407
53494 0.729246
53495 0.914235
53496 0.798956
53497 0.795905
53498 0.573544
53499 0.649492
53500 0.763146
53501 0.767629
53502 0.678509
53503 0.806232
53504 0.623033
53505 0.705748
53506 0.610657
53507 0.696552
53508 0.652477
53509 0.735055
53510 0.676497
53511 0.878743
53512 0.775805
53513 0.707128
53514 0.868015
53515 0.711685
53516 0.821191
53517 0.843608
53518 0.664456
53519 0.689101
53520 0.759968
53521 0.70995
53522 0.79262
53523 0.662241
53524 0.676608
53525 0.817422
53526 0.669705
53527 0.816394
53528 0.731418
53529 0.717106
53530 0.61596
53531 0.778563
53532 0.925801
53533 0.652689
53534 0.846414
53535 0.792843
53536 0.744574
53537 0.708684
53538 0.730754
53539 0.719256
53540 0.791195
53541 0.807655
53542 0.791099
53543 0.902343
53544 0.700683
53545 0.804967
53546 0.649028
53547 0.780576
53548 0.832697
53549 0.771757
53550 0.642604
53551 0.770404
53552 0.67003
53553 0.727564
53554 0.682641
53555 0.869852
53556 0.671241
53557 0.64096
53558 0.823652
53559 0.820654
53560 0.700999
53561 0.745242
53562 0.830893
53563 0.653841
53564 0.780282
53565 0.655315
53566 0.799424
53567 0.785601
53568 0.84708
53569 0.820325
53570 0.739618
53571 0.779666
53572 0.780744
53573 0.659482
53574 0.655571
53575 0.551506
53576 0.653033
53577 0.653744
53578 0.695963
53579 0.604348
53580 0.821465
53581 0.743018
53582 0.736469
53583 0.752978
53584 0.623941
53585 0.681704
53586 0.646569
53587 0.780917
53588 0.742134
53589 0.888753
53590 0.865603
53591 0.695331
53592 0.76089
53593 0.959469
53594 0.791772
53595 0.749556
53596 0.824793
53597 0.898464
53598 0.780209
53599 0.688647
53600 0.656929
53601 0.766533
53602 0.775882
53603 0.71362
53604 0.764509
53605 0.705367
53606 0.724724
53607 0.758503
53608 0.789951
53609 0.839475
53610 0.958236
53611 0.542317
53612 0.667808
53613 0.637123
53614 0.651413
53615 0.650274
53616 0.770128
53617 0.987099
53618 0.779784
53619 0.929465
53620 0.807682
53621 0.712934
53622 0.910303
53623 0.668818
53624 0.812829
53625 0.866906
53626 0.745181
53627 0.70976
53628 0.946192
53629 0.682093
53630 0.962977
53631 0.879486
53632 0.771544
53633 0.853964
53634 0.912168
53635 0.757221
53636 0.665716
53637 0.859233
53638 0.717434
53639 0.823897
53640 0.667824
53641 0.686958
53642 0.867387
53643 0.890186
53644 0.813754
53645 0.87931
53646 0.543667
53647 0.844758
53648 0.898646
53649 0.712005
53650 0.781291
53651 0.864258
53652 0.882134
53653 0.865738
53654 0.770402
53655 0.762426
53656 0.801277
53657 0.805079
53658 0.775052
53659 0.698672
53660 0.895984
53661 0.723074
53662 0.587155
53663 0.745542
53664 0.903619
53665 0.654201
53666 0.631132
53667 0.674038
53668 0.821629
53669 0.674867
53670 0.62567
53671 0.604537
53672 0.697006
53673 0.831322
53674 0.814747
53675 0.744595
53676 0.782573
53677 0.780372
53678 0.689143
53679 0.634567
53680 0.863188
53681 0.656728
53682 0.88263
53683 0.968906
53684 0.818393
53685 0.873449
53686 0.81665
53687 0.74555
53688 0.833071
53689 0.828085
53690 0.834656
53691 0.809811
53692 0.781313
53693 0.802751
53694 0.803555
53695 0.889917
53696 0.75182
53697 0.835862
53698 0.808037
53699 0.880756
53700 0.642076
53701 0.701372
53702 0.640916
53703 0.917376
53704 0.864595
53705 0.752373
53706 0.636842
53707 0.800386
53708 0.650406
53709 0.766452
53710 0.737137
53711 0.806649
53712 0.660573
53713 0.821985
53714 0.79942
53715 0.806752
53716 0.685286
53717 0.659894
53718 0.883084
53719 0.74723
53720 0.610441
53721 0.906297
53722 0.694758
53723 0.924456
53724 0.68345
53725 0.856739
53726 0.854829
53727 0.691843
53728 0.903722
53729 0.825196
53730 0.867963
53731 0.629215
53732 0.660125
53733 0.930395
53734 0.510794
53735 0.912489
53736 0.904506
53737 0.667517
53738 0.563046
53739 0.880027
53740 0.759634
53741 0.565227
53742 0.719607
53743 0.693503
53744 0.66453
53745 0.77272
53746 0.722434
53747 0.792365
53748 0.943177
53749 0.813714
53750 0.691973
53751 0.79425
53752 0.715588
53753 0.898146
53754 0.395044
53755 0.627087
53756 0.43316
53757 0.943805
53758 0.81976
53759 0.73372
53760 0.801298
53761 0.779108
53762 0.879165
53763 0.892858
53764 0.7909
53765 0.805559
53766 0.790302
53767 0.647956
53768 0.724696
53769 0.746993
53770 0.766539
53771 0.742736
53772 0.769361
53773 0.79301
53774 0.779953
53775 0.716059
53776 0.73984
53777 0.738269
53778 0.75231
53779 0.672253
53780 0.764213
53781 0.616956
53782 0.840808
53783 0.665476
53784 0.783085
53785 0.917227
53786 0.622347
53787 0.645664
53788 0.577142
53789 0.680905
53790 0.625956
53791 0.637339
53792 0.670976
53793 0.675084
53794 0.680228
53795 0.859282
53796 0.645176
53797 0.769942
53798 0.73474
53799 0.950934
53800 0.727178
53801 0.823917
53802 0.777302
53803 0.828075
53804 0.652903
53805 0.720741
53806 0.923303
53807 0.708116
53808 0.756713
53809 0.537817
53810 0.700143
53811 0.78911
53812 0.769704
53813 0.701619
53814 0.616041
53815 0.916898
53816 0.673073
53817 0.569366
53818 0.869693
53819 0.550213
53820 0.703328
53821 0.766876
53822 0.830716
53823 0.770753
53824 0.753207
53825 0.936461
53826 0.965981
53827 0.687862
53828 0.808615
53829 0.791638
53830 0.74848
53831 0.663261
53832 0.823963
53833 0.606373
53834 0.627423
53835 0.879881
53836 0.740961
53837 0.688314
53838 0.972761
53839 0.807897
53840 0.733741
53841 0.845603
53842 0.772962
53843 0.976693
53844 0.820841
53845 0.7881
53846 0.867349
53847 0.716818
53848 0.821392
53849 0.804782
53850 0.647456
53851 0.789626
53852 0.87352
53853 0.681775
53854 0.75131
53855 0.727667
53856 0.761154
53857 0.783459
53858 0.724265
53859 0.591395
53860 0.64256
53861 0.756018
53862 0.88109
53863 0.909798
53864 0.949528
53865 0.737532
53866 0.911199
53867 0.91089
53868 0.803786
53869 0.663319
53870 0.683626
53871 0.435072
53872 0.887128
53873 0.68332
53874 0.858714
53875 0.7097
53876 0.760275
53877 0.887226
53878 0.59565
53879 0.730693
53880 0.843684
53881 0.583017
53882 0.948375
53883 0.843257
53884 0.837869
53885 0.561851
53886 0.899075
53887 0.715655
53888 0.551523
53889 0.743437
53890 0.595229
53891 0.780114
53892 0.897731
53893 0.740101
53894 0.831804
53895 0.933664
53896 0.710958
53897 0.876369
53898 0.753931
53899 0.884064
53900 0.530101
53901 0.831104
53902 0.805055
53903 0.789267
53904 0.865955
53905 0.712404
53906 0.819556
53907 0.878809
53908 0.776307
53909 0.729925
53910 0.546872
53911 0.639314
53912 0.71315
53913 0.69501
53914 0.638333
53915 0.631587
53916 0.932562
53917 0.819054
53918 0.770494
53919 0.774717
53920 0.688983
53921 0.756777
53922 0.639797
53923 0.92152
53924 0.781982
53925 0.736318
53926 0.691529
53927 0.895437
53928 0.900256
53929 0.789761
53930 0.668316
53931 0.733352
53932 0.912496
53933 0.704274
53934 0.762162
53935 0.655993
53936 0.676292
53937 0.691633
53938 0.711799
53939 0.680244
53940 0.735294
53941 0.726573
53942 0.949916
53943 0.982129
53944 0.736045
53945 0.946933
53946 0.759627
53947 0.91403
53948 0.889106
53949 0.627761
53950 0.807659
53951 0.693227
53952 0.755178
53953 0.592463
53954 0.677572
53955 0.780204
53956 0.494307
53957 0.509687
53958 0.585108
53959 0.549423
53960 0.838004
53961 0.641039
53962 0.812745
53963 0.841418
53964 0.780261
53965 0.659155
53966 0.720579
53967 0.820697
53968 0.848678
53969 0.798254
53970 0.850853
53971 0.71382
53972 0.81942
53973 0.811036
53974 0.665314
53975 0.759752
53976 0.8491
53977 0.842267
53978 0.811743
53979 0.662842
53980 0.507468
53981 0.481221
53982 0.733292
53983 0.693555
53984 0.70131
53985 0.894471
53986 0.664805
53987 0.722433
53988 0.701865
53989 0.749819
53990 0.886265
53991 0.923097
53992 0.868566
53993 0.623641
53994 0.734235
53995 0.925604
53996 0.804348
53997 0.928454
53998 0.893632
53999 0.908809
54000 0.808817
54001 0.908025
54002 0.680454
54003 0.805516
54004 0.781045
54005 0.681449
54006 0.749517
54007 0.727889
54008 0.661407
54009 0.847427
54010 0.648465
54011 0.654249
54012 0.849371
54013 0.641753
54014 0.868024
54015 0.810842
54016 0.635888
54017 0.726294
54018 0.740137
54019 0.921073
54020 0.862235
54021 0.841155
54022 0.758347
54023 0.682475
54024 0.925917
54025 0.945924
54026 0.800049
54027 0.819963
54028 0.825834
54029 0.966411
54030 0.747857
54031 0.837692
54032 0.726457
54033 0.772817
54034 0.843691
54035 0.66889
54036 0.803612
54037 0.716992
54038 0.709987
54039 0.501376
54040 0.714942
54041 0.825145
54042 0.894791
54043 0.9539
54044 0.793008
54045 0.665542
54046 0.773312
54047 0.880311
54048 0.712683
54049 0.699339
54050 0.777872
54051 0.680149
54052 0.740412
54053 0.755328
54054 0.625228
54055 0.775189
54056 0.643694
54057 0.654127
54058 0.654023
54059 0.500927
54060 0.557236
54061 0.935159
54062 0.832324
54063 0.904799
54064 0.945561
54065 0.611579
54066 0.751268
54067 0.800757
54068 0.737912
54069 0.661214
54070 0.774179
54071 0.673157
54072 0.607317
54073 0.846327
54074 0.592602
54075 0.694725
54076 0.770136
54077 0.644787
54078 0.638656
54079 0.947673
54080 0.916005
54081 0.824525
54082 0.684922
54083 0.680186
54084 0.793813
54085 0.782862
54086 0.726973
54087 0.732819
54088 0.668126
54089 0.664432
54090 0.777718
54091 0.95026
54092 0.606733
54093 0.781894
54094 0.809635
54095 0.744925
54096 0.927218
54097 0.872808
54098 0.79512
54099 0.668627
54100 0.708502
54101 0.671084
54102 0.892053
54103 0.77626
54104 0.584849
54105 0.631049
54106 0.835527
54107 0.746846
54108 0.719586
54109 0.760544
54110 0.694416
54111 0.776699
54112 0.752278
54113 0.761153
54114 0.710114
54115 0.72555
54116 0.85777
54117 0.79783
54118 0.68258
54119 0.719467
54120 0.645789
54121 0.886683
54122 0.624668
54123 0.866739
54124 0.667147
54125 0.875054
54126 0.771845
54127 0.764358
54128 0.709036
54129 0.862068
54130 0.680343
54131 0.639481
54132 0.651198
54133 0.832112
54134 0.820962
54135 0.80003
54136 0.851832
54137 0.706851
54138 0.736728
54139 0.626489
54140 0.673896
54141 0.781167
54142 0.876443
54143 0.629123
54144 0.804317
54145 0.676942
54146 0.57781
54147 0.758886
54148 0.661508
54149 0.640193
54150 0.940091
54151 0.610444
54152 0.807214
54153 0.709157
54154 0.734664
54155 0.759332
54156 0.624412
54157 0.819649
54158 0.593728
54159 0.864712
54160 0.745409
54161 0.860628
54162 0.796847
54163 0.763202
54164 0.789449
54165 0.792676
54166 0.721647
54167 0.638575
54168 0.899073
54169 0.796068
54170 0.65705
54171 0.834338
54172 0.793922
54173 0.700135
54174 0.665785
54175 0.794206
54176 0.695305
54177 0.705715
54178 0.771351
54179 0.73958
54180 0.70616
54181 0.755714
54182 0.669103
54183 0.776256
54184 0.804124
54185 0.655426
54186 0.794686
54187 0.67382
54188 0.795163
54189 0.809941
54190 0.638161
54191 0.849004
54192 0.85831
54193 0.842164
54194 0.789983
54195 0.840814
54196 0.810192
54197 0.81525
54198 0.764937
54199 0.742915
54200 0.698193
54201 0.849441
54202 0.668701
54203 0.845145
54204 0.907338
54205 0.74204
54206 0.917497
54207 0.830482
54208 0.69477
54209 0.584313
54210 0.81156
54211 0.619324
54212 0.66024
54213 0.810547
54214 0.685131
54215 0.607751
54216 0.870507
54217 0.871371
54218 0.712203
54219 0.531263
54220 0.73296
54221 0.766851
54222 0.807998
54223 0.756404
54224 0.860591
54225 0.534165
54226 0.624489
54227 0.795189
54228 0.838693
54229 0.795272
54230 0.73922
54231 0.620699
54232 0.759282
54233 0.741752
54234 0.768953
54235 0.60796
54236 0.653116
54237 0.720367
54238 0.777954
54239 0.831566
54240 0.612329
54241 0.731224
54242 0.717088
54243 0.650132
54244 0.641989
54245 0.660023
54246 0.638076
54247 0.687001
54248 0.661115
54249 0.675173
54250 0.62833
54251 0.613523
54252 0.607439
54253 0.812734
54254 0.539912
54255 0.82873
54256 0.794024
54257 0.59913
54258 0.775537
54259 0.587155
54260 0.547171
54261 0.736569
54262 0.952964
54263 0.650726
54264 0.700164
54265 0.702608
54266 0.669051
54267 0.507264
54268 0.58551
54269 0.796174
54270 0.788158
54271 0.780916
54272 0.808746
54273 0.707733
54274 0.60831
54275 0.580688
54276 0.748777
54277 0.526017
54278 0.710962
54279 0.626821
54280 0.708917
54281 0.663536
54282 0.748255
54283 0.777045
54284 0.750168
54285 0.751212
54286 0.686059
54287 0.762941
54288 0.794335
54289 0.799839
54290 0.728671
54291 0.765095
54292 0.705104
54293 0.719723
54294 0.687067
54295 0.857648
54296 0.600426
54297 0.471161
54298 0.74432
54299 0.808286
54300 0.54238
54301 0.518883
54302 0.734557
54303 0.819469
54304 0.699307
54305 0.808441
54306 0.770971
54307 0.653045
54308 0.616682
54309 0.633965
54310 0.618086
54311 0.702631
54312 0.755031
54313 0.866816
54314 0.766042
54315 0.773957
54316 0.751548
54317 0.934895
54318 0.946729
54319 0.927625
54320 0.900996
54321 0.607655
54322 0.623464
54323 0.940193
54324 0.833602
54325 0.721564
54326 0.757941
54327 0.664594
54328 0.808684
54329 0.836637
54330 0.639724
54331 0.892031
54332 0.927579
54333 0.896984
54334 0.949971
54335 0.704842
54336 0.970352
54337 0.737875
54338 0.910365
54339 0.820971
54340 0.966476
54341 0.727743
54342 0.883298
54343 0.95091
54344 0.942426
54345 0.757904
54346 0.688098
54347 0.650257
54348 0.770553
54349 0.560291
54350 0.747916
54351 0.71079
54352 0.588229
54353 0.884178
54354 0.849436
54355 0.769453
54356 0.934173
54357 0.602832
54358 0.861644
54359 0.817053
54360 0.620604
54361 0.908191
54362 0.90894
54363 0.567212
54364 0.628543
54365 0.776285
54366 0.74407
54367 0.825412
54368 0.83637
54369 0.671641
54370 0.817504
54371 0.769748
54372 0.670117
54373 0.807188
54374 0.85734
54375 0.770289
54376 0.730004
54377 0.671989
54378 0.82778
54379 0.646897
54380 0.977292
54381 0.7959
54382 0.836726
54383 0.696689
54384 0.75058
54385 0.841814
54386 0.975922
54387 0.615909
54388 0.820023
54389 0.768153
54390 0.98437
54391 0.928601
54392 0.799311
54393 0.759035
54394 0.887178
54395 0.93526
54396 0.578205
54397 0.881798
54398 0.795044
54399 0.838344
54400 0.96016
54401 0.95079
54402 0.608465
54403 0.82644
54404 0.557105
54405 0.704833
54406 0.776647
54407 0.711054
54408 0.683957
54409 0.820695
54410 0.810595
54411 0.753153
54412 0.729461
54413 0.698289
54414 0.710327
54415 0.846379
54416 0.818814
54417 0.833049
54418 0.851349
54419 0.71098
54420 0.810674
54421 0.89258
54422 0.89253
54423 0.736537
54424 0.704486
54425 0.696258
54426 0.718254
54427 0.857863
54428 0.719593
54429 0.727985
54430 0.809638
54431 0.761167
54432 0.753552
54433 0.713373
54434 0.850233
54435 0.567205
54436 0.781389
54437 0.732409
54438 0.791147
54439 0.756829
54440 0.711559
54441 0.718596
54442 0.755043
54443 0.677392
54444 0.709475
54445 0.907803
54446 0.930688
54447 0.607479
54448 0.903185
54449 0.831467
54450 0.630178
54451 0.733238
54452 0.812968
54453 0.569505
54454 0.477074
54455 0.65912
54456 0.880997
54457 0.886855
54458 0.686539
54459 0.75904
54460 0.766728
54461 0.837407
54462 0.934059
54463 0.855464
54464 0.874628
54465 0.777436
54466 0.913576
54467 0.728413
54468 0.55193
54469 0.629909
54470 0.67685
54471 0.69035
54472 0.592342
54473 0.705196
54474 0.874858
54475 0.89691
54476 0.782837
54477 0.786848
54478 0.894684
54479 0.761815
54480 0.758911
54481 0.752528
54482 0.721489
54483 0.732728
54484 0.719074
54485 0.945494
54486 0.585332
54487 0.88465
54488 0.580931
54489 0.838946
54490 0.830942
54491 0.606915
54492 0.614977
54493 0.805881
54494 0.741
54495 0.780026
54496 0.776518
54497 0.796434
54498 0.935495
54499 0.78072
54500 0.901122
54501 0.778234
54502 0.908773
54503 0.744611
54504 0.667149
54505 0.769797
54506 0.933308
54507 0.78679
54508 0.747464
54509 0.772344
54510 0.801008
54511 0.752106
54512 0.784711
54513 0.776123
54514 0.936114
54515 0.766232
54516 0.613345
54517 0.852168
54518 0.707251
54519 0.645611
54520 0.719516
54521 0.732142
54522 0.846079
54523 0.601075
54524 0.71151
54525 0.771075
54526 0.757295
54527 0.720484
54528 0.850176
54529 0.741151
54530 0.959823
54531 0.538893
54532 0.96677
54533 0.804887
54534 0.927102
54535 0.820129
54536 0.686756
54537 0.859255
54538 0.710785
54539 0.703555
54540 0.712127
54541 0.791616
54542 0.889937
54543 0.881711
54544 0.776857
54545 0.942399
54546 0.727851
54547 0.794363
54548 0.735288
54549 0.801
54550 0.696025
54551 0.673882
54552 0.854577
54553 0.966583
54554 0.85889
54555 0.804242
54556 0.838923
54557 0.543291
54558 0.64173
54559 0.767413
54560 0.722411
54561 0.66384
54562 0.826949
54563 0.833134
54564 0.742768
54565 0.851237
54566 0.808079
54567 0.89432
54568 0.822215
54569 0.738838
54570 0.603798
54571 0.61459
54572 0.702391
54573 0.773022
54574 0.835375
54575 0.779629
54576 0.681439
54577 0.786348
54578 0.700706
54579 0.71452
54580 0.781396
54581 0.739332
54582 0.753096
54583 0.904864
54584 0.873777
54585 0.87206
54586 0.69409
54587 0.735218
54588 0.719532
54589 0.695918
54590 0.694622
54591 0.703164
54592 0.738911
54593 0.864406
54594 0.731199
54595 0.942444
54596 0.748163
54597 0.743237
54598 0.789968
54599 0.891521
54600 0.761148
54601 0.849076
54602 0.862317
54603 0.989293
54604 0.967362
54605 0.790018
54606 0.913906
54607 0.828317
54608 0.732884
54609 0.609614
54610 0.633304
54611 0.722482
54612 0.647934
54613 0.845512
54614 0.678462
54615 0.789078
54616 0.74721
54617 0.903261
54618 0.755213
54619 0.903681
54620 0.742661
54621 0.699701
54622 0.648811
54623 0.729994
54624 0.813777
54625 0.917153
54626 0.932599
54627 0.834512
54628 0.8936
54629 0.798804
54630 0.767433
54631 0.645419
54632 0.649994
54633 0.743004
54634 0.859825
54635 0.949382
54636 0.708508
54637 0.974699
54638 0.968784
54639 0.777973
54640 0.738909
54641 0.85312
54642 0.747671
54643 0.81882
54644 0.916349
54645 0.830995
54646 0.948009
54647 0.788331
54648 0.614482
54649 0.578301
54650 0.771167
54651 0.603926
54652 0.697867
54653 0.620444
54654 0.667867
54655 0.781629
54656 0.754531
54657 0.776113
54658 0.765665
54659 0.752411
54660 0.875335
54661 0.867326
54662 0.927215
54663 0.595313
54664 0.772363
54665 0.61019
54666 0.726534
54667 0.682805
54668 0.745779
54669 0.721849
54670 0.685374
54671 0.679377
54672 0.948464
54673 0.726998
54674 0.953441
54675 0.675432
54676 0.72191
54677 0.713179
54678 0.793734
54679 0.681755
54680 0.936975
54681 0.695581
54682 0.663322
54683 0.904124
54684 0.833773
54685 0.775318
54686 0.774308
54687 0.967328
54688 0.892704
54689 0.774632
54690 0.651946
54691 0.81399
54692 0.918878
54693 0.624439
54694 0.693109
54695 0.724428
54696 0.756467
54697 0.801932
54698 0.66425
54699 0.617494
54700 0.757453
54701 0.699134
54702 0.536197
54703 0.60002
54704 0.637091
54705 0.7094
54706 0.833613
54707 0.744696
54708 0.839259
54709 0.676269
54710 0.881168
54711 0.918609
54712 0.931421
54713 0.83503
54714 0.924236
54715 0.832533
54716 0.670142
54717 0.619318
54718 0.790599
54719 0.928129
54720 0.902412
54721 0.601411
54722 0.796703
54723 0.782751
54724 0.771977
54725 0.845149
54726 0.69016
54727 0.830637
54728 0.752715
54729 0.786617
54730 0.823079
54731 0.669918
54732 0.837913
54733 0.809748
54734 0.618509
54735 0.626661
54736 0.822457
54737 0.746914
54738 0.796846
54739 0.707283
54740 0.859093
54741 0.810571
54742 0.959077
54743 0.776451
54744 0.864
54745 0.714543
54746 0.799916
54747 0.819406
54748 0.857103
54749 0.61807
54750 0.92291
54751 0.774088
54752 0.705993
54753 0.716833
54754 0.883643
54755 0.673212
54756 0.751871
54757 0.898741
54758 0.788178
54759 0.775033
54760 0.9458
54761 0.819537
54762 0.750553
54763 0.811523
54764 0.591776
54765 0.585216
54766 0.682172
54767 0.768517
54768 0.601852
54769 0.562157
54770 0.751908
54771 0.682256
54772 0.626923
54773 0.807569
54774 0.72723
54775 0.735335
54776 0.648308
54777 0.889932
54778 0.902172
54779 0.83063
54780 0.833967
54781 0.917303
54782 0.912346
54783 0.95144
54784 0.869096
54785 0.888902
54786 0.928136
54787 0.896011
54788 0.834244
54789 0.85236
54790 0.707568
54791 0.845492
54792 0.675677
54793 0.847032
54794 0.934864
54795 0.851718
54796 0.935597
54797 0.872018
54798 0.697019
54799 0.969766
54800 0.814053
54801 0.926455
54802 0.732872
54803 0.655715
54804 0.536823
54805 0.833451
54806 0.778724
54807 0.669066
54808 0.779592
54809 0.852469
54810 0.740033
54811 0.728454
54812 0.735209
54813 0.899612
54814 0.805243
54815 0.802499
54816 0.749467
54817 0.732829
54818 0.846175
54819 0.723818
54820 0.75738
54821 0.894095
54822 0.738054
54823 0.904682
54824 0.839356
54825 0.921026
54826 0.712871
54827 0.695713
54828 0.835314
54829 0.69311
54830 0.715228
54831 0.94151
54832 0.86659
54833 0.794341
54834 0.708067
54835 0.86361
54836 0.922758
54837 0.72398
54838 0.80651
54839 0.778148
54840 0.612011
54841 0.757465
54842 0.878501
54843 0.762261
54844 0.756909
